sqlite_table,sqlite_concept_or_column,disposition,postgres_destination,semantic_transformation_required,lossless,unresolved_issue,source_table_row_count,source_ordinal,forensic_destination,forensic_encoding
assertion_input,TABLE,EXTEND,wa_science.assertion_input,Exactly one typed input; lineage not scope transfer.,YES for pinned source; original typed archive required,No loss blocker; unresolved support/unit/time/custody must remain explicitly unresolved.,0,,wa_meta.legacy_row,Preserved source file/schema/manifest
assertion_input,assertion_id,EXTEND,wa_science.assertion_input.assertion_id,Resolve stable deterministic typed identity through exact source key; retain original integer/text ID in forensic row. Do not derive simulation random keys from replacement UUID.,"YES, including raw typed source row",No loss blocker; unresolved support/unit/time/custody must remain explicitly unresolved.,0,0,"wa_meta.legacy_row(snapshot_id,table_name=assertion_input,source_key).original_columns.assertion_id",LEGACY_ROW_TAGGED_JSON_V1: exact original storage class/lexeme/bytes/ordinal
assertion_input,input_assertion_id,EXTEND,wa_science.assertion_input.input_assertion_id,Resolve stable deterministic typed identity through exact source key; retain original integer/text ID in forensic row. Do not derive simulation random keys from replacement UUID.,"YES, including raw typed source row",No loss blocker; unresolved support/unit/time/custody must remain explicitly unresolved.,0,1,"wa_meta.legacy_row(snapshot_id,table_name=assertion_input,source_key).original_columns.input_assertion_id",LEGACY_ROW_TAGGED_JSON_V1: exact original storage class/lexeme/bytes/ordinal
assertion_input,input_observation_id,EXTEND,wa_science.assertion_input.input_observation_id,Resolve stable deterministic typed identity through exact source key; retain original integer/text ID in forensic row. Do not derive simulation random keys from replacement UUID.,"YES, including raw typed source row",No loss blocker; unresolved support/unit/time/custody must remain explicitly unresolved.,0,2,"wa_meta.legacy_row(snapshot_id,table_name=assertion_input,source_key).original_columns.input_observation_id",LEGACY_ROW_TAGGED_JSON_V1: exact original storage class/lexeme/bytes/ordinal
assertion_input,input_spatial_product_id,EXTEND,wa_science.assertion_input.input_product_id,Resolve stable deterministic typed identity through exact source key; retain original integer/text ID in forensic row. Do not derive simulation random keys from replacement UUID.,"YES, including raw typed source row",No loss blocker; unresolved support/unit/time/custody must remain explicitly unresolved.,0,3,"wa_meta.legacy_row(snapshot_id,table_name=assertion_input,source_key).original_columns.input_spatial_product_id",LEGACY_ROW_TAGGED_JSON_V1: exact original storage class/lexeme/bytes/ordinal
assertion_input,role,EXTEND,wa_science.assertion_input.role_lexeme,Preserve exact reported meaning and source NULL; archive original storage class/lexeme/IEEE bits.,"YES, including raw typed source row",No loss blocker; unresolved support/unit/time/custody must remain explicitly unresolved.,0,4,"wa_meta.legacy_row(snapshot_id,table_name=assertion_input,source_key).original_columns.role",LEGACY_ROW_TAGGED_JSON_V1: exact original storage class/lexeme/bytes/ordinal
body,TABLE,KEEP,wa_geo.body,Stable catalog identity; preserve null parent and class/status lexemes.,YES for pinned source; original typed archive required,No loss blocker; unresolved support/unit/time/custody must remain explicitly unresolved.,47,,wa_meta.legacy_row,Preserved source file/schema/manifest
body,body_id,KEEP,wa_geo.body.body_id,Resolve stable deterministic typed identity through exact source key; retain original integer/text ID in forensic row. Do not derive simulation random keys from replacement UUID.,"YES, including raw typed source row",No loss blocker; unresolved support/unit/time/custody must remain explicitly unresolved.,47,0,"wa_meta.legacy_row(snapshot_id,table_name=body,source_key).original_columns.body_id",LEGACY_ROW_TAGGED_JSON_V1: exact original storage class/lexeme/bytes/ordinal
body,canonical_name,KEEP,wa_geo.body.canonical_name,Preserve exact reported meaning and source NULL; archive original storage class/lexeme/IEEE bits.,"YES, including raw typed source row",No loss blocker; unresolved support/unit/time/custody must remain explicitly unresolved.,47,1,"wa_meta.legacy_row(snapshot_id,table_name=body,source_key).original_columns.canonical_name",LEGACY_ROW_TAGGED_JSON_V1: exact original storage class/lexeme/bytes/ordinal
body,body_class,KEEP,wa_geo.body.body_class,Preserve exact reported meaning and source NULL; archive original storage class/lexeme/IEEE bits.,"YES, including raw typed source row",No loss blocker; unresolved support/unit/time/custody must remain explicitly unresolved.,47,2,"wa_meta.legacy_row(snapshot_id,table_name=body,source_key).original_columns.body_class",LEGACY_ROW_TAGGED_JSON_V1: exact original storage class/lexeme/bytes/ordinal
body,parent_body_id,KEEP,wa_geo.body.parent_body_id,Resolve stable deterministic typed identity through exact source key; retain original integer/text ID in forensic row. Do not derive simulation random keys from replacement UUID.,"YES, including raw typed source row",No loss blocker; unresolved support/unit/time/custody must remain explicitly unresolved.,47,3,"wa_meta.legacy_row(snapshot_id,table_name=body,source_key).original_columns.parent_body_id",LEGACY_ROW_TAGGED_JSON_V1: exact original storage class/lexeme/bytes/ordinal
body,status,KEEP,wa_geo.body.status_lexeme,Preserve exact reported meaning and source NULL; archive original storage class/lexeme/IEEE bits.,"YES, including raw typed source row",No loss blocker; unresolved support/unit/time/custody must remain explicitly unresolved.,47,4,"wa_meta.legacy_row(snapshot_id,table_name=body,source_key).original_columns.status",LEGACY_ROW_TAGGED_JSON_V1: exact original storage class/lexeme/bytes/ordinal
body_identifier,TABLE,KEEP,wa_geo.body_identifier,Exact authority/type/value crosswalk with natural uniqueness.,YES for pinned source; original typed archive required,No loss blocker; unresolved support/unit/time/custody must remain explicitly unresolved.,47,,wa_meta.legacy_row,Preserved source file/schema/manifest
body_identifier,body_id,KEEP,wa_geo.body_identifier.body_id,Resolve stable deterministic typed identity through exact source key; retain original integer/text ID in forensic row. Do not derive simulation random keys from replacement UUID.,"YES, including raw typed source row",No loss blocker; unresolved support/unit/time/custody must remain explicitly unresolved.,47,0,"wa_meta.legacy_row(snapshot_id,table_name=body_identifier,source_key).original_columns.body_id",LEGACY_ROW_TAGGED_JSON_V1: exact original storage class/lexeme/bytes/ordinal
body_identifier,authority,KEEP,wa_geo.body_identifier.authority,Preserve exact reported meaning and source NULL; archive original storage class/lexeme/IEEE bits.,"YES, including raw typed source row",No loss blocker; unresolved support/unit/time/custody must remain explicitly unresolved.,47,1,"wa_meta.legacy_row(snapshot_id,table_name=body_identifier,source_key).original_columns.authority",LEGACY_ROW_TAGGED_JSON_V1: exact original storage class/lexeme/bytes/ordinal
body_identifier,identifier_type,KEEP,wa_geo.body_identifier.identifier_type,Preserve exact reported meaning and source NULL; archive original storage class/lexeme/IEEE bits.,"YES, including raw typed source row",No loss blocker; unresolved support/unit/time/custody must remain explicitly unresolved.,47,2,"wa_meta.legacy_row(snapshot_id,table_name=body_identifier,source_key).original_columns.identifier_type",LEGACY_ROW_TAGGED_JSON_V1: exact original storage class/lexeme/bytes/ordinal
body_identifier,identifier_value,KEEP,wa_geo.body_identifier.identifier_value,Preserve exact reported meaning and source NULL; archive original storage class/lexeme/IEEE bits.,"YES, including raw typed source row",No loss blocker; unresolved support/unit/time/custody must remain explicitly unresolved.,47,3,"wa_meta.legacy_row(snapshot_id,table_name=body_identifier,source_key).original_columns.identifier_value",LEGACY_ROW_TAGGED_JSON_V1: exact original storage class/lexeme/bytes/ordinal
body_identifier,status,KEEP,wa_geo.body_identifier.status_lexeme,Preserve exact reported meaning and source NULL; archive original storage class/lexeme/IEEE bits.,"YES, including raw typed source row",No loss blocker; unresolved support/unit/time/custody must remain explicitly unresolved.,47,4,"wa_meta.legacy_row(snapshot_id,table_name=body_identifier,source_key).original_columns.status",LEGACY_ROW_TAGGED_JSON_V1: exact original storage class/lexeme/bytes/ordinal
coverage,TABLE,KEEP,wa_science.coverage,Explicit gaps and UNKNOWN retained.,YES for pinned source; original typed archive required,No loss blocker; unresolved support/unit/time/custody must remain explicitly unresolved.,1052,,wa_meta.legacy_row,Preserved source file/schema/manifest
coverage,coverage_id,KEEP,wa_science.coverage.coverage_id,Resolve stable deterministic typed identity through exact source key; retain original integer/text ID in forensic row. Do not derive simulation random keys from replacement UUID.,"YES, including raw typed source row",No loss blocker; unresolved support/unit/time/custody must remain explicitly unresolved.,1052,0,"wa_meta.legacy_row(snapshot_id,table_name=coverage,source_key).original_columns.coverage_id",LEGACY_ROW_TAGGED_JSON_V1: exact original storage class/lexeme/bytes/ordinal
coverage,body_id,KEEP,wa_science.coverage.body_id,Resolve stable deterministic typed identity through exact source key; retain original integer/text ID in forensic row. Do not derive simulation random keys from replacement UUID.,"YES, including raw typed source row",No loss blocker; unresolved support/unit/time/custody must remain explicitly unresolved.,1052,1,"wa_meta.legacy_row(snapshot_id,table_name=coverage,source_key).original_columns.body_id",LEGACY_ROW_TAGGED_JSON_V1: exact original storage class/lexeme/bytes/ordinal
coverage,domain,KEEP,wa_science.coverage.domain_lexeme,Preserve exact reported meaning and source NULL; archive original storage class/lexeme/IEEE bits.,"YES, including raw typed source row",No loss blocker; unresolved support/unit/time/custody must remain explicitly unresolved.,1052,2,"wa_meta.legacy_row(snapshot_id,table_name=coverage,source_key).original_columns.domain",LEGACY_ROW_TAGGED_JSON_V1: exact original storage class/lexeme/bytes/ordinal
coverage,property_or_class,KEEP,wa_science.coverage.property_or_class_lexeme,Preserve exact reported meaning and source NULL; archive original storage class/lexeme/IEEE bits.,"YES, including raw typed source row",No loss blocker; unresolved support/unit/time/custody must remain explicitly unresolved.,1052,3,"wa_meta.legacy_row(snapshot_id,table_name=coverage,source_key).original_columns.property_or_class",LEGACY_ROW_TAGGED_JSON_V1: exact original storage class/lexeme/bytes/ordinal
coverage,state,KEEP,wa_science.coverage.state_lexeme,Preserve exact reported meaning and source NULL; archive original storage class/lexeme/IEEE bits.,"YES, including raw typed source row",No loss blocker; unresolved support/unit/time/custody must remain explicitly unresolved.,1052,4,"wa_meta.legacy_row(snapshot_id,table_name=coverage,source_key).original_columns.state",LEGACY_ROW_TAGGED_JSON_V1: exact original storage class/lexeme/bytes/ordinal
coverage,origin,KEEP,wa_science.coverage.origin_lexeme,Preserve exact reported meaning and source NULL; archive original storage class/lexeme/IEEE bits.,"YES, including raw typed source row",No loss blocker; unresolved support/unit/time/custody must remain explicitly unresolved.,1052,5,"wa_meta.legacy_row(snapshot_id,table_name=coverage,source_key).original_columns.origin",LEGACY_ROW_TAGGED_JSON_V1: exact original storage class/lexeme/bytes/ordinal
coverage,reason,KEEP,wa_science.coverage.reason,Preserve exact reported meaning and source NULL; archive original storage class/lexeme/IEEE bits.,"YES, including raw typed source row",No loss blocker; unresolved support/unit/time/custody must remain explicitly unresolved.,1052,6,"wa_meta.legacy_row(snapshot_id,table_name=coverage,source_key).original_columns.reason",LEGACY_ROW_TAGGED_JSON_V1: exact original storage class/lexeme/bytes/ordinal
deposit,TABLE,REFACTOR,wa_world.deposit;wa_run.accessibility_assessment;wa_run.recoverability_assessment;wa_run.reserve_interpretation,"Empty scaffold; initial physical stock, conditional accessibility and economics must remain different.",YES for pinned source; original typed archive required,EMPTY scaffold: no data or fictional rows to create; future new records need governed missing metadata.,0,,wa_meta.legacy_row,Preserved source file/schema/manifest
deposit,deposit_id,REFACTOR,wa_world.deposit.deposit_id,"Resolve stable deterministic typed identity through exact source key; retain original integer/text ID in forensic row. Do not derive simulation random keys from replacement UUID. Source has zero rows: no synthetic generator, world, site or stock is imported.","YES, including raw typed source row",EMPTY scaffold: no data or fictional rows to create; future new records need governed missing metadata.,0,0,"wa_meta.legacy_row(snapshot_id,table_name=deposit,source_key).original_columns.deposit_id",LEGACY_ROW_TAGGED_JSON_V1: exact original storage class/lexeme/bytes/ordinal
deposit,project_site_id,REFACTOR,wa_world.deposit.site_id,"Resolve stable deterministic typed identity through exact source key; retain original integer/text ID in forensic row. Do not derive simulation random keys from replacement UUID. Source has zero rows: no synthetic generator, world, site or stock is imported.","YES, including raw typed source row",EMPTY scaffold: no data or fictional rows to create; future new records need governed missing metadata.,0,1,"wa_meta.legacy_row(snapshot_id,table_name=deposit,source_key).original_columns.project_site_id",LEGACY_ROW_TAGGED_JSON_V1: exact original storage class/lexeme/bytes/ordinal
deposit,resource_class,REFACTOR,wa_world.deposit.resource_class,"Preserve exact reported meaning and source NULL; archive original storage class/lexeme/IEEE bits. Source has zero rows: no synthetic generator, world, site or stock is imported.","YES, including raw typed source row",EMPTY scaffold: no data or fictional rows to create; future new records need governed missing metadata.,0,2,"wa_meta.legacy_row(snapshot_id,table_name=deposit,source_key).original_columns.resource_class",LEGACY_ROW_TAGGED_JSON_V1: exact original storage class/lexeme/bytes/ordinal
deposit,geometry_class,REFACTOR,wa_world.deposit.geometry_class_lexeme,"Preserve exact reported meaning and source NULL; archive original storage class/lexeme/IEEE bits. Source has zero rows: no synthetic generator, world, site or stock is imported.","YES, including raw typed source row",EMPTY scaffold: no data or fictional rows to create; future new records need governed missing metadata.,0,3,"wa_meta.legacy_row(snapshot_id,table_name=deposit,source_key).original_columns.geometry_class",LEGACY_ROW_TAGGED_JSON_V1: exact original storage class/lexeme/bytes/ordinal
deposit,finite_stock_value,REFACTOR,wa_world.deposit.initial_in_situ_quantity,"Preserve exact reported meaning and source NULL; archive original storage class/lexeme/IEEE bits. Source has zero rows: no synthetic generator, world, site or stock is imported.","YES, including raw typed source row",EMPTY scaffold: no data or fictional rows to create; future new records need governed missing metadata.,0,4,"wa_meta.legacy_row(snapshot_id,table_name=deposit,source_key).original_columns.finite_stock_value",LEGACY_ROW_TAGGED_JSON_V1: exact original storage class/lexeme/bytes/ordinal
deposit,stock_unit,REFACTOR,wa_world.deposit.unit_key,"Preserve exact reported meaning and source NULL; archive original storage class/lexeme/IEEE bits. Source has zero rows: no synthetic generator, world, site or stock is imported.","YES, including raw typed source row",EMPTY scaffold: no data or fictional rows to create; future new records need governed missing metadata.,0,5,"wa_meta.legacy_row(snapshot_id,table_name=deposit,source_key).original_columns.stock_unit",LEGACY_ROW_TAGGED_JSON_V1: exact original storage class/lexeme/bytes/ordinal
deposit,concentration_value,REFACTOR,wa_world.deposit.concentration_value,"Preserve exact reported meaning and source NULL; archive original storage class/lexeme/IEEE bits. Source has zero rows: no synthetic generator, world, site or stock is imported.","YES, including raw typed source row",EMPTY scaffold: no data or fictional rows to create; future new records need governed missing metadata.,0,6,"wa_meta.legacy_row(snapshot_id,table_name=deposit,source_key).original_columns.concentration_value",LEGACY_ROW_TAGGED_JSON_V1: exact original storage class/lexeme/bytes/ordinal
deposit,concentration_unit,REFACTOR,wa_world.deposit.concentration_unit_key,"Preserve exact reported meaning and source NULL; archive original storage class/lexeme/IEEE bits. Source has zero rows: no synthetic generator, world, site or stock is imported.","YES, including raw typed source row",EMPTY scaffold: no data or fictional rows to create; future new records need governed missing metadata.,0,7,"wa_meta.legacy_row(snapshot_id,table_name=deposit,source_key).original_columns.concentration_unit",LEGACY_ROW_TAGGED_JSON_V1: exact original storage class/lexeme/bytes/ordinal
deposit,depth_min,REFACTOR,wa_geo.vertical_support.lower_value,"Preserve exact reported meaning and source NULL; archive original storage class/lexeme/IEEE bits. Source has zero rows: no synthetic generator, world, site or stock is imported.","YES, including raw typed source row",EMPTY scaffold: no data or fictional rows to create; future new records need governed missing metadata.,0,8,"wa_meta.legacy_row(snapshot_id,table_name=deposit,source_key).original_columns.depth_min",LEGACY_ROW_TAGGED_JSON_V1: exact original storage class/lexeme/bytes/ordinal
deposit,depth_max,REFACTOR,wa_geo.vertical_support.upper_value,"Preserve exact reported meaning and source NULL; archive original storage class/lexeme/IEEE bits. Source has zero rows: no synthetic generator, world, site or stock is imported.","YES, including raw typed source row",EMPTY scaffold: no data or fictional rows to create; future new records need governed missing metadata.,0,9,"wa_meta.legacy_row(snapshot_id,table_name=deposit,source_key).original_columns.depth_max",LEGACY_ROW_TAGGED_JSON_V1: exact original storage class/lexeme/bytes/ordinal
deposit,depth_unit,REFACTOR,wa_geo.vertical_support.unit_key,"Preserve exact reported meaning and source NULL; archive original storage class/lexeme/IEEE bits. Source has zero rows: no synthetic generator, world, site or stock is imported.","YES, including raw typed source row",EMPTY scaffold: no data or fictional rows to create; future new records need governed missing metadata.,0,10,"wa_meta.legacy_row(snapshot_id,table_name=deposit,source_key).original_columns.depth_unit",LEGACY_ROW_TAGGED_JSON_V1: exact original storage class/lexeme/bytes/ordinal
deposit,accessibility_state,REFACTOR,wa_world.deposit.original_accessibility_lexeme,"Preserve exact reported meaning and source NULL; archive original storage class/lexeme/IEEE bits. Source has zero rows: no synthetic generator, world, site or stock is imported.","YES, including raw typed source row",EMPTY scaffold: no data or fictional rows to create; future new records need governed missing metadata.,0,11,"wa_meta.legacy_row(snapshot_id,table_name=deposit,source_key).original_columns.accessibility_state",LEGACY_ROW_TAGGED_JSON_V1: exact original storage class/lexeme/bytes/ordinal
deposit,provenance,REFACTOR,wa_world.deposit.provenance_ref,"Preserve exact reported meaning and source NULL; archive original storage class/lexeme/IEEE bits. Source has zero rows: no synthetic generator, world, site or stock is imported.","YES, including raw typed source row",EMPTY scaffold: no data or fictional rows to create; future new records need governed missing metadata.,0,12,"wa_meta.legacy_row(snapshot_id,table_name=deposit,source_key).original_columns.provenance",LEGACY_ROW_TAGGED_JSON_V1: exact original storage class/lexeme/bytes/ordinal
ephemeris_coverage,TABLE,EXTEND,wa_nav.coverage,Lexical/qualified temporal support and unresolved frame references.,YES for pinned source; original typed archive required,No loss blocker; unresolved support/unit/time/custody must remain explicitly unresolved.,30,,wa_meta.legacy_row,Preserved source file/schema/manifest
ephemeris_coverage,ephemeris_source_id,EXTEND,wa_nav.coverage.product_id,Resolve stable deterministic typed identity through exact source key; retain original integer/text ID in forensic row. Do not derive simulation random keys from replacement UUID.,"YES, including raw typed source row",No loss blocker; unresolved support/unit/time/custody must remain explicitly unresolved.,30,0,"wa_meta.legacy_row(snapshot_id,table_name=ephemeris_coverage,source_key).original_columns.ephemeris_source_id",LEGACY_ROW_TAGGED_JSON_V1: exact original storage class/lexeme/bytes/ordinal
ephemeris_coverage,body_id,EXTEND,wa_nav.coverage.body_id,Resolve stable deterministic typed identity through exact source key; retain original integer/text ID in forensic row. Do not derive simulation random keys from replacement UUID.,"YES, including raw typed source row",No loss blocker; unresolved support/unit/time/custody must remain explicitly unresolved.,30,1,"wa_meta.legacy_row(snapshot_id,table_name=ephemeris_coverage,source_key).original_columns.body_id",LEGACY_ROW_TAGGED_JSON_V1: exact original storage class/lexeme/bytes/ordinal
ephemeris_coverage,valid_from,EXTEND,wa_geo.time_support.start_lexeme,Preserve exact reported meaning and source NULL; archive original storage class/lexeme/IEEE bits.,"YES, including raw typed source row",No loss blocker; unresolved support/unit/time/custody must remain explicitly unresolved.,30,2,"wa_meta.legacy_row(snapshot_id,table_name=ephemeris_coverage,source_key).original_columns.valid_from",LEGACY_ROW_TAGGED_JSON_V1: exact original storage class/lexeme/bytes/ordinal
ephemeris_coverage,valid_until,EXTEND,wa_geo.time_support.end_lexeme,Preserve exact reported meaning and source NULL; archive original storage class/lexeme/IEEE bits.,"YES, including raw typed source row",No loss blocker; unresolved support/unit/time/custody must remain explicitly unresolved.,30,3,"wa_meta.legacy_row(snapshot_id,table_name=ephemeris_coverage,source_key).original_columns.valid_until",LEGACY_ROW_TAGGED_JSON_V1: exact original storage class/lexeme/bytes/ordinal
ephemeris_coverage,reference_frame,EXTEND,wa_nav.coverage.original_frame_lexeme;wa_geo.frame.definition_ref,Preserve exact reported meaning and source NULL; archive original storage class/lexeme/IEEE bits.,"YES, including raw typed source row",No loss blocker; unresolved support/unit/time/custody must remain explicitly unresolved.,30,4,"wa_meta.legacy_row(snapshot_id,table_name=ephemeris_coverage,source_key).original_columns.reference_frame",LEGACY_ROW_TAGGED_JSON_V1: exact original storage class/lexeme/bytes/ordinal
ephemeris_coverage,units,EXTEND,wa_nav.coverage.units_lexeme,Preserve exact reported meaning and source NULL; archive original storage class/lexeme/IEEE bits.,"YES, including raw typed source row",No loss blocker; unresolved support/unit/time/custody must remain explicitly unresolved.,30,5,"wa_meta.legacy_row(snapshot_id,table_name=ephemeris_coverage,source_key).original_columns.units",LEGACY_ROW_TAGGED_JSON_V1: exact original storage class/lexeme/bytes/ordinal
ephemeris_coverage,coverage_class,EXTEND,wa_nav.coverage.coverage_class,Preserve exact reported meaning and source NULL; archive original storage class/lexeme/IEEE bits.,"YES, including raw typed source row",No loss blocker; unresolved support/unit/time/custody must remain explicitly unresolved.,30,6,"wa_meta.legacy_row(snapshot_id,table_name=ephemeris_coverage,source_key).original_columns.coverage_class",LEGACY_ROW_TAGGED_JSON_V1: exact original storage class/lexeme/bytes/ordinal
ephemeris_coverage,status,EXTEND,wa_nav.coverage.status_lexeme,Preserve exact reported meaning and source NULL; archive original storage class/lexeme/IEEE bits.,"YES, including raw typed source row",No loss blocker; unresolved support/unit/time/custody must remain explicitly unresolved.,30,7,"wa_meta.legacy_row(snapshot_id,table_name=ephemeris_coverage,source_key).original_columns.status",LEGACY_ROW_TAGGED_JSON_V1: exact original storage class/lexeme/bytes/ordinal
ephemeris_source,TABLE,KEEP,wa_nav.product,"Metadata only, with original navigation authority identity.",YES for pinned source; original typed archive required,No loss blocker; unresolved support/unit/time/custody must remain explicitly unresolved.,30,,wa_meta.legacy_row,Preserved source file/schema/manifest
ephemeris_source,ephemeris_source_id,KEEP,wa_nav.product.product_id,Resolve stable deterministic typed identity through exact source key; retain original integer/text ID in forensic row. Do not derive simulation random keys from replacement UUID.,"YES, including raw typed source row",No loss blocker; unresolved support/unit/time/custody must remain explicitly unresolved.,30,0,"wa_meta.legacy_row(snapshot_id,table_name=ephemeris_source,source_key).original_columns.ephemeris_source_id",LEGACY_ROW_TAGGED_JSON_V1: exact original storage class/lexeme/bytes/ordinal
ephemeris_source,provider,KEEP,wa_nav.product.provider,Preserve exact reported meaning and source NULL; archive original storage class/lexeme/IEEE bits.,"YES, including raw typed source row",No loss blocker; unresolved support/unit/time/custody must remain explicitly unresolved.,30,1,"wa_meta.legacy_row(snapshot_id,table_name=ephemeris_source,source_key).original_columns.provider",LEGACY_ROW_TAGGED_JSON_V1: exact original storage class/lexeme/bytes/ordinal
ephemeris_source,product_name,KEEP,wa_nav.product.product_name,Preserve exact reported meaning and source NULL; archive original storage class/lexeme/IEEE bits.,"YES, including raw typed source row",No loss blocker; unresolved support/unit/time/custody must remain explicitly unresolved.,30,2,"wa_meta.legacy_row(snapshot_id,table_name=ephemeris_source,source_key).original_columns.product_name",LEGACY_ROW_TAGGED_JSON_V1: exact original storage class/lexeme/bytes/ordinal
ephemeris_source,product_version,KEEP,wa_nav.product.product_version,Preserve exact reported meaning and source NULL; archive original storage class/lexeme/IEEE bits.,"YES, including raw typed source row",No loss blocker; unresolved support/unit/time/custody must remain explicitly unresolved.,30,3,"wa_meta.legacy_row(snapshot_id,table_name=ephemeris_source,source_key).original_columns.product_version",LEGACY_ROW_TAGGED_JSON_V1: exact original storage class/lexeme/bytes/ordinal
ephemeris_source,asset_filename,KEEP,wa_nav.product.asset_filename,Preserve exact reported meaning and source NULL; archive original storage class/lexeme/IEEE bits.,"YES, including raw typed source row",No loss blocker; unresolved support/unit/time/custody must remain explicitly unresolved.,30,4,"wa_meta.legacy_row(snapshot_id,table_name=ephemeris_source,source_key).original_columns.asset_filename",LEGACY_ROW_TAGGED_JSON_V1: exact original storage class/lexeme/bytes/ordinal
ephemeris_source,sha256,KEEP,wa_nav.product.byte_sha256,Preserve exact reported meaning and source NULL; archive original storage class/lexeme/IEEE bits. REMOTE_REFERENCE_ONLY retains null byte hash; no synthetic original-source digest.,"YES, including raw typed source row",No loss blocker; unresolved support/unit/time/custody must remain explicitly unresolved.,30,5,"wa_meta.legacy_row(snapshot_id,table_name=ephemeris_source,source_key).original_columns.sha256",LEGACY_ROW_TAGGED_JSON_V1: exact original storage class/lexeme/bytes/ordinal
ephemeris_source,byte_count,KEEP,wa_nav.product.byte_count,Preserve exact reported meaning and source NULL; archive original storage class/lexeme/IEEE bits.,"YES, including raw typed source row",No loss blocker; unresolved support/unit/time/custody must remain explicitly unresolved.,30,6,"wa_meta.legacy_row(snapshot_id,table_name=ephemeris_source,source_key).original_columns.byte_count",LEGACY_ROW_TAGGED_JSON_V1: exact original storage class/lexeme/bytes/ordinal
ephemeris_source,source_url,KEEP,wa_nav.product.source_url,Preserve exact reported meaning and source NULL; archive original storage class/lexeme/IEEE bits.,"YES, including raw typed source row",No loss blocker; unresolved support/unit/time/custody must remain explicitly unresolved.,30,7,"wa_meta.legacy_row(snapshot_id,table_name=ephemeris_source,source_key).original_columns.source_url",LEGACY_ROW_TAGGED_JSON_V1: exact original storage class/lexeme/bytes/ordinal
ephemeris_source,acquired_at,KEEP,wa_geo.time_support.time_lexeme -> wa_nav.product.acquired_time_id,Preserve exact reported meaning and source NULL; archive original storage class/lexeme/IEEE bits.,"YES, including raw typed source row",No loss blocker; unresolved support/unit/time/custody must remain explicitly unresolved.,30,8,"wa_meta.legacy_row(snapshot_id,table_name=ephemeris_source,source_key).original_columns.acquired_at",LEGACY_ROW_TAGGED_JSON_V1: exact original storage class/lexeme/bytes/ordinal
ephemeris_source,status,KEEP,wa_nav.product.status_lexeme,Preserve exact reported meaning and source NULL; archive original storage class/lexeme/IEEE bits.,"YES, including raw typed source row",No loss blocker; unresolved support/unit/time/custody must remain explicitly unresolved.,30,9,"wa_meta.legacy_row(snapshot_id,table_name=ephemeris_source,source_key).original_columns.status",LEGACY_ROW_TAGGED_JSON_V1: exact original storage class/lexeme/bytes/ordinal
generation_model,TABLE,EXTEND,wa_world.generation_model,"Empty scaffold; new implementation/schema/version metadata requires later governance, no seeded rows.",YES for pinned source; original typed archive required,EMPTY scaffold: no data or fictional rows to create; future new records need governed missing metadata.,0,,wa_meta.legacy_row,Preserved source file/schema/manifest
generation_model,generation_model_id,EXTEND,wa_world.generation_model.model_id,"Resolve stable deterministic typed identity through exact source key; retain original integer/text ID in forensic row. Do not derive simulation random keys from replacement UUID. Source has zero rows: no synthetic generator, world, site or stock is imported.","YES, including raw typed source row",EMPTY scaffold: no data or fictional rows to create; future new records need governed missing metadata.,0,0,"wa_meta.legacy_row(snapshot_id,table_name=generation_model,source_key).original_columns.generation_model_id",LEGACY_ROW_TAGGED_JSON_V1: exact original storage class/lexeme/bytes/ordinal
generation_model,model_key,EXTEND,wa_world.generation_model.semantic_key,"Preserve exact reported meaning and source NULL; archive original storage class/lexeme/IEEE bits. Source has zero rows: no synthetic generator, world, site or stock is imported.","YES, including raw typed source row",EMPTY scaffold: no data or fictional rows to create; future new records need governed missing metadata.,0,1,"wa_meta.legacy_row(snapshot_id,table_name=generation_model,source_key).original_columns.model_key",LEGACY_ROW_TAGGED_JSON_V1: exact original storage class/lexeme/bytes/ordinal
generation_model,name,EXTEND,wa_world.generation_model.name,"Preserve exact reported meaning and source NULL; archive original storage class/lexeme/IEEE bits. Source has zero rows: no synthetic generator, world, site or stock is imported.","YES, including raw typed source row",EMPTY scaffold: no data or fictional rows to create; future new records need governed missing metadata.,0,2,"wa_meta.legacy_row(snapshot_id,table_name=generation_model,source_key).original_columns.name",LEGACY_ROW_TAGGED_JSON_V1: exact original storage class/lexeme/bytes/ordinal
generation_model,version,EXTEND,wa_world.generation_model.version,"Preserve exact reported meaning and source NULL; archive original storage class/lexeme/IEEE bits. Source has zero rows: no synthetic generator, world, site or stock is imported.","YES, including raw typed source row",EMPTY scaffold: no data or fictional rows to create; future new records need governed missing metadata.,0,3,"wa_meta.legacy_row(snapshot_id,table_name=generation_model,source_key).original_columns.version",LEGACY_ROW_TAGGED_JSON_V1: exact original storage class/lexeme/bytes/ordinal
generation_model,status,EXTEND,wa_world.generation_model.status_lexeme,"Preserve exact reported meaning and source NULL; archive original storage class/lexeme/IEEE bits. Source has zero rows: no synthetic generator, world, site or stock is imported.","YES, including raw typed source row",EMPTY scaffold: no data or fictional rows to create; future new records need governed missing metadata.,0,4,"wa_meta.legacy_row(snapshot_id,table_name=generation_model,source_key).original_columns.status",LEGACY_ROW_TAGGED_JSON_V1: exact original storage class/lexeme/bytes/ordinal
generation_policy,TABLE,EXTEND,wa_world.generation_policy,Empty scaffold; schema-bound variable parameters and exact original text retained.,YES for pinned source; original typed archive required,EMPTY scaffold: no data or fictional rows to create; future new records need governed missing metadata.,0,,wa_meta.legacy_row,Preserved source file/schema/manifest
generation_policy,policy_id,EXTEND,wa_world.generation_policy.policy_id,"Resolve stable deterministic typed identity through exact source key; retain original integer/text ID in forensic row. Do not derive simulation random keys from replacement UUID. Source has zero rows: no synthetic generator, world, site or stock is imported.","YES, including raw typed source row",EMPTY scaffold: no data or fictional rows to create; future new records need governed missing metadata.,0,0,"wa_meta.legacy_row(snapshot_id,table_name=generation_policy,source_key).original_columns.policy_id",LEGACY_ROW_TAGGED_JSON_V1: exact original storage class/lexeme/bytes/ordinal
generation_policy,generation_model_id,EXTEND,wa_world.generation_policy.model_id,"Resolve stable deterministic typed identity through exact source key; retain original integer/text ID in forensic row. Do not derive simulation random keys from replacement UUID. Source has zero rows: no synthetic generator, world, site or stock is imported.","YES, including raw typed source row",EMPTY scaffold: no data or fictional rows to create; future new records need governed missing metadata.,0,1,"wa_meta.legacy_row(snapshot_id,table_name=generation_policy,source_key).original_columns.generation_model_id",LEGACY_ROW_TAGGED_JSON_V1: exact original storage class/lexeme/bytes/ordinal
generation_policy,body_id,EXTEND,wa_world.generation_policy.body_id,"Resolve stable deterministic typed identity through exact source key; retain original integer/text ID in forensic row. Do not derive simulation random keys from replacement UUID. Source has zero rows: no synthetic generator, world, site or stock is imported.","YES, including raw typed source row",EMPTY scaffold: no data or fictional rows to create; future new records need governed missing metadata.,0,2,"wa_meta.legacy_row(snapshot_id,table_name=generation_policy,source_key).original_columns.body_id",LEGACY_ROW_TAGGED_JSON_V1: exact original storage class/lexeme/bytes/ordinal
generation_policy,property_code,EXTEND,wa_world.generation_policy.property_code,"Preserve exact reported meaning and source NULL; archive original storage class/lexeme/IEEE bits. Source has zero rows: no synthetic generator, world, site or stock is imported.","YES, including raw typed source row",EMPTY scaffold: no data or fictional rows to create; future new records need governed missing metadata.,0,3,"wa_meta.legacy_row(snapshot_id,table_name=generation_policy,source_key).original_columns.property_code",LEGACY_ROW_TAGGED_JSON_V1: exact original storage class/lexeme/bytes/ordinal
generation_policy,policy_type,EXTEND,wa_world.generation_policy.policy_type_lexeme,"Preserve exact reported meaning and source NULL; archive original storage class/lexeme/IEEE bits. Source has zero rows: no synthetic generator, world, site or stock is imported.","YES, including raw typed source row",EMPTY scaffold: no data or fictional rows to create; future new records need governed missing metadata.,0,4,"wa_meta.legacy_row(snapshot_id,table_name=generation_policy,source_key).original_columns.policy_type",LEGACY_ROW_TAGGED_JSON_V1: exact original storage class/lexeme/bytes/ordinal
generation_policy,policy_parameters,EXTEND,wa_world.generation_policy.original_parameter_lexeme;parameters under parameter_schema_ref,"Preserve exact reported meaning and source NULL; archive original storage class/lexeme/IEEE bits. Source has zero rows: no synthetic generator, world, site or stock is imported.","YES, including raw typed source row",EMPTY scaffold: no data or fictional rows to create; future new records need governed missing metadata.,0,5,"wa_meta.legacy_row(snapshot_id,table_name=generation_policy,source_key).original_columns.policy_parameters",LEGACY_ROW_TAGGED_JSON_V1: exact original storage class/lexeme/bytes/ordinal
generation_policy,notes,EXTEND,wa_world.generation_policy.notes,"Preserve exact reported meaning and source NULL; archive original storage class/lexeme/IEEE bits. Source has zero rows: no synthetic generator, world, site or stock is imported.","YES, including raw typed source row",EMPTY scaffold: no data or fictional rows to create; future new records need governed missing metadata.,0,6,"wa_meta.legacy_row(snapshot_id,table_name=generation_policy,source_key).original_columns.notes",LEGACY_ROW_TAGGED_JSON_V1: exact original storage class/lexeme/bytes/ordinal
hidden_world_state,TABLE,REFACTOR,wa_world.hidden_state;wa_world.physical_property,"Empty scaffold; typed physical domain only, explicit UNKNOWN and private WORLD.",YES for pinned source; original typed archive required,EMPTY scaffold: no data or fictional rows to create; future new records need governed missing metadata.,0,,wa_meta.legacy_row,Preserved source file/schema/manifest
hidden_world_state,hidden_state_id,REFACTOR,wa_world.hidden_state.state_id,"Resolve stable deterministic typed identity through exact source key; retain original integer/text ID in forensic row. Do not derive simulation random keys from replacement UUID. Source has zero rows: no synthetic generator, world, site or stock is imported.","YES, including raw typed source row",EMPTY scaffold: no data or fictional rows to create; future new records need governed missing metadata.,0,0,"wa_meta.legacy_row(snapshot_id,table_name=hidden_world_state,source_key).original_columns.hidden_state_id",LEGACY_ROW_TAGGED_JSON_V1: exact original storage class/lexeme/bytes/ordinal
hidden_world_state,world_realization_id,REFACTOR,wa_world.hidden_state.world_id,"Resolve stable deterministic typed identity through exact source key; retain original integer/text ID in forensic row. Do not derive simulation random keys from replacement UUID. Source has zero rows: no synthetic generator, world, site or stock is imported.","YES, including raw typed source row",EMPTY scaffold: no data or fictional rows to create; future new records need governed missing metadata.,0,1,"wa_meta.legacy_row(snapshot_id,table_name=hidden_world_state,source_key).original_columns.world_realization_id",LEGACY_ROW_TAGGED_JSON_V1: exact original storage class/lexeme/bytes/ordinal
hidden_world_state,region_id,REFACTOR,wa_world.hidden_state.location_id,"Resolve stable deterministic typed identity through exact source key; retain original integer/text ID in forensic row. Do not derive simulation random keys from replacement UUID. Unsupported/missing linkage stays UNRESOLVED, preserving original scope; no fabricated region/sample or default BODY. Source has zero rows: no synthetic generator, world, site or stock is imported.","YES, including raw typed source row",EMPTY scaffold: no data or fictional rows to create; future new records need governed missing metadata.,0,2,"wa_meta.legacy_row(snapshot_id,table_name=hidden_world_state,source_key).original_columns.region_id",LEGACY_ROW_TAGGED_JSON_V1: exact original storage class/lexeme/bytes/ordinal
hidden_world_state,property_code,REFACTOR,wa_world.hidden_state.property_code,"Preserve exact reported meaning and source NULL; archive original storage class/lexeme/IEEE bits. Source has zero rows: no synthetic generator, world, site or stock is imported.","YES, including raw typed source row",EMPTY scaffold: no data or fictional rows to create; future new records need governed missing metadata.,0,3,"wa_meta.legacy_row(snapshot_id,table_name=hidden_world_state,source_key).original_columns.property_code",LEGACY_ROW_TAGGED_JSON_V1: exact original storage class/lexeme/bytes/ordinal
hidden_world_state,value_numeric,REFACTOR,wa_world.hidden_state.numeric_value,"Preserve exact reported meaning and source NULL; archive original storage class/lexeme/IEEE bits. NUMERIC projection is not a claim of greater source precision. Source has zero rows: no synthetic generator, world, site or stock is imported.","YES, including raw typed source row",EMPTY scaffold: no data or fictional rows to create; future new records need governed missing metadata.,0,4,"wa_meta.legacy_row(snapshot_id,table_name=hidden_world_state,source_key).original_columns.value_numeric",LEGACY_ROW_TAGGED_JSON_V1: exact original storage class/lexeme/bytes/ordinal
hidden_world_state,value_text,REFACTOR,wa_world.hidden_state.text_value,"Preserve exact reported meaning and source NULL; archive original storage class/lexeme/IEEE bits. Source has zero rows: no synthetic generator, world, site or stock is imported.","YES, including raw typed source row",EMPTY scaffold: no data or fictional rows to create; future new records need governed missing metadata.,0,5,"wa_meta.legacy_row(snapshot_id,table_name=hidden_world_state,source_key).original_columns.value_text",LEGACY_ROW_TAGGED_JSON_V1: exact original storage class/lexeme/bytes/ordinal
hidden_world_state,unit,REFACTOR,wa_world.hidden_state.unit_key -> wa_meta.unit.source_lexeme,"Preserve exact reported meaning and source NULL; archive original storage class/lexeme/IEEE bits. Source has zero rows: no synthetic generator, world, site or stock is imported.","YES, including raw typed source row",EMPTY scaffold: no data or fictional rows to create; future new records need governed missing metadata.,0,6,"wa_meta.legacy_row(snapshot_id,table_name=hidden_world_state,source_key).original_columns.unit",LEGACY_ROW_TAGGED_JSON_V1: exact original storage class/lexeme/bytes/ordinal
hidden_world_state,provenance,REFACTOR,wa_world.hidden_state.original_provenance_lexeme,"Preserve exact reported meaning and source NULL; archive original storage class/lexeme/IEEE bits. Source has zero rows: no synthetic generator, world, site or stock is imported.","YES, including raw typed source row",EMPTY scaffold: no data or fictional rows to create; future new records need governed missing metadata.,0,7,"wa_meta.legacy_row(snapshot_id,table_name=hidden_world_state,source_key).original_columns.provenance",LEGACY_ROW_TAGGED_JSON_V1: exact original storage class/lexeme/bytes/ordinal
knowledge_event,TABLE,EXTEND,wa_science.knowledge_event;wa_geo.time_support,One typed target and separate knowledge chronology.,YES for pinned source; original typed archive required,No loss blocker; unresolved support/unit/time/custody must remain explicitly unresolved.,0,,wa_meta.legacy_row,Preserved source file/schema/manifest
knowledge_event,knowledge_event_id,EXTEND,wa_science.knowledge_event.event_id,Resolve stable deterministic typed identity through exact source key; retain original integer/text ID in forensic row. Do not derive simulation random keys from replacement UUID.,"YES, including raw typed source row",No loss blocker; unresolved support/unit/time/custody must remain explicitly unresolved.,0,0,"wa_meta.legacy_row(snapshot_id,table_name=knowledge_event,source_key).original_columns.knowledge_event_id",LEGACY_ROW_TAGGED_JSON_V1: exact original storage class/lexeme/bytes/ordinal
knowledge_event,event_key,EXTEND,wa_science.knowledge_event.semantic_key,Preserve exact reported meaning and source NULL; archive original storage class/lexeme/IEEE bits.,"YES, including raw typed source row",No loss blocker; unresolved support/unit/time/custody must remain explicitly unresolved.,0,1,"wa_meta.legacy_row(snapshot_id,table_name=knowledge_event,source_key).original_columns.event_key",LEGACY_ROW_TAGGED_JSON_V1: exact original storage class/lexeme/bytes/ordinal
knowledge_event,event_type,EXTEND,wa_science.knowledge_event.event_type,Preserve exact reported meaning and source NULL; archive original storage class/lexeme/IEEE bits.,"YES, including raw typed source row",No loss blocker; unresolved support/unit/time/custody must remain explicitly unresolved.,0,2,"wa_meta.legacy_row(snapshot_id,table_name=knowledge_event,source_key).original_columns.event_type",LEGACY_ROW_TAGGED_JSON_V1: exact original storage class/lexeme/bytes/ordinal
knowledge_event,event_time,EXTEND,wa_geo.time_support.time_lexeme -> wa_science.knowledge_event.event_time_id,Preserve exact reported meaning and source NULL; archive original storage class/lexeme/IEEE bits.,"YES, including raw typed source row",No loss blocker; unresolved support/unit/time/custody must remain explicitly unresolved.,0,3,"wa_meta.legacy_row(snapshot_id,table_name=knowledge_event,source_key).original_columns.event_time",LEGACY_ROW_TAGGED_JSON_V1: exact original storage class/lexeme/bytes/ordinal
knowledge_event,target_assertion_id,EXTEND,wa_science.knowledge_event.target_assertion_id,Resolve stable deterministic typed identity through exact source key; retain original integer/text ID in forensic row. Do not derive simulation random keys from replacement UUID.,"YES, including raw typed source row",No loss blocker; unresolved support/unit/time/custody must remain explicitly unresolved.,0,4,"wa_meta.legacy_row(snapshot_id,table_name=knowledge_event,source_key).original_columns.target_assertion_id",LEGACY_ROW_TAGGED_JSON_V1: exact original storage class/lexeme/bytes/ordinal
knowledge_event,target_observation_id,EXTEND,wa_science.knowledge_event.target_observation_id,Resolve stable deterministic typed identity through exact source key; retain original integer/text ID in forensic row. Do not derive simulation random keys from replacement UUID.,"YES, including raw typed source row",No loss blocker; unresolved support/unit/time/custody must remain explicitly unresolved.,0,5,"wa_meta.legacy_row(snapshot_id,table_name=knowledge_event,source_key).original_columns.target_observation_id",LEGACY_ROW_TAGGED_JSON_V1: exact original storage class/lexeme/bytes/ordinal
knowledge_event,target_spatial_product_id,EXTEND,wa_science.knowledge_event.target_product_id,Resolve stable deterministic typed identity through exact source key; retain original integer/text ID in forensic row. Do not derive simulation random keys from replacement UUID.,"YES, including raw typed source row",No loss blocker; unresolved support/unit/time/custody must remain explicitly unresolved.,0,6,"wa_meta.legacy_row(snapshot_id,table_name=knowledge_event,source_key).original_columns.target_spatial_product_id",LEGACY_ROW_TAGGED_JSON_V1: exact original storage class/lexeme/bytes/ordinal
knowledge_event,target_source_id,EXTEND,wa_science.knowledge_event.target_source_id,Resolve stable deterministic typed identity through exact source key; retain original integer/text ID in forensic row. Do not derive simulation random keys from replacement UUID.,"YES, including raw typed source row",No loss blocker; unresolved support/unit/time/custody must remain explicitly unresolved.,0,7,"wa_meta.legacy_row(snapshot_id,table_name=knowledge_event,source_key).original_columns.target_source_id",LEGACY_ROW_TAGGED_JSON_V1: exact original storage class/lexeme/bytes/ordinal
lab_meta,TABLE,REFACTOR,wa_meta.source_snapshot;wa_meta.legacy_row,"Preserve exact key/value metadata and manifest, not runtime configuration.",YES for pinned source; original typed archive required,No loss blocker; unresolved support/unit/time/custody must remain explicitly unresolved.,5,,wa_meta.legacy_row,Preserved source file/schema/manifest
lab_meta,key,REFACTOR,wa_meta.legacy_row.original_columns;wa_meta.source_snapshot.original_manifest,Preserve exact reported meaning and source NULL; archive original storage class/lexeme/IEEE bits.,"YES, including raw typed source row",No loss blocker; unresolved support/unit/time/custody must remain explicitly unresolved.,5,0,"wa_meta.legacy_row(snapshot_id,table_name=lab_meta,source_key).original_columns.key",LEGACY_ROW_TAGGED_JSON_V1: exact original storage class/lexeme/bytes/ordinal
lab_meta,value,REFACTOR,wa_meta.legacy_row.original_columns;wa_meta.source_snapshot.original_manifest,Preserve exact reported meaning and source NULL; archive original storage class/lexeme/IEEE bits. NUMERIC projection is not a claim of greater source precision.,"YES, including raw typed source row",No loss blocker; unresolved support/unit/time/custody must remain explicitly unresolved.,5,1,"wa_meta.legacy_row(snapshot_id,table_name=lab_meta,source_key).original_columns.value",LEGACY_ROW_TAGGED_JSON_V1: exact original storage class/lexeme/bytes/ordinal
material_evidence,TABLE,EXTEND,wa_science.material_evidence;wa_science.support,All 35 candidates retained; detection/rate/abundance is not finite stock.,YES for pinned source; original typed archive required,No loss blocker; unresolved support/unit/time/custody must remain explicitly unresolved.,35,,wa_meta.legacy_row,Preserved source file/schema/manifest
material_evidence,material_evidence_id,EXTEND,wa_science.material_evidence.evidence_id,Resolve stable deterministic typed identity through exact source key; retain original integer/text ID in forensic row. Do not derive simulation random keys from replacement UUID.,"YES, including raw typed source row",No loss blocker; unresolved support/unit/time/custody must remain explicitly unresolved.,35,0,"wa_meta.legacy_row(snapshot_id,table_name=material_evidence,source_key).original_columns.material_evidence_id",LEGACY_ROW_TAGGED_JSON_V1: exact original storage class/lexeme/bytes/ordinal
material_evidence,body_id,EXTEND,wa_science.material_evidence.body_id,Resolve stable deterministic typed identity through exact source key; retain original integer/text ID in forensic row. Do not derive simulation random keys from replacement UUID.,"YES, including raw typed source row",No loss blocker; unresolved support/unit/time/custody must remain explicitly unresolved.,35,1,"wa_meta.legacy_row(snapshot_id,table_name=material_evidence,source_key).original_columns.body_id",LEGACY_ROW_TAGGED_JSON_V1: exact original storage class/lexeme/bytes/ordinal
material_evidence,region_id,EXTEND,wa_science.support.location_id,"Resolve stable deterministic typed identity through exact source key; retain original integer/text ID in forensic row. Do not derive simulation random keys from replacement UUID. Unsupported/missing linkage stays UNRESOLVED, preserving original scope; no fabricated region/sample or default BODY.","YES, including raw typed source row",No loss blocker; unresolved support/unit/time/custody must remain explicitly unresolved.,35,2,"wa_meta.legacy_row(snapshot_id,table_name=material_evidence,source_key).original_columns.region_id",LEGACY_ROW_TAGGED_JSON_V1: exact original storage class/lexeme/bytes/ordinal
material_evidence,observation_id,EXTEND,wa_science.material_evidence.observation_id,Resolve stable deterministic typed identity through exact source key; retain original integer/text ID in forensic row. Do not derive simulation random keys from replacement UUID.,"YES, including raw typed source row",No loss blocker; unresolved support/unit/time/custody must remain explicitly unresolved.,35,3,"wa_meta.legacy_row(snapshot_id,table_name=material_evidence,source_key).original_columns.observation_id",LEGACY_ROW_TAGGED_JSON_V1: exact original storage class/lexeme/bytes/ordinal
material_evidence,sample_id,EXTEND,wa_science.material_evidence.sample_id,"Resolve stable deterministic typed identity through exact source key; retain original integer/text ID in forensic row. Do not derive simulation random keys from replacement UUID. Unsupported/missing linkage stays UNRESOLVED, preserving original scope; no fabricated region/sample or default BODY.","YES, including raw typed source row",No loss blocker; unresolved support/unit/time/custody must remain explicitly unresolved.,35,4,"wa_meta.legacy_row(snapshot_id,table_name=material_evidence,source_key).original_columns.sample_id",LEGACY_ROW_TAGGED_JSON_V1: exact original storage class/lexeme/bytes/ordinal
material_evidence,material_family,EXTEND,wa_science.material_evidence.material_family,Preserve exact reported meaning and source NULL; archive original storage class/lexeme/IEEE bits.,"YES, including raw typed source row",No loss blocker; unresolved support/unit/time/custody must remain explicitly unresolved.,35,5,"wa_meta.legacy_row(snapshot_id,table_name=material_evidence,source_key).original_columns.material_family",LEGACY_ROW_TAGGED_JSON_V1: exact original storage class/lexeme/bytes/ordinal
material_evidence,material_species,EXTEND,wa_science.material_evidence.material_species,Preserve exact reported meaning and source NULL; archive original storage class/lexeme/IEEE bits.,"YES, including raw typed source row",No loss blocker; unresolved support/unit/time/custody must remain explicitly unresolved.,35,6,"wa_meta.legacy_row(snapshot_id,table_name=material_evidence,source_key).original_columns.material_species",LEGACY_ROW_TAGGED_JSON_V1: exact original storage class/lexeme/bytes/ordinal
material_evidence,phase,EXTEND,wa_science.material_evidence.phase_lexeme,Preserve exact reported meaning and source NULL; archive original storage class/lexeme/IEEE bits.,"YES, including raw typed source row",No loss blocker; unresolved support/unit/time/custody must remain explicitly unresolved.,35,7,"wa_meta.legacy_row(snapshot_id,table_name=material_evidence,source_key).original_columns.phase",LEGACY_ROW_TAGGED_JSON_V1: exact original storage class/lexeme/bytes/ordinal
material_evidence,physical_form,EXTEND,wa_science.material_evidence.physical_form_lexeme,Preserve exact reported meaning and source NULL; archive original storage class/lexeme/IEEE bits.,"YES, including raw typed source row",No loss blocker; unresolved support/unit/time/custody must remain explicitly unresolved.,35,8,"wa_meta.legacy_row(snapshot_id,table_name=material_evidence,source_key).original_columns.physical_form",LEGACY_ROW_TAGGED_JSON_V1: exact original storage class/lexeme/bytes/ordinal
material_evidence,evidence_class,EXTEND,wa_science.material_evidence.evidence_class_lexeme,Preserve exact reported meaning and source NULL; archive original storage class/lexeme/IEEE bits.,"YES, including raw typed source row",No loss blocker; unresolved support/unit/time/custody must remain explicitly unresolved.,35,9,"wa_meta.legacy_row(snapshot_id,table_name=material_evidence,source_key).original_columns.evidence_class",LEGACY_ROW_TAGGED_JSON_V1: exact original storage class/lexeme/bytes/ordinal
material_evidence,abundance_semantics,EXTEND,wa_science.material_evidence.abundance_semantics_lexeme,Preserve exact reported meaning and source NULL; archive original storage class/lexeme/IEEE bits.,"YES, including raw typed source row",No loss blocker; unresolved support/unit/time/custody must remain explicitly unresolved.,35,10,"wa_meta.legacy_row(snapshot_id,table_name=material_evidence,source_key).original_columns.abundance_semantics",LEGACY_ROW_TAGGED_JSON_V1: exact original storage class/lexeme/bytes/ordinal
material_evidence,abundance_value,EXTEND,wa_science.material_evidence.value,Preserve exact reported meaning and source NULL; archive original storage class/lexeme/IEEE bits.,"YES, including raw typed source row",No loss blocker; unresolved support/unit/time/custody must remain explicitly unresolved.,35,11,"wa_meta.legacy_row(snapshot_id,table_name=material_evidence,source_key).original_columns.abundance_value",LEGACY_ROW_TAGGED_JSON_V1: exact original storage class/lexeme/bytes/ordinal
material_evidence,abundance_min,EXTEND,wa_science.material_evidence.value_min,Preserve exact reported meaning and source NULL; archive original storage class/lexeme/IEEE bits.,"YES, including raw typed source row",No loss blocker; unresolved support/unit/time/custody must remain explicitly unresolved.,35,12,"wa_meta.legacy_row(snapshot_id,table_name=material_evidence,source_key).original_columns.abundance_min",LEGACY_ROW_TAGGED_JSON_V1: exact original storage class/lexeme/bytes/ordinal
material_evidence,abundance_max,EXTEND,wa_science.material_evidence.value_max,Preserve exact reported meaning and source NULL; archive original storage class/lexeme/IEEE bits.,"YES, including raw typed source row",No loss blocker; unresolved support/unit/time/custody must remain explicitly unresolved.,35,13,"wa_meta.legacy_row(snapshot_id,table_name=material_evidence,source_key).original_columns.abundance_max",LEGACY_ROW_TAGGED_JSON_V1: exact original storage class/lexeme/bytes/ordinal
material_evidence,abundance_unit,EXTEND,wa_science.material_evidence.unit_key -> wa_meta.unit.source_lexeme,Preserve exact reported meaning and source NULL; archive original storage class/lexeme/IEEE bits.,"YES, including raw typed source row",No loss blocker; unresolved support/unit/time/custody must remain explicitly unresolved.,35,14,"wa_meta.legacy_row(snapshot_id,table_name=material_evidence,source_key).original_columns.abundance_unit",LEGACY_ROW_TAGGED_JSON_V1: exact original storage class/lexeme/bytes/ordinal
material_evidence,depth_min,EXTEND,wa_science.material_evidence.legacy_depth_min,Preserve exact reported meaning and source NULL; archive original storage class/lexeme/IEEE bits.,"YES, including raw typed source row",No loss blocker; unresolved support/unit/time/custody must remain explicitly unresolved.,35,15,"wa_meta.legacy_row(snapshot_id,table_name=material_evidence,source_key).original_columns.depth_min",LEGACY_ROW_TAGGED_JSON_V1: exact original storage class/lexeme/bytes/ordinal
material_evidence,depth_max,EXTEND,wa_science.material_evidence.legacy_depth_max,Preserve exact reported meaning and source NULL; archive original storage class/lexeme/IEEE bits.,"YES, including raw typed source row",No loss blocker; unresolved support/unit/time/custody must remain explicitly unresolved.,35,16,"wa_meta.legacy_row(snapshot_id,table_name=material_evidence,source_key).original_columns.depth_max",LEGACY_ROW_TAGGED_JSON_V1: exact original storage class/lexeme/bytes/ordinal
material_evidence,depth_unit,EXTEND,wa_science.material_evidence.legacy_depth_unit_key,Preserve exact reported meaning and source NULL; archive original storage class/lexeme/IEEE bits.,"YES, including raw typed source row",No loss blocker; unresolved support/unit/time/custody must remain explicitly unresolved.,35,17,"wa_meta.legacy_row(snapshot_id,table_name=material_evidence,source_key).original_columns.depth_unit",LEGACY_ROW_TAGGED_JSON_V1: exact original storage class/lexeme/bytes/ordinal
material_evidence,scope,EXTEND,wa_science.support.scope_kind,"Preserve exact reported meaning and source NULL; archive original storage class/lexeme/IEEE bits. Unsupported/missing linkage stays UNRESOLVED, preserving original scope; no fabricated region/sample or default BODY.","YES, including raw typed source row",No loss blocker; unresolved support/unit/time/custody must remain explicitly unresolved.,35,18,"wa_meta.legacy_row(snapshot_id,table_name=material_evidence,source_key).original_columns.scope",LEGACY_ROW_TAGGED_JSON_V1: exact original storage class/lexeme/bytes/ordinal
material_evidence,representativeness,EXTEND,wa_science.support.representativeness_lexeme,"Preserve exact reported meaning and source NULL; archive original storage class/lexeme/IEEE bits. Unsupported/missing linkage stays UNRESOLVED, preserving original scope; no fabricated region/sample or default BODY.","YES, including raw typed source row",No loss blocker; unresolved support/unit/time/custody must remain explicitly unresolved.,35,19,"wa_meta.legacy_row(snapshot_id,table_name=material_evidence,source_key).original_columns.representativeness",LEGACY_ROW_TAGGED_JSON_V1: exact original storage class/lexeme/bytes/ordinal
material_evidence,source_id,EXTEND,wa_science.material_evidence.source_id,Resolve stable deterministic typed identity through exact source key; retain original integer/text ID in forensic row. Do not derive simulation random keys from replacement UUID.,"YES, including raw typed source row",No loss blocker; unresolved support/unit/time/custody must remain explicitly unresolved.,35,20,"wa_meta.legacy_row(snapshot_id,table_name=material_evidence,source_key).original_columns.source_id",LEGACY_ROW_TAGGED_JSON_V1: exact original storage class/lexeme/bytes/ordinal
material_evidence,admission_status,EXTEND,wa_science.material_evidence.initial_standing,Preserve exact reported meaning and source NULL; archive original storage class/lexeme/IEEE bits. Preserve CANDIDATE and preference without promotion; no new admission decision.,"YES, including raw typed source row",No loss blocker; unresolved support/unit/time/custody must remain explicitly unresolved.,35,21,"wa_meta.legacy_row(snapshot_id,table_name=material_evidence,source_key).original_columns.admission_status",LEGACY_ROW_TAGGED_JSON_V1: exact original storage class/lexeme/bytes/ordinal
material_evidence,origin,EXTEND,wa_science.material_evidence.origin_lexeme,Preserve exact reported meaning and source NULL; archive original storage class/lexeme/IEEE bits.,"YES, including raw typed source row",No loss blocker; unresolved support/unit/time/custody must remain explicitly unresolved.,35,22,"wa_meta.legacy_row(snapshot_id,table_name=material_evidence,source_key).original_columns.origin",LEGACY_ROW_TAGGED_JSON_V1: exact original storage class/lexeme/bytes/ordinal
material_evidence,notes,EXTEND,wa_science.material_evidence.notes,Preserve exact reported meaning and source NULL; archive original storage class/lexeme/IEEE bits.,"YES, including raw typed source row",No loss blocker; unresolved support/unit/time/custody must remain explicitly unresolved.,35,23,"wa_meta.legacy_row(snapshot_id,table_name=material_evidence,source_key).original_columns.notes",LEGACY_ROW_TAGGED_JSON_V1: exact original storage class/lexeme/bytes/ordinal
observation,TABLE,EXTEND,wa_science.observation;wa_science.support;wa_geo.time_support,"Empirical measurement, not simulation outcome; epoch and support retained.",YES for pinned source; original typed archive required,No loss blocker; unresolved support/unit/time/custody must remain explicitly unresolved.,28,,wa_meta.legacy_row,Preserved source file/schema/manifest
observation,observation_id,EXTEND,wa_science.observation.observation_id,Resolve stable deterministic typed identity through exact source key; retain original integer/text ID in forensic row. Do not derive simulation random keys from replacement UUID.,"YES, including raw typed source row",No loss blocker; unresolved support/unit/time/custody must remain explicitly unresolved.,28,0,"wa_meta.legacy_row(snapshot_id,table_name=observation,source_key).original_columns.observation_id",LEGACY_ROW_TAGGED_JSON_V1: exact original storage class/lexeme/bytes/ordinal
observation,body_id,EXTEND,wa_science.observation.body_id,Resolve stable deterministic typed identity through exact source key; retain original integer/text ID in forensic row. Do not derive simulation random keys from replacement UUID.,"YES, including raw typed source row",No loss blocker; unresolved support/unit/time/custody must remain explicitly unresolved.,28,1,"wa_meta.legacy_row(snapshot_id,table_name=observation,source_key).original_columns.body_id",LEGACY_ROW_TAGGED_JSON_V1: exact original storage class/lexeme/bytes/ordinal
observation,region_id,EXTEND,wa_science.support.location_id,"Resolve stable deterministic typed identity through exact source key; retain original integer/text ID in forensic row. Do not derive simulation random keys from replacement UUID. Unsupported/missing linkage stays UNRESOLVED, preserving original scope; no fabricated region/sample or default BODY.","YES, including raw typed source row",No loss blocker; unresolved support/unit/time/custody must remain explicitly unresolved.,28,2,"wa_meta.legacy_row(snapshot_id,table_name=observation,source_key).original_columns.region_id",LEGACY_ROW_TAGGED_JSON_V1: exact original storage class/lexeme/bytes/ordinal
observation,spatial_product_id,EXTEND,wa_science.observation.product_id,Resolve stable deterministic typed identity through exact source key; retain original integer/text ID in forensic row. Do not derive simulation random keys from replacement UUID.,"YES, including raw typed source row",No loss blocker; unresolved support/unit/time/custody must remain explicitly unresolved.,28,3,"wa_meta.legacy_row(snapshot_id,table_name=observation,source_key).original_columns.spatial_product_id",LEGACY_ROW_TAGGED_JSON_V1: exact original storage class/lexeme/bytes/ordinal
observation,observation_key,EXTEND,wa_science.observation.semantic_key,Preserve exact reported meaning and source NULL; archive original storage class/lexeme/IEEE bits.,"YES, including raw typed source row",No loss blocker; unresolved support/unit/time/custody must remain explicitly unresolved.,28,4,"wa_meta.legacy_row(snapshot_id,table_name=observation,source_key).original_columns.observation_key",LEGACY_ROW_TAGGED_JSON_V1: exact original storage class/lexeme/bytes/ordinal
observation,measurement_method,EXTEND,wa_science.observation.measurement_method,Preserve exact reported meaning and source NULL; archive original storage class/lexeme/IEEE bits.,"YES, including raw typed source row",No loss blocker; unresolved support/unit/time/custody must remain explicitly unresolved.,28,5,"wa_meta.legacy_row(snapshot_id,table_name=observation,source_key).original_columns.measurement_method",LEGACY_ROW_TAGGED_JSON_V1: exact original storage class/lexeme/bytes/ordinal
observation,scope,EXTEND,wa_science.support.scope_kind,"Preserve exact reported meaning and source NULL; archive original storage class/lexeme/IEEE bits. Unsupported/missing linkage stays UNRESOLVED, preserving original scope; no fabricated region/sample or default BODY.","YES, including raw typed source row",No loss blocker; unresolved support/unit/time/custody must remain explicitly unresolved.,28,6,"wa_meta.legacy_row(snapshot_id,table_name=observation,source_key).original_columns.scope",LEGACY_ROW_TAGGED_JSON_V1: exact original storage class/lexeme/bytes/ordinal
observation,observation_time,EXTEND,wa_geo.time_support.time_lexeme,Preserve exact reported meaning and source NULL; archive original storage class/lexeme/IEEE bits.,"YES, including raw typed source row",No loss blocker; unresolved support/unit/time/custody must remain explicitly unresolved.,28,7,"wa_meta.legacy_row(snapshot_id,table_name=observation,source_key).original_columns.observation_time",LEGACY_ROW_TAGGED_JSON_V1: exact original storage class/lexeme/bytes/ordinal
observation,observation_time_start,EXTEND,wa_geo.time_support.start_lexeme,Preserve exact reported meaning and source NULL; archive original storage class/lexeme/IEEE bits.,"YES, including raw typed source row",No loss blocker; unresolved support/unit/time/custody must remain explicitly unresolved.,28,8,"wa_meta.legacy_row(snapshot_id,table_name=observation,source_key).original_columns.observation_time_start",LEGACY_ROW_TAGGED_JSON_V1: exact original storage class/lexeme/bytes/ordinal
observation,observation_time_end,EXTEND,wa_geo.time_support.end_lexeme,Preserve exact reported meaning and source NULL; archive original storage class/lexeme/IEEE bits.,"YES, including raw typed source row",No loss blocker; unresolved support/unit/time/custody must remain explicitly unresolved.,28,9,"wa_meta.legacy_row(snapshot_id,table_name=observation,source_key).original_columns.observation_time_end",LEGACY_ROW_TAGGED_JSON_V1: exact original storage class/lexeme/bytes/ordinal
observation,horizontal_resolution_value,EXTEND,wa_science.observation.horizontal_resolution_value,Preserve exact reported meaning and source NULL; archive original storage class/lexeme/IEEE bits.,"YES, including raw typed source row",No loss blocker; unresolved support/unit/time/custody must remain explicitly unresolved.,28,10,"wa_meta.legacy_row(snapshot_id,table_name=observation,source_key).original_columns.horizontal_resolution_value",LEGACY_ROW_TAGGED_JSON_V1: exact original storage class/lexeme/bytes/ordinal
observation,horizontal_resolution_unit,EXTEND,wa_science.observation.horizontal_resolution_unit_key -> wa_meta.unit.source_lexeme,Preserve exact reported meaning and source NULL; archive original storage class/lexeme/IEEE bits.,"YES, including raw typed source row",No loss blocker; unresolved support/unit/time/custody must remain explicitly unresolved.,28,11,"wa_meta.legacy_row(snapshot_id,table_name=observation,source_key).original_columns.horizontal_resolution_unit",LEGACY_ROW_TAGGED_JSON_V1: exact original storage class/lexeme/bytes/ordinal
observation,vertical_sensitivity_min,EXTEND,wa_science.observation.vertical_sensitivity_min,Preserve exact reported meaning and source NULL; archive original storage class/lexeme/IEEE bits.,"YES, including raw typed source row",No loss blocker; unresolved support/unit/time/custody must remain explicitly unresolved.,28,12,"wa_meta.legacy_row(snapshot_id,table_name=observation,source_key).original_columns.vertical_sensitivity_min",LEGACY_ROW_TAGGED_JSON_V1: exact original storage class/lexeme/bytes/ordinal
observation,vertical_sensitivity_max,EXTEND,wa_science.observation.vertical_sensitivity_max,Preserve exact reported meaning and source NULL; archive original storage class/lexeme/IEEE bits.,"YES, including raw typed source row",No loss blocker; unresolved support/unit/time/custody must remain explicitly unresolved.,28,13,"wa_meta.legacy_row(snapshot_id,table_name=observation,source_key).original_columns.vertical_sensitivity_max",LEGACY_ROW_TAGGED_JSON_V1: exact original storage class/lexeme/bytes/ordinal
observation,vertical_sensitivity_unit,EXTEND,wa_science.observation.vertical_sensitivity_unit_key -> wa_meta.unit.source_lexeme,Preserve exact reported meaning and source NULL; archive original storage class/lexeme/IEEE bits.,"YES, including raw typed source row",No loss blocker; unresolved support/unit/time/custody must remain explicitly unresolved.,28,14,"wa_meta.legacy_row(snapshot_id,table_name=observation,source_key).original_columns.vertical_sensitivity_unit",LEGACY_ROW_TAGGED_JSON_V1: exact original storage class/lexeme/bytes/ordinal
observation,vertical_coordinate_type,EXTEND,wa_geo.vertical_support.coordinate_kind,Preserve exact reported meaning and source NULL; archive original storage class/lexeme/IEEE bits.,"YES, including raw typed source row",No loss blocker; unresolved support/unit/time/custody must remain explicitly unresolved.,28,15,"wa_meta.legacy_row(snapshot_id,table_name=observation,source_key).original_columns.vertical_coordinate_type",LEGACY_ROW_TAGGED_JSON_V1: exact original storage class/lexeme/bytes/ordinal
observation,vertical_min,EXTEND,wa_geo.vertical_support.lower_value,Preserve exact reported meaning and source NULL; archive original storage class/lexeme/IEEE bits.,"YES, including raw typed source row",No loss blocker; unresolved support/unit/time/custody must remain explicitly unresolved.,28,16,"wa_meta.legacy_row(snapshot_id,table_name=observation,source_key).original_columns.vertical_min",LEGACY_ROW_TAGGED_JSON_V1: exact original storage class/lexeme/bytes/ordinal
observation,vertical_max,EXTEND,wa_geo.vertical_support.upper_value,Preserve exact reported meaning and source NULL; archive original storage class/lexeme/IEEE bits.,"YES, including raw typed source row",No loss blocker; unresolved support/unit/time/custody must remain explicitly unresolved.,28,17,"wa_meta.legacy_row(snapshot_id,table_name=observation,source_key).original_columns.vertical_max",LEGACY_ROW_TAGGED_JSON_V1: exact original storage class/lexeme/bytes/ordinal
observation,vertical_unit,EXTEND,wa_geo.vertical_support.unit_key,Preserve exact reported meaning and source NULL; archive original storage class/lexeme/IEEE bits.,"YES, including raw typed source row",No loss blocker; unresolved support/unit/time/custody must remain explicitly unresolved.,28,18,"wa_meta.legacy_row(snapshot_id,table_name=observation,source_key).original_columns.vertical_unit",LEGACY_ROW_TAGGED_JSON_V1: exact original storage class/lexeme/bytes/ordinal
observation,vertical_datum,EXTEND,wa_geo.vertical_support.datum_ref,Preserve exact reported meaning and source NULL; archive original storage class/lexeme/IEEE bits.,"YES, including raw typed source row",No loss blocker; unresolved support/unit/time/custody must remain explicitly unresolved.,28,19,"wa_meta.legacy_row(snapshot_id,table_name=observation,source_key).original_columns.vertical_datum",LEGACY_ROW_TAGGED_JSON_V1: exact original storage class/lexeme/bytes/ordinal
observation,source_id,EXTEND,wa_science.observation.source_id,Resolve stable deterministic typed identity through exact source key; retain original integer/text ID in forensic row. Do not derive simulation random keys from replacement UUID.,"YES, including raw typed source row",No loss blocker; unresolved support/unit/time/custody must remain explicitly unresolved.,28,20,"wa_meta.legacy_row(snapshot_id,table_name=observation,source_key).original_columns.source_id",LEGACY_ROW_TAGGED_JSON_V1: exact original storage class/lexeme/bytes/ordinal
observation,notes,EXTEND,wa_science.observation.notes,Preserve exact reported meaning and source NULL; archive original storage class/lexeme/IEEE bits.,"YES, including raw typed source row",No loss blocker; unresolved support/unit/time/custody must remain explicitly unresolved.,28,21,"wa_meta.legacy_row(snapshot_id,table_name=observation,source_key).original_columns.notes",LEGACY_ROW_TAGGED_JSON_V1: exact original storage class/lexeme/bytes/ordinal
project_site,TABLE,REFACTOR,wa_world.site;wa_geo.location;wa_run.project_location,Empty scaffold split into world-specific physical site and later many-to-many project association.,YES for pinned source; original typed archive required,EMPTY scaffold: no data or fictional rows to create; future new records need governed missing metadata.,0,,wa_meta.legacy_row,Preserved source file/schema/manifest
project_site,project_site_id,REFACTOR,wa_world.site.site_id,"Resolve stable deterministic typed identity through exact source key; retain original integer/text ID in forensic row. Do not derive simulation random keys from replacement UUID. Source has zero rows: no synthetic generator, world, site or stock is imported.","YES, including raw typed source row",EMPTY scaffold: no data or fictional rows to create; future new records need governed missing metadata.,0,0,"wa_meta.legacy_row(snapshot_id,table_name=project_site,source_key).original_columns.project_site_id",LEGACY_ROW_TAGGED_JSON_V1: exact original storage class/lexeme/bytes/ordinal
project_site,world_realization_id,REFACTOR,wa_world.site.world_id,"Resolve stable deterministic typed identity through exact source key; retain original integer/text ID in forensic row. Do not derive simulation random keys from replacement UUID. Source has zero rows: no synthetic generator, world, site or stock is imported.","YES, including raw typed source row",EMPTY scaffold: no data or fictional rows to create; future new records need governed missing metadata.,0,1,"wa_meta.legacy_row(snapshot_id,table_name=project_site,source_key).original_columns.world_realization_id",LEGACY_ROW_TAGGED_JSON_V1: exact original storage class/lexeme/bytes/ordinal
project_site,region_id,REFACTOR,wa_world.site.location_id,"Resolve stable deterministic typed identity through exact source key; retain original integer/text ID in forensic row. Do not derive simulation random keys from replacement UUID. Unsupported/missing linkage stays UNRESOLVED, preserving original scope; no fabricated region/sample or default BODY. Source has zero rows: no synthetic generator, world, site or stock is imported.","YES, including raw typed source row",EMPTY scaffold: no data or fictional rows to create; future new records need governed missing metadata.,0,2,"wa_meta.legacy_row(snapshot_id,table_name=project_site,source_key).original_columns.region_id",LEGACY_ROW_TAGGED_JSON_V1: exact original storage class/lexeme/bytes/ordinal
project_site,site_key,REFACTOR,wa_world.site.semantic_key,"Preserve exact reported meaning and source NULL; archive original storage class/lexeme/IEEE bits. Source has zero rows: no synthetic generator, world, site or stock is imported.","YES, including raw typed source row",EMPTY scaffold: no data or fictional rows to create; future new records need governed missing metadata.,0,3,"wa_meta.legacy_row(snapshot_id,table_name=project_site,source_key).original_columns.site_key",LEGACY_ROW_TAGGED_JSON_V1: exact original storage class/lexeme/bytes/ordinal
project_site,site_name,REFACTOR,wa_world.site.name,"Preserve exact reported meaning and source NULL; archive original storage class/lexeme/IEEE bits. Source has zero rows: no synthetic generator, world, site or stock is imported.","YES, including raw typed source row",EMPTY scaffold: no data or fictional rows to create; future new records need governed missing metadata.,0,4,"wa_meta.legacy_row(snapshot_id,table_name=project_site,source_key).original_columns.site_name",LEGACY_ROW_TAGGED_JSON_V1: exact original storage class/lexeme/bytes/ordinal
project_site,status,REFACTOR,wa_world.site.status_lexeme,"Preserve exact reported meaning and source NULL; archive original storage class/lexeme/IEEE bits. Source has zero rows: no synthetic generator, world, site or stock is imported.","YES, including raw typed source row",EMPTY scaffold: no data or fictional rows to create; future new records need governed missing metadata.,0,5,"wa_meta.legacy_row(snapshot_id,table_name=project_site,source_key).original_columns.status",LEGACY_ROW_TAGGED_JSON_V1: exact original storage class/lexeme/bytes/ordinal
reconciliation,TABLE,KEEP,wa_science.reconciliation,Both competing assertions retained; no synthesized consensus.,YES for pinned source; original typed archive required,No loss blocker; unresolved support/unit/time/custody must remain explicitly unresolved.,1,,wa_meta.legacy_row,Preserved source file/schema/manifest
reconciliation,reconciliation_id,KEEP,wa_science.reconciliation.reconciliation_id,Resolve stable deterministic typed identity through exact source key; retain original integer/text ID in forensic row. Do not derive simulation random keys from replacement UUID.,"YES, including raw typed source row",No loss blocker; unresolved support/unit/time/custody must remain explicitly unresolved.,1,0,"wa_meta.legacy_row(snapshot_id,table_name=reconciliation,source_key).original_columns.reconciliation_id",LEGACY_ROW_TAGGED_JSON_V1: exact original storage class/lexeme/bytes/ordinal
reconciliation,body_id,KEEP,wa_science.reconciliation.body_id,Resolve stable deterministic typed identity through exact source key; retain original integer/text ID in forensic row. Do not derive simulation random keys from replacement UUID.,"YES, including raw typed source row",No loss blocker; unresolved support/unit/time/custody must remain explicitly unresolved.,1,1,"wa_meta.legacy_row(snapshot_id,table_name=reconciliation,source_key).original_columns.body_id",LEGACY_ROW_TAGGED_JSON_V1: exact original storage class/lexeme/bytes/ordinal
reconciliation,property_code,KEEP,wa_science.reconciliation.property_code,Preserve exact reported meaning and source NULL; archive original storage class/lexeme/IEEE bits.,"YES, including raw typed source row",No loss blocker; unresolved support/unit/time/custody must remain explicitly unresolved.,1,2,"wa_meta.legacy_row(snapshot_id,table_name=reconciliation,source_key).original_columns.property_code",LEGACY_ROW_TAGGED_JSON_V1: exact original storage class/lexeme/bytes/ordinal
reconciliation,assertion_a,KEEP,wa_science.reconciliation.assertion_a,Preserve exact reported meaning and source NULL; archive original storage class/lexeme/IEEE bits.,"YES, including raw typed source row",No loss blocker; unresolved support/unit/time/custody must remain explicitly unresolved.,1,3,"wa_meta.legacy_row(snapshot_id,table_name=reconciliation,source_key).original_columns.assertion_a",LEGACY_ROW_TAGGED_JSON_V1: exact original storage class/lexeme/bytes/ordinal
reconciliation,assertion_b,KEEP,wa_science.reconciliation.assertion_b,Preserve exact reported meaning and source NULL; archive original storage class/lexeme/IEEE bits.,"YES, including raw typed source row",No loss blocker; unresolved support/unit/time/custody must remain explicitly unresolved.,1,4,"wa_meta.legacy_row(snapshot_id,table_name=reconciliation,source_key).original_columns.assertion_b",LEGACY_ROW_TAGGED_JSON_V1: exact original storage class/lexeme/bytes/ordinal
reconciliation,classification,KEEP,wa_science.reconciliation.classification_lexeme,Preserve exact reported meaning and source NULL; archive original storage class/lexeme/IEEE bits.,"YES, including raw typed source row",No loss blocker; unresolved support/unit/time/custody must remain explicitly unresolved.,1,5,"wa_meta.legacy_row(snapshot_id,table_name=reconciliation,source_key).original_columns.classification",LEGACY_ROW_TAGGED_JSON_V1: exact original storage class/lexeme/bytes/ordinal
reconciliation,reason,KEEP,wa_science.reconciliation.reason,Preserve exact reported meaning and source NULL; archive original storage class/lexeme/IEEE bits.,"YES, including raw typed source row",No loss blocker; unresolved support/unit/time/custody must remain explicitly unresolved.,1,6,"wa_meta.legacy_row(snapshot_id,table_name=reconciliation,source_key).original_columns.reason",LEGACY_ROW_TAGGED_JSON_V1: exact original storage class/lexeme/bytes/ordinal
reconciliation,status,KEEP,wa_science.reconciliation.status_lexeme,Preserve exact reported meaning and source NULL; archive original storage class/lexeme/IEEE bits.,"YES, including raw typed source row",No loss blocker; unresolved support/unit/time/custody must remain explicitly unresolved.,1,7,"wa_meta.legacy_row(snapshot_id,table_name=reconciliation,source_key).original_columns.status",LEGACY_ROW_TAGGED_JSON_V1: exact original storage class/lexeme/bytes/ordinal
region,TABLE,GENERALIZE,wa_geo.location;wa_geo.location_relation,Spatial anchors support nesting/overlap; original region type preserved.,YES for pinned source; original typed archive required,No loss blocker; unresolved support/unit/time/custody must remain explicitly unresolved.,101,,wa_meta.legacy_row,Preserved source file/schema/manifest
region,region_id,GENERALIZE,wa_geo.location.location_id,"Resolve stable deterministic typed identity through exact source key; retain original integer/text ID in forensic row. Do not derive simulation random keys from replacement UUID. Unsupported/missing linkage stays UNRESOLVED, preserving original scope; no fabricated region/sample or default BODY.","YES, including raw typed source row",No loss blocker; unresolved support/unit/time/custody must remain explicitly unresolved.,101,0,"wa_meta.legacy_row(snapshot_id,table_name=region,source_key).original_columns.region_id",LEGACY_ROW_TAGGED_JSON_V1: exact original storage class/lexeme/bytes/ordinal
region,body_id,GENERALIZE,wa_geo.location.body_id,Resolve stable deterministic typed identity through exact source key; retain original integer/text ID in forensic row. Do not derive simulation random keys from replacement UUID.,"YES, including raw typed source row",No loss blocker; unresolved support/unit/time/custody must remain explicitly unresolved.,101,1,"wa_meta.legacy_row(snapshot_id,table_name=region,source_key).original_columns.body_id",LEGACY_ROW_TAGGED_JSON_V1: exact original storage class/lexeme/bytes/ordinal
region,region_key,GENERALIZE,wa_geo.location.semantic_key,Preserve exact reported meaning and source NULL; archive original storage class/lexeme/IEEE bits.,"YES, including raw typed source row",No loss blocker; unresolved support/unit/time/custody must remain explicitly unresolved.,101,2,"wa_meta.legacy_row(snapshot_id,table_name=region,source_key).original_columns.region_key",LEGACY_ROW_TAGGED_JSON_V1: exact original storage class/lexeme/bytes/ordinal
region,region_name,GENERALIZE,wa_geo.location.name,Preserve exact reported meaning and source NULL; archive original storage class/lexeme/IEEE bits.,"YES, including raw typed source row",No loss blocker; unresolved support/unit/time/custody must remain explicitly unresolved.,101,3,"wa_meta.legacy_row(snapshot_id,table_name=region,source_key).original_columns.region_name",LEGACY_ROW_TAGGED_JSON_V1: exact original storage class/lexeme/bytes/ordinal
region,region_type,GENERALIZE,wa_geo.location.original_region_type,Preserve exact reported meaning and source NULL; archive original storage class/lexeme/IEEE bits.,"YES, including raw typed source row",No loss blocker; unresolved support/unit/time/custody must remain explicitly unresolved.,101,4,"wa_meta.legacy_row(snapshot_id,table_name=region,source_key).original_columns.region_type",LEGACY_ROW_TAGGED_JSON_V1: exact original storage class/lexeme/bytes/ordinal
region,parent_region_id,GENERALIZE,wa_geo.location_relation.from_location_id/to_location_id,Explicit CONTAINS association only; preserve absent parent; relation grants no evidence inheritance.,"YES, including raw typed source row",No loss blocker; unresolved support/unit/time/custody must remain explicitly unresolved.,101,5,"wa_meta.legacy_row(snapshot_id,table_name=region,source_key).original_columns.parent_region_id",LEGACY_ROW_TAGGED_JSON_V1: exact original storage class/lexeme/bytes/ordinal
region,geometry_ref,GENERALIZE,wa_geo.geometry.product_locator,Preserve exact reported meaning and source NULL; archive original storage class/lexeme/IEEE bits.,"YES, including raw typed source row",No loss blocker; unresolved support/unit/time/custody must remain explicitly unresolved.,101,6,"wa_meta.legacy_row(snapshot_id,table_name=region,source_key).original_columns.geometry_ref",LEGACY_ROW_TAGGED_JSON_V1: exact original storage class/lexeme/bytes/ordinal
region,notes,GENERALIZE,wa_geo.location.notes,Preserve exact reported meaning and source NULL; archive original storage class/lexeme/IEEE bits.,"YES, including raw typed source row",No loss blocker; unresolved support/unit/time/custody must remain explicitly unresolved.,101,7,"wa_meta.legacy_row(snapshot_id,table_name=region,source_key).original_columns.notes",LEGACY_ROW_TAGGED_JSON_V1: exact original storage class/lexeme/bytes/ordinal
sample,TABLE,EXTEND,wa_science.sample;wa_geo.time_support,Sample origin/collection time does not grant representativeness.,YES for pinned source; original typed archive required,No loss blocker; unresolved support/unit/time/custody must remain explicitly unresolved.,4,,wa_meta.legacy_row,Preserved source file/schema/manifest
sample,sample_id,EXTEND,wa_science.sample.sample_id,"Resolve stable deterministic typed identity through exact source key; retain original integer/text ID in forensic row. Do not derive simulation random keys from replacement UUID. Unsupported/missing linkage stays UNRESOLVED, preserving original scope; no fabricated region/sample or default BODY.","YES, including raw typed source row",No loss blocker; unresolved support/unit/time/custody must remain explicitly unresolved.,4,0,"wa_meta.legacy_row(snapshot_id,table_name=sample,source_key).original_columns.sample_id",LEGACY_ROW_TAGGED_JSON_V1: exact original storage class/lexeme/bytes/ordinal
sample,body_id,EXTEND,wa_science.sample.body_id,Resolve stable deterministic typed identity through exact source key; retain original integer/text ID in forensic row. Do not derive simulation random keys from replacement UUID.,"YES, including raw typed source row",No loss blocker; unresolved support/unit/time/custody must remain explicitly unresolved.,4,1,"wa_meta.legacy_row(snapshot_id,table_name=sample,source_key).original_columns.body_id",LEGACY_ROW_TAGGED_JSON_V1: exact original storage class/lexeme/bytes/ordinal
sample,region_id,EXTEND,wa_science.sample.location_id,"Resolve stable deterministic typed identity through exact source key; retain original integer/text ID in forensic row. Do not derive simulation random keys from replacement UUID. Unsupported/missing linkage stays UNRESOLVED, preserving original scope; no fabricated region/sample or default BODY.","YES, including raw typed source row",No loss blocker; unresolved support/unit/time/custody must remain explicitly unresolved.,4,2,"wa_meta.legacy_row(snapshot_id,table_name=sample,source_key).original_columns.region_id",LEGACY_ROW_TAGGED_JSON_V1: exact original storage class/lexeme/bytes/ordinal
sample,sample_key,EXTEND,wa_science.sample.semantic_key,Preserve exact reported meaning and source NULL; archive original storage class/lexeme/IEEE bits.,"YES, including raw typed source row",No loss blocker; unresolved support/unit/time/custody must remain explicitly unresolved.,4,3,"wa_meta.legacy_row(snapshot_id,table_name=sample,source_key).original_columns.sample_key",LEGACY_ROW_TAGGED_JSON_V1: exact original storage class/lexeme/bytes/ordinal
sample,sample_name,EXTEND,wa_science.sample.sample_name,Preserve exact reported meaning and source NULL; archive original storage class/lexeme/IEEE bits.,"YES, including raw typed source row",No loss blocker; unresolved support/unit/time/custody must remain explicitly unresolved.,4,4,"wa_meta.legacy_row(snapshot_id,table_name=sample,source_key).original_columns.sample_name",LEGACY_ROW_TAGGED_JSON_V1: exact original storage class/lexeme/bytes/ordinal
sample,collection_site,EXTEND,wa_science.sample.collection_site_lexeme,Preserve exact reported meaning and source NULL; archive original storage class/lexeme/IEEE bits.,"YES, including raw typed source row",No loss blocker; unresolved support/unit/time/custody must remain explicitly unresolved.,4,5,"wa_meta.legacy_row(snapshot_id,table_name=sample,source_key).original_columns.collection_site",LEGACY_ROW_TAGGED_JSON_V1: exact original storage class/lexeme/bytes/ordinal
sample,collection_method,EXTEND,wa_science.sample.collection_method,Preserve exact reported meaning and source NULL; archive original storage class/lexeme/IEEE bits.,"YES, including raw typed source row",No loss blocker; unresolved support/unit/time/custody must remain explicitly unresolved.,4,6,"wa_meta.legacy_row(snapshot_id,table_name=sample,source_key).original_columns.collection_method",LEGACY_ROW_TAGGED_JSON_V1: exact original storage class/lexeme/bytes/ordinal
sample,collection_time_start,EXTEND,wa_geo.time_support.start_lexeme,Preserve exact reported meaning and source NULL; archive original storage class/lexeme/IEEE bits.,"YES, including raw typed source row",No loss blocker; unresolved support/unit/time/custody must remain explicitly unresolved.,4,7,"wa_meta.legacy_row(snapshot_id,table_name=sample,source_key).original_columns.collection_time_start",LEGACY_ROW_TAGGED_JSON_V1: exact original storage class/lexeme/bytes/ordinal
sample,collection_time_end,EXTEND,wa_geo.time_support.end_lexeme,Preserve exact reported meaning and source NULL; archive original storage class/lexeme/IEEE bits.,"YES, including raw typed source row",No loss blocker; unresolved support/unit/time/custody must remain explicitly unresolved.,4,8,"wa_meta.legacy_row(snapshot_id,table_name=sample,source_key).original_columns.collection_time_end",LEGACY_ROW_TAGGED_JSON_V1: exact original storage class/lexeme/bytes/ordinal
sample,mass_value,EXTEND,wa_science.sample.mass_value,Preserve exact reported meaning and source NULL; archive original storage class/lexeme/IEEE bits. NUMERIC projection is not a claim of greater source precision.,"YES, including raw typed source row",No loss blocker; unresolved support/unit/time/custody must remain explicitly unresolved.,4,9,"wa_meta.legacy_row(snapshot_id,table_name=sample,source_key).original_columns.mass_value",LEGACY_ROW_TAGGED_JSON_V1: exact original storage class/lexeme/bytes/ordinal
sample,mass_unit,EXTEND,wa_science.sample.mass_unit_key -> wa_meta.unit.source_lexeme,Preserve exact reported meaning and source NULL; archive original storage class/lexeme/IEEE bits.,"YES, including raw typed source row",No loss blocker; unresolved support/unit/time/custody must remain explicitly unresolved.,4,10,"wa_meta.legacy_row(snapshot_id,table_name=sample,source_key).original_columns.mass_unit",LEGACY_ROW_TAGGED_JSON_V1: exact original storage class/lexeme/bytes/ordinal
sample,source_id,EXTEND,wa_science.sample.source_id,Resolve stable deterministic typed identity through exact source key; retain original integer/text ID in forensic row. Do not derive simulation random keys from replacement UUID.,"YES, including raw typed source row",No loss blocker; unresolved support/unit/time/custody must remain explicitly unresolved.,4,11,"wa_meta.legacy_row(snapshot_id,table_name=sample,source_key).original_columns.source_id",LEGACY_ROW_TAGGED_JSON_V1: exact original storage class/lexeme/bytes/ordinal
sample,notes,EXTEND,wa_science.sample.notes,Preserve exact reported meaning and source NULL; archive original storage class/lexeme/IEEE bits.,"YES, including raw typed source row",No loss blocker; unresolved support/unit/time/custody must remain explicitly unresolved.,4,12,"wa_meta.legacy_row(snapshot_id,table_name=sample,source_key).original_columns.notes",LEGACY_ROW_TAGGED_JSON_V1: exact original storage class/lexeme/bytes/ordinal
scientific_assertion,TABLE,EXTEND,wa_science.assertion;wa_science.support;wa_geo.time_support,Four ontologies unchanged; all 880 candidates remain candidates; raw source fidelity retained.,YES for pinned source; original typed archive required,No loss blocker; unresolved support/unit/time/custody must remain explicitly unresolved.,880,,wa_meta.legacy_row,Preserved source file/schema/manifest
scientific_assertion,assertion_id,EXTEND,wa_science.assertion.assertion_id,Resolve stable deterministic typed identity through exact source key; retain original integer/text ID in forensic row. Do not derive simulation random keys from replacement UUID.,"YES, including raw typed source row",No loss blocker; unresolved support/unit/time/custody must remain explicitly unresolved.,880,0,"wa_meta.legacy_row(snapshot_id,table_name=scientific_assertion,source_key).original_columns.assertion_id",LEGACY_ROW_TAGGED_JSON_V1: exact original storage class/lexeme/bytes/ordinal
scientific_assertion,assertion_key,EXTEND,wa_science.assertion.semantic_key,Preserve exact reported meaning and source NULL; archive original storage class/lexeme/IEEE bits.,"YES, including raw typed source row",No loss blocker; unresolved support/unit/time/custody must remain explicitly unresolved.,880,1,"wa_meta.legacy_row(snapshot_id,table_name=scientific_assertion,source_key).original_columns.assertion_key",LEGACY_ROW_TAGGED_JSON_V1: exact original storage class/lexeme/bytes/ordinal
scientific_assertion,body_id,EXTEND,wa_science.assertion.body_id,Resolve stable deterministic typed identity through exact source key; retain original integer/text ID in forensic row. Do not derive simulation random keys from replacement UUID.,"YES, including raw typed source row",No loss blocker; unresolved support/unit/time/custody must remain explicitly unresolved.,880,2,"wa_meta.legacy_row(snapshot_id,table_name=scientific_assertion,source_key).original_columns.body_id",LEGACY_ROW_TAGGED_JSON_V1: exact original storage class/lexeme/bytes/ordinal
scientific_assertion,property_code,EXTEND,wa_science.assertion.property_code,Preserve exact reported meaning and source NULL; archive original storage class/lexeme/IEEE bits.,"YES, including raw typed source row",No loss blocker; unresolved support/unit/time/custody must remain explicitly unresolved.,880,3,"wa_meta.legacy_row(snapshot_id,table_name=scientific_assertion,source_key).original_columns.property_code",LEGACY_ROW_TAGGED_JSON_V1: exact original storage class/lexeme/bytes/ordinal
scientific_assertion,ontology,EXTEND,wa_science.assertion.ontology,Preserve exact reported meaning and source NULL; archive original storage class/lexeme/IEEE bits.,"YES, including raw typed source row",No loss blocker; unresolved support/unit/time/custody must remain explicitly unresolved.,880,4,"wa_meta.legacy_row(snapshot_id,table_name=scientific_assertion,source_key).original_columns.ontology",LEGACY_ROW_TAGGED_JSON_V1: exact original storage class/lexeme/bytes/ordinal
scientific_assertion,scope,EXTEND,wa_science.support.scope_kind,"Preserve exact reported meaning and source NULL; archive original storage class/lexeme/IEEE bits. Unsupported/missing linkage stays UNRESOLVED, preserving original scope; no fabricated region/sample or default BODY.","YES, including raw typed source row",No loss blocker; unresolved support/unit/time/custody must remain explicitly unresolved.,880,5,"wa_meta.legacy_row(snapshot_id,table_name=scientific_assertion,source_key).original_columns.scope",LEGACY_ROW_TAGGED_JSON_V1: exact original storage class/lexeme/bytes/ordinal
scientific_assertion,region_id,EXTEND,wa_science.support.location_id,"Resolve stable deterministic typed identity through exact source key; retain original integer/text ID in forensic row. Do not derive simulation random keys from replacement UUID. Unsupported/missing linkage stays UNRESOLVED, preserving original scope; no fabricated region/sample or default BODY.","YES, including raw typed source row",No loss blocker; unresolved support/unit/time/custody must remain explicitly unresolved.,880,6,"wa_meta.legacy_row(snapshot_id,table_name=scientific_assertion,source_key).original_columns.region_id",LEGACY_ROW_TAGGED_JSON_V1: exact original storage class/lexeme/bytes/ordinal
scientific_assertion,observation_id,EXTEND,wa_science.assertion.observation_id,Resolve stable deterministic typed identity through exact source key; retain original integer/text ID in forensic row. Do not derive simulation random keys from replacement UUID.,"YES, including raw typed source row",No loss blocker; unresolved support/unit/time/custody must remain explicitly unresolved.,880,7,"wa_meta.legacy_row(snapshot_id,table_name=scientific_assertion,source_key).original_columns.observation_id",LEGACY_ROW_TAGGED_JSON_V1: exact original storage class/lexeme/bytes/ordinal
scientific_assertion,sample_id,EXTEND,wa_science.assertion.sample_id,"Resolve stable deterministic typed identity through exact source key; retain original integer/text ID in forensic row. Do not derive simulation random keys from replacement UUID. Unsupported/missing linkage stays UNRESOLVED, preserving original scope; no fabricated region/sample or default BODY.","YES, including raw typed source row",No loss blocker; unresolved support/unit/time/custody must remain explicitly unresolved.,880,8,"wa_meta.legacy_row(snapshot_id,table_name=scientific_assertion,source_key).original_columns.sample_id",LEGACY_ROW_TAGGED_JSON_V1: exact original storage class/lexeme/bytes/ordinal
scientific_assertion,spatial_product_id,EXTEND,wa_science.assertion.product_id,Resolve stable deterministic typed identity through exact source key; retain original integer/text ID in forensic row. Do not derive simulation random keys from replacement UUID.,"YES, including raw typed source row",No loss blocker; unresolved support/unit/time/custody must remain explicitly unresolved.,880,9,"wa_meta.legacy_row(snapshot_id,table_name=scientific_assertion,source_key).original_columns.spatial_product_id",LEGACY_ROW_TAGGED_JSON_V1: exact original storage class/lexeme/bytes/ordinal
scientific_assertion,value_kind,EXTEND,wa_science.assertion.value_kind,Preserve exact reported meaning and source NULL; archive original storage class/lexeme/IEEE bits.,"YES, including raw typed source row",No loss blocker; unresolved support/unit/time/custody must remain explicitly unresolved.,880,10,"wa_meta.legacy_row(snapshot_id,table_name=scientific_assertion,source_key).original_columns.value_kind",LEGACY_ROW_TAGGED_JSON_V1: exact original storage class/lexeme/bytes/ordinal
scientific_assertion,value_numeric,EXTEND,wa_science.assertion.value_numeric,Preserve exact reported meaning and source NULL; archive original storage class/lexeme/IEEE bits. NUMERIC projection is not a claim of greater source precision.,"YES, including raw typed source row",No loss blocker; unresolved support/unit/time/custody must remain explicitly unresolved.,880,11,"wa_meta.legacy_row(snapshot_id,table_name=scientific_assertion,source_key).original_columns.value_numeric",LEGACY_ROW_TAGGED_JSON_V1: exact original storage class/lexeme/bytes/ordinal
scientific_assertion,value_text,EXTEND,wa_science.assertion.value_text,"Preserve exact reported meaning and source NULL; archive original storage class/lexeme/IEEE bits.; OWNER LOSSLESS RAW RULE: when value_kind=UNKNOWN, exact explanatory source text remains forensic original_columns; normalized UNKNOWN has NULL payload. Four baseline rows; no source NULL/UNKNOWN conversion.","YES, including raw typed source row","No loss blocker; unresolved support/unit/time/custody must remain explicitly unresolved.; OWNER LOSSLESS RAW RULE: when value_kind=UNKNOWN, exact explanatory source text remains forensic original_columns; normalized UNKNOWN has NULL payload. Four baseline rows; no source NULL/UNKNOWN conversion.",880,12,"wa_meta.legacy_row(snapshot_id,table_name=scientific_assertion,source_key).original_columns.value_text",LEGACY_ROW_TAGGED_JSON_V1: exact original storage class/lexeme/bytes/ordinal
scientific_assertion,unit,EXTEND,wa_science.assertion.unit_key/unit_state -> wa_meta.unit.source_lexeme,Preserve exact reported meaning and source NULL; archive original storage class/lexeme/IEEE bits.,"YES, including raw typed source row",No loss blocker; unresolved support/unit/time/custody must remain explicitly unresolved.,880,13,"wa_meta.legacy_row(snapshot_id,table_name=scientific_assertion,source_key).original_columns.unit",LEGACY_ROW_TAGGED_JSON_V1: exact original storage class/lexeme/bytes/ordinal
scientific_assertion,uncertainty_numeric,EXTEND,wa_science.assertion.uncertainty_numeric,Preserve exact reported meaning and source NULL; archive original storage class/lexeme/IEEE bits.,"YES, including raw typed source row",No loss blocker; unresolved support/unit/time/custody must remain explicitly unresolved.,880,14,"wa_meta.legacy_row(snapshot_id,table_name=scientific_assertion,source_key).original_columns.uncertainty_numeric",LEGACY_ROW_TAGGED_JSON_V1: exact original storage class/lexeme/bytes/ordinal
scientific_assertion,uncertainty_text,EXTEND,wa_science.assertion.uncertainty_text,Preserve exact reported meaning and source NULL; archive original storage class/lexeme/IEEE bits.,"YES, including raw typed source row",No loss blocker; unresolved support/unit/time/custody must remain explicitly unresolved.,880,15,"wa_meta.legacy_row(snapshot_id,table_name=scientific_assertion,source_key).original_columns.uncertainty_text",LEGACY_ROW_TAGGED_JSON_V1: exact original storage class/lexeme/bytes/ordinal
scientific_assertion,value_min,EXTEND,wa_science.assertion.value_min,Preserve exact reported meaning and source NULL; archive original storage class/lexeme/IEEE bits. NUMERIC projection is not a claim of greater source precision.,"YES, including raw typed source row",No loss blocker; unresolved support/unit/time/custody must remain explicitly unresolved.,880,16,"wa_meta.legacy_row(snapshot_id,table_name=scientific_assertion,source_key).original_columns.value_min",LEGACY_ROW_TAGGED_JSON_V1: exact original storage class/lexeme/bytes/ordinal
scientific_assertion,value_max,EXTEND,wa_science.assertion.value_max,Preserve exact reported meaning and source NULL; archive original storage class/lexeme/IEEE bits. NUMERIC projection is not a claim of greater source precision.,"YES, including raw typed source row",No loss blocker; unresolved support/unit/time/custody must remain explicitly unresolved.,880,17,"wa_meta.legacy_row(snapshot_id,table_name=scientific_assertion,source_key).original_columns.value_max",LEGACY_ROW_TAGGED_JSON_V1: exact original storage class/lexeme/bytes/ordinal
scientific_assertion,bound_operator,EXTEND,wa_science.assertion.bound_operator,Preserve exact reported meaning and source NULL; archive original storage class/lexeme/IEEE bits.,"YES, including raw typed source row",No loss blocker; unresolved support/unit/time/custody must remain explicitly unresolved.,880,18,"wa_meta.legacy_row(snapshot_id,table_name=scientific_assertion,source_key).original_columns.bound_operator",LEGACY_ROW_TAGGED_JSON_V1: exact original storage class/lexeme/bytes/ordinal
scientific_assertion,vertical_coordinate_type,EXTEND,wa_geo.vertical_support.coordinate_kind,Preserve exact reported meaning and source NULL; archive original storage class/lexeme/IEEE bits.,"YES, including raw typed source row",No loss blocker; unresolved support/unit/time/custody must remain explicitly unresolved.,880,19,"wa_meta.legacy_row(snapshot_id,table_name=scientific_assertion,source_key).original_columns.vertical_coordinate_type",LEGACY_ROW_TAGGED_JSON_V1: exact original storage class/lexeme/bytes/ordinal
scientific_assertion,vertical_min,EXTEND,wa_geo.vertical_support.lower_value,Preserve exact reported meaning and source NULL; archive original storage class/lexeme/IEEE bits.,"YES, including raw typed source row",No loss blocker; unresolved support/unit/time/custody must remain explicitly unresolved.,880,20,"wa_meta.legacy_row(snapshot_id,table_name=scientific_assertion,source_key).original_columns.vertical_min",LEGACY_ROW_TAGGED_JSON_V1: exact original storage class/lexeme/bytes/ordinal
scientific_assertion,vertical_max,EXTEND,wa_geo.vertical_support.upper_value,Preserve exact reported meaning and source NULL; archive original storage class/lexeme/IEEE bits.,"YES, including raw typed source row",No loss blocker; unresolved support/unit/time/custody must remain explicitly unresolved.,880,21,"wa_meta.legacy_row(snapshot_id,table_name=scientific_assertion,source_key).original_columns.vertical_max",LEGACY_ROW_TAGGED_JSON_V1: exact original storage class/lexeme/bytes/ordinal
scientific_assertion,vertical_unit,EXTEND,wa_geo.vertical_support.unit_key,Preserve exact reported meaning and source NULL; archive original storage class/lexeme/IEEE bits.,"YES, including raw typed source row",No loss blocker; unresolved support/unit/time/custody must remain explicitly unresolved.,880,22,"wa_meta.legacy_row(snapshot_id,table_name=scientific_assertion,source_key).original_columns.vertical_unit",LEGACY_ROW_TAGGED_JSON_V1: exact original storage class/lexeme/bytes/ordinal
scientific_assertion,vertical_datum,EXTEND,wa_geo.vertical_support.datum_ref,Preserve exact reported meaning and source NULL; archive original storage class/lexeme/IEEE bits.,"YES, including raw typed source row",No loss blocker; unresolved support/unit/time/custody must remain explicitly unresolved.,880,23,"wa_meta.legacy_row(snapshot_id,table_name=scientific_assertion,source_key).original_columns.vertical_datum",LEGACY_ROW_TAGGED_JSON_V1: exact original storage class/lexeme/bytes/ordinal
scientific_assertion,epistemic_class,EXTEND,wa_science.assertion.epistemic_class_lexeme,Preserve exact reported meaning and source NULL; archive original storage class/lexeme/IEEE bits. UNKNOWN classification with reported value is orthogonal to value_kind UNKNOWN.,"YES, including raw typed source row",No loss blocker; unresolved support/unit/time/custody must remain explicitly unresolved.,880,24,"wa_meta.legacy_row(snapshot_id,table_name=scientific_assertion,source_key).original_columns.epistemic_class",LEGACY_ROW_TAGGED_JSON_V1: exact original storage class/lexeme/bytes/ordinal
scientific_assertion,measurement_method,EXTEND,wa_science.assertion.measurement_method,Preserve exact reported meaning and source NULL; archive original storage class/lexeme/IEEE bits.,"YES, including raw typed source row",No loss blocker; unresolved support/unit/time/custody must remain explicitly unresolved.,880,25,"wa_meta.legacy_row(snapshot_id,table_name=scientific_assertion,source_key).original_columns.measurement_method",LEGACY_ROW_TAGGED_JSON_V1: exact original storage class/lexeme/bytes/ordinal
scientific_assertion,representativeness,EXTEND,wa_science.support.representativeness_lexeme,"Preserve exact reported meaning and source NULL; archive original storage class/lexeme/IEEE bits. Unsupported/missing linkage stays UNRESOLVED, preserving original scope; no fabricated region/sample or default BODY.","YES, including raw typed source row",No loss blocker; unresolved support/unit/time/custody must remain explicitly unresolved.,880,26,"wa_meta.legacy_row(snapshot_id,table_name=scientific_assertion,source_key).original_columns.representativeness",LEGACY_ROW_TAGGED_JSON_V1: exact original storage class/lexeme/bytes/ordinal
scientific_assertion,confidence,EXTEND,wa_science.assertion.confidence_lexeme,Preserve exact reported meaning and source NULL; archive original storage class/lexeme/IEEE bits.,"YES, including raw typed source row",No loss blocker; unresolved support/unit/time/custody must remain explicitly unresolved.,880,27,"wa_meta.legacy_row(snapshot_id,table_name=scientific_assertion,source_key).original_columns.confidence",LEGACY_ROW_TAGGED_JSON_V1: exact original storage class/lexeme/bytes/ordinal
scientific_assertion,knowledge_date,EXTEND,wa_geo.time_support.time_lexeme -> wa_science.assertion.knowledge_time_id,Preserve exact reported meaning and source NULL; archive original storage class/lexeme/IEEE bits.,"YES, including raw typed source row",No loss blocker; unresolved support/unit/time/custody must remain explicitly unresolved.,880,28,"wa_meta.legacy_row(snapshot_id,table_name=scientific_assertion,source_key).original_columns.knowledge_date",LEGACY_ROW_TAGGED_JSON_V1: exact original storage class/lexeme/bytes/ordinal
scientific_assertion,valid_time_start,EXTEND,wa_geo.time_support.start_lexeme -> wa_science.support.valid_time_id,Preserve exact reported meaning and source NULL; archive original storage class/lexeme/IEEE bits.,"YES, including raw typed source row",No loss blocker; unresolved support/unit/time/custody must remain explicitly unresolved.,880,29,"wa_meta.legacy_row(snapshot_id,table_name=scientific_assertion,source_key).original_columns.valid_time_start",LEGACY_ROW_TAGGED_JSON_V1: exact original storage class/lexeme/bytes/ordinal
scientific_assertion,valid_time_end,EXTEND,wa_geo.time_support.end_lexeme -> wa_science.support.valid_time_id,Preserve exact reported meaning and source NULL; archive original storage class/lexeme/IEEE bits.,"YES, including raw typed source row",No loss blocker; unresolved support/unit/time/custody must remain explicitly unresolved.,880,30,"wa_meta.legacy_row(snapshot_id,table_name=scientific_assertion,source_key).original_columns.valid_time_end",LEGACY_ROW_TAGGED_JSON_V1: exact original storage class/lexeme/bytes/ordinal
scientific_assertion,source_id,EXTEND,wa_science.assertion.source_id,Resolve stable deterministic typed identity through exact source key; retain original integer/text ID in forensic row. Do not derive simulation random keys from replacement UUID.,"YES, including raw typed source row",No loss blocker; unresolved support/unit/time/custody must remain explicitly unresolved.,880,31,"wa_meta.legacy_row(snapshot_id,table_name=scientific_assertion,source_key).original_columns.source_id",LEGACY_ROW_TAGGED_JSON_V1: exact original storage class/lexeme/bytes/ordinal
scientific_assertion,source_artifact_id,EXTEND,wa_science.assertion.source_artifact_id,Resolve stable deterministic typed identity through exact source key; retain original integer/text ID in forensic row. Do not derive simulation random keys from replacement UUID.,"YES, including raw typed source row",No loss blocker; unresolved support/unit/time/custody must remain explicitly unresolved.,880,32,"wa_meta.legacy_row(snapshot_id,table_name=scientific_assertion,source_key).original_columns.source_artifact_id",LEGACY_ROW_TAGGED_JSON_V1: exact original storage class/lexeme/bytes/ordinal
scientific_assertion,source_locator,EXTEND,wa_science.assertion.source_locator,Preserve exact reported meaning and source NULL; archive original storage class/lexeme/IEEE bits.,"YES, including raw typed source row",No loss blocker; unresolved support/unit/time/custody must remain explicitly unresolved.,880,33,"wa_meta.legacy_row(snapshot_id,table_name=scientific_assertion,source_key).original_columns.source_locator",LEGACY_ROW_TAGGED_JSON_V1: exact original storage class/lexeme/bytes/ordinal
scientific_assertion,lineage,EXTEND,wa_science.assertion.lineage_lexeme,Preserve exact reported meaning and source NULL; archive original storage class/lexeme/IEEE bits.,"YES, including raw typed source row",No loss blocker; unresolved support/unit/time/custody must remain explicitly unresolved.,880,34,"wa_meta.legacy_row(snapshot_id,table_name=scientific_assertion,source_key).original_columns.lineage",LEGACY_ROW_TAGGED_JSON_V1: exact original storage class/lexeme/bytes/ordinal
scientific_assertion,admission_status,EXTEND,wa_science.assertion.initial_standing,Preserve exact reported meaning and source NULL; archive original storage class/lexeme/IEEE bits. Preserve CANDIDATE and preference without promotion; no new admission decision.,"YES, including raw typed source row",No loss blocker; unresolved support/unit/time/custody must remain explicitly unresolved.,880,35,"wa_meta.legacy_row(snapshot_id,table_name=scientific_assertion,source_key).original_columns.admission_status",LEGACY_ROW_TAGGED_JSON_V1: exact original storage class/lexeme/bytes/ordinal
scientific_assertion,preferred,EXTEND,wa_science.assertion.preferred_lexeme,Preserve exact reported meaning and source NULL; archive original storage class/lexeme/IEEE bits. Preserve CANDIDATE and preference without promotion; no new admission decision.,"YES, including raw typed source row",No loss blocker; unresolved support/unit/time/custody must remain explicitly unresolved.,880,36,"wa_meta.legacy_row(snapshot_id,table_name=scientific_assertion,source_key).original_columns.preferred",LEGACY_ROW_TAGGED_JSON_V1: exact original storage class/lexeme/bytes/ordinal
scientific_assertion,origin,EXTEND,wa_science.assertion.origin_lexeme,Preserve exact reported meaning and source NULL; archive original storage class/lexeme/IEEE bits.,"YES, including raw typed source row",No loss blocker; unresolved support/unit/time/custody must remain explicitly unresolved.,880,37,"wa_meta.legacy_row(snapshot_id,table_name=scientific_assertion,source_key).original_columns.origin",LEGACY_ROW_TAGGED_JSON_V1: exact original storage class/lexeme/bytes/ordinal
scientific_assertion,notes,EXTEND,wa_science.assertion.notes,Preserve exact reported meaning and source NULL; archive original storage class/lexeme/IEEE bits.,"YES, including raw typed source row",No loss blocker; unresolved support/unit/time/custody must remain explicitly unresolved.,880,38,"wa_meta.legacy_row(snapshot_id,table_name=scientific_assertion,source_key).original_columns.notes",LEGACY_ROW_TAGGED_JSON_V1: exact original storage class/lexeme/bytes/ordinal
source,TABLE,EXTEND,wa_science.source,Versioned bibliography; lexical publication/acquisition support.,YES for pinned source; original typed archive required,No loss blocker; unresolved support/unit/time/custody must remain explicitly unresolved.,208,,wa_meta.legacy_row,Preserved source file/schema/manifest
source,source_id,EXTEND,wa_science.source.source_id,Resolve stable deterministic typed identity through exact source key; retain original integer/text ID in forensic row. Do not derive simulation random keys from replacement UUID.,"YES, including raw typed source row",No loss blocker; unresolved support/unit/time/custody must remain explicitly unresolved.,208,0,"wa_meta.legacy_row(snapshot_id,table_name=source,source_key).original_columns.source_id",LEGACY_ROW_TAGGED_JSON_V1: exact original storage class/lexeme/bytes/ordinal
source,source_key,EXTEND,wa_science.source.semantic_key,Preserve exact reported meaning and source NULL; archive original storage class/lexeme/IEEE bits.,"YES, including raw typed source row",No loss blocker; unresolved support/unit/time/custody must remain explicitly unresolved.,208,1,"wa_meta.legacy_row(snapshot_id,table_name=source,source_key).original_columns.source_key",LEGACY_ROW_TAGGED_JSON_V1: exact original storage class/lexeme/bytes/ordinal
source,title,EXTEND,wa_science.source.title,Preserve exact reported meaning and source NULL; archive original storage class/lexeme/IEEE bits.,"YES, including raw typed source row",No loss blocker; unresolved support/unit/time/custody must remain explicitly unresolved.,208,2,"wa_meta.legacy_row(snapshot_id,table_name=source,source_key).original_columns.title",LEGACY_ROW_TAGGED_JSON_V1: exact original storage class/lexeme/bytes/ordinal
source,authority,EXTEND,wa_science.source.authority,Preserve exact reported meaning and source NULL; archive original storage class/lexeme/IEEE bits.,"YES, including raw typed source row",No loss blocker; unresolved support/unit/time/custody must remain explicitly unresolved.,208,3,"wa_meta.legacy_row(snapshot_id,table_name=source,source_key).original_columns.authority",LEGACY_ROW_TAGGED_JSON_V1: exact original storage class/lexeme/bytes/ordinal
source,source_type,EXTEND,wa_science.source.source_type,Preserve exact reported meaning and source NULL; archive original storage class/lexeme/IEEE bits.,"YES, including raw typed source row",No loss blocker; unresolved support/unit/time/custody must remain explicitly unresolved.,208,4,"wa_meta.legacy_row(snapshot_id,table_name=source,source_key).original_columns.source_type",LEGACY_ROW_TAGGED_JSON_V1: exact original storage class/lexeme/bytes/ordinal
source,url,EXTEND,wa_science.source.url,Preserve exact reported meaning and source NULL; archive original storage class/lexeme/IEEE bits.,"YES, including raw typed source row",No loss blocker; unresolved support/unit/time/custody must remain explicitly unresolved.,208,5,"wa_meta.legacy_row(snapshot_id,table_name=source,source_key).original_columns.url",LEGACY_ROW_TAGGED_JSON_V1: exact original storage class/lexeme/bytes/ordinal
source,doi,EXTEND,wa_science.source.doi,Preserve exact reported meaning and source NULL; archive original storage class/lexeme/IEEE bits.,"YES, including raw typed source row",No loss blocker; unresolved support/unit/time/custody must remain explicitly unresolved.,208,6,"wa_meta.legacy_row(snapshot_id,table_name=source,source_key).original_columns.doi",LEGACY_ROW_TAGGED_JSON_V1: exact original storage class/lexeme/bytes/ordinal
source,publication_date,EXTEND,wa_geo.time_support.time_lexeme -> wa_science.source.publication_time_id,Preserve exact reported meaning and source NULL; archive original storage class/lexeme/IEEE bits.,"YES, including raw typed source row",No loss blocker; unresolved support/unit/time/custody must remain explicitly unresolved.,208,7,"wa_meta.legacy_row(snapshot_id,table_name=source,source_key).original_columns.publication_date",LEGACY_ROW_TAGGED_JSON_V1: exact original storage class/lexeme/bytes/ordinal
source,acquired_at,EXTEND,wa_geo.time_support.time_lexeme -> wa_science.source.acquired_time_id,Preserve exact reported meaning and source NULL; archive original storage class/lexeme/IEEE bits.,"YES, including raw typed source row",No loss blocker; unresolved support/unit/time/custody must remain explicitly unresolved.,208,8,"wa_meta.legacy_row(snapshot_id,table_name=source,source_key).original_columns.acquired_at",LEGACY_ROW_TAGGED_JSON_V1: exact original storage class/lexeme/bytes/ordinal
source,notes,EXTEND,wa_science.source.notes,Preserve exact reported meaning and source NULL; archive original storage class/lexeme/IEEE bits.,"YES, including raw typed source row",No loss blocker; unresolved support/unit/time/custody must remain explicitly unresolved.,208,9,"wa_meta.legacy_row(snapshot_id,table_name=source,source_key).original_columns.notes",LEGACY_ROW_TAGGED_JSON_V1: exact original storage class/lexeme/bytes/ordinal
source_artifact,TABLE,EXTEND,wa_science.source_artifact,Custody remains remote-only or byte-pinned; never fabricate hash.,YES for pinned source; original typed archive required,No loss blocker; unresolved support/unit/time/custody must remain explicitly unresolved.,204,,wa_meta.legacy_row,Preserved source file/schema/manifest
source_artifact,artifact_id,EXTEND,wa_science.source_artifact.artifact_id,Resolve stable deterministic typed identity through exact source key; retain original integer/text ID in forensic row. Do not derive simulation random keys from replacement UUID.,"YES, including raw typed source row",No loss blocker; unresolved support/unit/time/custody must remain explicitly unresolved.,204,0,"wa_meta.legacy_row(snapshot_id,table_name=source_artifact,source_key).original_columns.artifact_id",LEGACY_ROW_TAGGED_JSON_V1: exact original storage class/lexeme/bytes/ordinal
source_artifact,source_id,EXTEND,wa_science.source_artifact.source_id,Resolve stable deterministic typed identity through exact source key; retain original integer/text ID in forensic row. Do not derive simulation random keys from replacement UUID.,"YES, including raw typed source row",No loss blocker; unresolved support/unit/time/custody must remain explicitly unresolved.,204,1,"wa_meta.legacy_row(snapshot_id,table_name=source_artifact,source_key).original_columns.source_id",LEGACY_ROW_TAGGED_JSON_V1: exact original storage class/lexeme/bytes/ordinal
source_artifact,artifact_key,EXTEND,wa_science.source_artifact.semantic_key,Preserve exact reported meaning and source NULL; archive original storage class/lexeme/IEEE bits.,"YES, including raw typed source row",No loss blocker; unresolved support/unit/time/custody must remain explicitly unresolved.,204,2,"wa_meta.legacy_row(snapshot_id,table_name=source_artifact,source_key).original_columns.artifact_key",LEGACY_ROW_TAGGED_JSON_V1: exact original storage class/lexeme/bytes/ordinal
source_artifact,local_path,EXTEND,wa_science.source_artifact.local_path_lexeme,Preserve exact reported meaning and source NULL; archive original storage class/lexeme/IEEE bits.,"YES, including raw typed source row",No loss blocker; unresolved support/unit/time/custody must remain explicitly unresolved.,204,3,"wa_meta.legacy_row(snapshot_id,table_name=source_artifact,source_key).original_columns.local_path",LEGACY_ROW_TAGGED_JSON_V1: exact original storage class/lexeme/bytes/ordinal
source_artifact,sha256,EXTEND,wa_science.source_artifact.byte_sha256,Preserve exact reported meaning and source NULL; archive original storage class/lexeme/IEEE bits. REMOTE_REFERENCE_ONLY retains null byte hash; no synthetic original-source digest.,"YES, including raw typed source row",No loss blocker; unresolved support/unit/time/custody must remain explicitly unresolved.,204,4,"wa_meta.legacy_row(snapshot_id,table_name=source_artifact,source_key).original_columns.sha256",LEGACY_ROW_TAGGED_JSON_V1: exact original storage class/lexeme/bytes/ordinal
source_artifact,byte_count,EXTEND,wa_science.source_artifact.byte_count,Preserve exact reported meaning and source NULL; archive original storage class/lexeme/IEEE bits.,"YES, including raw typed source row",No loss blocker; unresolved support/unit/time/custody must remain explicitly unresolved.,204,5,"wa_meta.legacy_row(snapshot_id,table_name=source_artifact,source_key).original_columns.byte_count",LEGACY_ROW_TAGGED_JSON_V1: exact original storage class/lexeme/bytes/ordinal
source_artifact,retrieval_url,EXTEND,wa_science.source_artifact.retrieval_url,Preserve exact reported meaning and source NULL; archive original storage class/lexeme/IEEE bits.,"YES, including raw typed source row",No loss blocker; unresolved support/unit/time/custody must remain explicitly unresolved.,204,6,"wa_meta.legacy_row(snapshot_id,table_name=source_artifact,source_key).original_columns.retrieval_url",LEGACY_ROW_TAGGED_JSON_V1: exact original storage class/lexeme/bytes/ordinal
source_artifact,acquired_at,EXTEND,wa_geo.time_support.time_lexeme -> wa_science.source_artifact.acquired_time_id,Preserve exact reported meaning and source NULL; archive original storage class/lexeme/IEEE bits.,"YES, including raw typed source row",No loss blocker; unresolved support/unit/time/custody must remain explicitly unresolved.,204,7,"wa_meta.legacy_row(snapshot_id,table_name=source_artifact,source_key).original_columns.acquired_at",LEGACY_ROW_TAGGED_JSON_V1: exact original storage class/lexeme/bytes/ordinal
source_artifact,origin_kind,EXTEND,wa_science.source_artifact.custody_kind,Preserve exact reported meaning and source NULL; archive original storage class/lexeme/IEEE bits. REMOTE_REFERENCE_ONLY retains null byte hash; no synthetic original-source digest.,"YES, including raw typed source row",No loss blocker; unresolved support/unit/time/custody must remain explicitly unresolved.,204,8,"wa_meta.legacy_row(snapshot_id,table_name=source_artifact,source_key).original_columns.origin_kind",LEGACY_ROW_TAGGED_JSON_V1: exact original storage class/lexeme/bytes/ordinal
spatial_product,TABLE,EXTEND,wa_science.spatial_product;wa_science.support;wa_geo.vertical_support,Keep resolution separate from vertical coordinate and sampling sensitivity.,YES for pinned source; original typed archive required,No loss blocker; unresolved support/unit/time/custody must remain explicitly unresolved.,54,,wa_meta.legacy_row,Preserved source file/schema/manifest
spatial_product,spatial_product_id,EXTEND,wa_science.spatial_product.product_id,Resolve stable deterministic typed identity through exact source key; retain original integer/text ID in forensic row. Do not derive simulation random keys from replacement UUID.,"YES, including raw typed source row",No loss blocker; unresolved support/unit/time/custody must remain explicitly unresolved.,54,0,"wa_meta.legacy_row(snapshot_id,table_name=spatial_product,source_key).original_columns.spatial_product_id",LEGACY_ROW_TAGGED_JSON_V1: exact original storage class/lexeme/bytes/ordinal
spatial_product,body_id,EXTEND,wa_science.spatial_product.body_id,Resolve stable deterministic typed identity through exact source key; retain original integer/text ID in forensic row. Do not derive simulation random keys from replacement UUID.,"YES, including raw typed source row",No loss blocker; unresolved support/unit/time/custody must remain explicitly unresolved.,54,1,"wa_meta.legacy_row(snapshot_id,table_name=spatial_product,source_key).original_columns.body_id",LEGACY_ROW_TAGGED_JSON_V1: exact original storage class/lexeme/bytes/ordinal
spatial_product,region_id,EXTEND,wa_science.support.location_id,"Resolve stable deterministic typed identity through exact source key; retain original integer/text ID in forensic row. Do not derive simulation random keys from replacement UUID. Unsupported/missing linkage stays UNRESOLVED, preserving original scope; no fabricated region/sample or default BODY.","YES, including raw typed source row",No loss blocker; unresolved support/unit/time/custody must remain explicitly unresolved.,54,2,"wa_meta.legacy_row(snapshot_id,table_name=spatial_product,source_key).original_columns.region_id",LEGACY_ROW_TAGGED_JSON_V1: exact original storage class/lexeme/bytes/ordinal
spatial_product,product_key,EXTEND,wa_science.spatial_product.semantic_key,Preserve exact reported meaning and source NULL; archive original storage class/lexeme/IEEE bits.,"YES, including raw typed source row",No loss blocker; unresolved support/unit/time/custody must remain explicitly unresolved.,54,3,"wa_meta.legacy_row(snapshot_id,table_name=spatial_product,source_key).original_columns.product_key",LEGACY_ROW_TAGGED_JSON_V1: exact original storage class/lexeme/bytes/ordinal
spatial_product,product_type,EXTEND,wa_science.spatial_product.product_type,Preserve exact reported meaning and source NULL; archive original storage class/lexeme/IEEE bits.,"YES, including raw typed source row",No loss blocker; unresolved support/unit/time/custody must remain explicitly unresolved.,54,4,"wa_meta.legacy_row(snapshot_id,table_name=spatial_product,source_key).original_columns.product_type",LEGACY_ROW_TAGGED_JSON_V1: exact original storage class/lexeme/bytes/ordinal
spatial_product,title,EXTEND,wa_science.spatial_product.title,Preserve exact reported meaning and source NULL; archive original storage class/lexeme/IEEE bits.,"YES, including raw typed source row",No loss blocker; unresolved support/unit/time/custody must remain explicitly unresolved.,54,5,"wa_meta.legacy_row(snapshot_id,table_name=spatial_product,source_key).original_columns.title",LEGACY_ROW_TAGGED_JSON_V1: exact original storage class/lexeme/bytes/ordinal
spatial_product,source_id,EXTEND,wa_science.spatial_product.source_id,Resolve stable deterministic typed identity through exact source key; retain original integer/text ID in forensic row. Do not derive simulation random keys from replacement UUID.,"YES, including raw typed source row",No loss blocker; unresolved support/unit/time/custody must remain explicitly unresolved.,54,6,"wa_meta.legacy_row(snapshot_id,table_name=spatial_product,source_key).original_columns.source_id",LEGACY_ROW_TAGGED_JSON_V1: exact original storage class/lexeme/bytes/ordinal
spatial_product,horizontal_resolution_value,EXTEND,wa_science.spatial_product.horizontal_resolution_value,Preserve exact reported meaning and source NULL; archive original storage class/lexeme/IEEE bits.,"YES, including raw typed source row",No loss blocker; unresolved support/unit/time/custody must remain explicitly unresolved.,54,7,"wa_meta.legacy_row(snapshot_id,table_name=spatial_product,source_key).original_columns.horizontal_resolution_value",LEGACY_ROW_TAGGED_JSON_V1: exact original storage class/lexeme/bytes/ordinal
spatial_product,horizontal_resolution_unit,EXTEND,wa_science.spatial_product.horizontal_resolution_unit_key -> wa_meta.unit.source_lexeme,Preserve exact reported meaning and source NULL; archive original storage class/lexeme/IEEE bits.,"YES, including raw typed source row",No loss blocker; unresolved support/unit/time/custody must remain explicitly unresolved.,54,8,"wa_meta.legacy_row(snapshot_id,table_name=spatial_product,source_key).original_columns.horizontal_resolution_unit",LEGACY_ROW_TAGGED_JSON_V1: exact original storage class/lexeme/bytes/ordinal
spatial_product,vertical_sensitivity_min,EXTEND,wa_science.spatial_product.vertical_sensitivity_min,Preserve exact reported meaning and source NULL; archive original storage class/lexeme/IEEE bits.,"YES, including raw typed source row",No loss blocker; unresolved support/unit/time/custody must remain explicitly unresolved.,54,9,"wa_meta.legacy_row(snapshot_id,table_name=spatial_product,source_key).original_columns.vertical_sensitivity_min",LEGACY_ROW_TAGGED_JSON_V1: exact original storage class/lexeme/bytes/ordinal
spatial_product,vertical_sensitivity_max,EXTEND,wa_science.spatial_product.vertical_sensitivity_max,Preserve exact reported meaning and source NULL; archive original storage class/lexeme/IEEE bits.,"YES, including raw typed source row",No loss blocker; unresolved support/unit/time/custody must remain explicitly unresolved.,54,10,"wa_meta.legacy_row(snapshot_id,table_name=spatial_product,source_key).original_columns.vertical_sensitivity_max",LEGACY_ROW_TAGGED_JSON_V1: exact original storage class/lexeme/bytes/ordinal
spatial_product,vertical_sensitivity_unit,EXTEND,wa_science.spatial_product.vertical_sensitivity_unit_key -> wa_meta.unit.source_lexeme,Preserve exact reported meaning and source NULL; archive original storage class/lexeme/IEEE bits.,"YES, including raw typed source row",No loss blocker; unresolved support/unit/time/custody must remain explicitly unresolved.,54,11,"wa_meta.legacy_row(snapshot_id,table_name=spatial_product,source_key).original_columns.vertical_sensitivity_unit",LEGACY_ROW_TAGGED_JSON_V1: exact original storage class/lexeme/bytes/ordinal
spatial_product,vertical_coordinate_type,EXTEND,wa_geo.vertical_support.coordinate_kind,Preserve exact reported meaning and source NULL; archive original storage class/lexeme/IEEE bits.,"YES, including raw typed source row",No loss blocker; unresolved support/unit/time/custody must remain explicitly unresolved.,54,12,"wa_meta.legacy_row(snapshot_id,table_name=spatial_product,source_key).original_columns.vertical_coordinate_type",LEGACY_ROW_TAGGED_JSON_V1: exact original storage class/lexeme/bytes/ordinal
spatial_product,vertical_min,EXTEND,wa_geo.vertical_support.lower_value,Preserve exact reported meaning and source NULL; archive original storage class/lexeme/IEEE bits.,"YES, including raw typed source row",No loss blocker; unresolved support/unit/time/custody must remain explicitly unresolved.,54,13,"wa_meta.legacy_row(snapshot_id,table_name=spatial_product,source_key).original_columns.vertical_min",LEGACY_ROW_TAGGED_JSON_V1: exact original storage class/lexeme/bytes/ordinal
spatial_product,vertical_max,EXTEND,wa_geo.vertical_support.upper_value,Preserve exact reported meaning and source NULL; archive original storage class/lexeme/IEEE bits.,"YES, including raw typed source row",No loss blocker; unresolved support/unit/time/custody must remain explicitly unresolved.,54,14,"wa_meta.legacy_row(snapshot_id,table_name=spatial_product,source_key).original_columns.vertical_max",LEGACY_ROW_TAGGED_JSON_V1: exact original storage class/lexeme/bytes/ordinal
spatial_product,vertical_unit,EXTEND,wa_geo.vertical_support.unit_key,Preserve exact reported meaning and source NULL; archive original storage class/lexeme/IEEE bits.,"YES, including raw typed source row",No loss blocker; unresolved support/unit/time/custody must remain explicitly unresolved.,54,15,"wa_meta.legacy_row(snapshot_id,table_name=spatial_product,source_key).original_columns.vertical_unit",LEGACY_ROW_TAGGED_JSON_V1: exact original storage class/lexeme/bytes/ordinal
spatial_product,vertical_datum,EXTEND,wa_geo.vertical_support.datum_ref,Preserve exact reported meaning and source NULL; archive original storage class/lexeme/IEEE bits.,"YES, including raw typed source row",No loss blocker; unresolved support/unit/time/custody must remain explicitly unresolved.,54,16,"wa_meta.legacy_row(snapshot_id,table_name=spatial_product,source_key).original_columns.vertical_datum",LEGACY_ROW_TAGGED_JSON_V1: exact original storage class/lexeme/bytes/ordinal
spatial_product,geometry_ref,EXTEND,wa_science.spatial_product.geometry_ref_lexeme;wa_geo.geometry.product_locator,Preserve exact reported meaning and source NULL; archive original storage class/lexeme/IEEE bits.,"YES, including raw typed source row",No loss blocker; unresolved support/unit/time/custody must remain explicitly unresolved.,54,17,"wa_meta.legacy_row(snapshot_id,table_name=spatial_product,source_key).original_columns.geometry_ref",LEGACY_ROW_TAGGED_JSON_V1: exact original storage class/lexeme/bytes/ordinal
spatial_product,coordinate_frame,EXTEND,wa_science.spatial_product.coordinate_frame_lexeme,Preserve exact reported meaning and source NULL; archive original storage class/lexeme/IEEE bits.,"YES, including raw typed source row",No loss blocker; unresolved support/unit/time/custody must remain explicitly unresolved.,54,18,"wa_meta.legacy_row(snapshot_id,table_name=spatial_product,source_key).original_columns.coordinate_frame",LEGACY_ROW_TAGGED_JSON_V1: exact original storage class/lexeme/bytes/ordinal
spatial_product,scope,EXTEND,wa_science.support.scope_kind,"Preserve exact reported meaning and source NULL; archive original storage class/lexeme/IEEE bits. Unsupported/missing linkage stays UNRESOLVED, preserving original scope; no fabricated region/sample or default BODY.","YES, including raw typed source row",No loss blocker; unresolved support/unit/time/custody must remain explicitly unresolved.,54,19,"wa_meta.legacy_row(snapshot_id,table_name=spatial_product,source_key).original_columns.scope",LEGACY_ROW_TAGGED_JSON_V1: exact original storage class/lexeme/bytes/ordinal
spatial_product,status,EXTEND,wa_science.spatial_product.status_lexeme,Preserve exact reported meaning and source NULL; archive original storage class/lexeme/IEEE bits.,"YES, including raw typed source row",No loss blocker; unresolved support/unit/time/custody must remain explicitly unresolved.,54,20,"wa_meta.legacy_row(snapshot_id,table_name=spatial_product,source_key).original_columns.status",LEGACY_ROW_TAGGED_JSON_V1: exact original storage class/lexeme/bytes/ordinal
supersession,TABLE,EXTEND,wa_science.supersession,"Append-only acyclic relation, no destructive overwrite.",YES for pinned source; original typed archive required,No loss blocker; unresolved support/unit/time/custody must remain explicitly unresolved.,0,,wa_meta.legacy_row,Preserved source file/schema/manifest
supersession,old_assertion_id,EXTEND,wa_science.supersession.old_assertion_id,Resolve stable deterministic typed identity through exact source key; retain original integer/text ID in forensic row. Do not derive simulation random keys from replacement UUID.,"YES, including raw typed source row",No loss blocker; unresolved support/unit/time/custody must remain explicitly unresolved.,0,0,"wa_meta.legacy_row(snapshot_id,table_name=supersession,source_key).original_columns.old_assertion_id",LEGACY_ROW_TAGGED_JSON_V1: exact original storage class/lexeme/bytes/ordinal
supersession,new_assertion_id,EXTEND,wa_science.supersession.new_assertion_id,Resolve stable deterministic typed identity through exact source key; retain original integer/text ID in forensic row. Do not derive simulation random keys from replacement UUID.,"YES, including raw typed source row",No loss blocker; unresolved support/unit/time/custody must remain explicitly unresolved.,0,1,"wa_meta.legacy_row(snapshot_id,table_name=supersession,source_key).original_columns.new_assertion_id",LEGACY_ROW_TAGGED_JSON_V1: exact original storage class/lexeme/bytes/ordinal
supersession,source_id,EXTEND,wa_science.supersession.source_id,Resolve stable deterministic typed identity through exact source key; retain original integer/text ID in forensic row. Do not derive simulation random keys from replacement UUID.,"YES, including raw typed source row",No loss blocker; unresolved support/unit/time/custody must remain explicitly unresolved.,0,2,"wa_meta.legacy_row(snapshot_id,table_name=supersession,source_key).original_columns.source_id",LEGACY_ROW_TAGGED_JSON_V1: exact original storage class/lexeme/bytes/ordinal
supersession,reason,EXTEND,wa_science.supersession.reason,Preserve exact reported meaning and source NULL; archive original storage class/lexeme/IEEE bits.,"YES, including raw typed source row",No loss blocker; unresolved support/unit/time/custody must remain explicitly unresolved.,0,3,"wa_meta.legacy_row(snapshot_id,table_name=supersession,source_key).original_columns.reason",LEGACY_ROW_TAGGED_JSON_V1: exact original storage class/lexeme/bytes/ordinal
world_constraint_binding,TABLE,EXTEND,wa_world.constraint_binding,"Empty scaffold; explicit admission, exact target scope and warranted extrapolation.",YES for pinned source; original typed archive required,EMPTY scaffold: no data or fictional rows to create; future new records need governed missing metadata.,0,,wa_meta.legacy_row,Preserved source file/schema/manifest
world_constraint_binding,world_realization_id,EXTEND,wa_world.constraint_binding.world_id,"Resolve stable deterministic typed identity through exact source key; retain original integer/text ID in forensic row. Do not derive simulation random keys from replacement UUID. Source has zero rows: no synthetic generator, world, site or stock is imported.","YES, including raw typed source row",EMPTY scaffold: no data or fictional rows to create; future new records need governed missing metadata.,0,0,"wa_meta.legacy_row(snapshot_id,table_name=world_constraint_binding,source_key).original_columns.world_realization_id",LEGACY_ROW_TAGGED_JSON_V1: exact original storage class/lexeme/bytes/ordinal
world_constraint_binding,assertion_id,EXTEND,wa_world.constraint_binding.assertion_id,"Resolve stable deterministic typed identity through exact source key; retain original integer/text ID in forensic row. Do not derive simulation random keys from replacement UUID. Source has zero rows: no synthetic generator, world, site or stock is imported.","YES, including raw typed source row",EMPTY scaffold: no data or fictional rows to create; future new records need governed missing metadata.,0,1,"wa_meta.legacy_row(snapshot_id,table_name=world_constraint_binding,source_key).original_columns.assertion_id",LEGACY_ROW_TAGGED_JSON_V1: exact original storage class/lexeme/bytes/ordinal
world_constraint_binding,binding_role,EXTEND,wa_world.constraint_binding.binding_role,"Preserve exact reported meaning and source NULL; archive original storage class/lexeme/IEEE bits. Source has zero rows: no synthetic generator, world, site or stock is imported.","YES, including raw typed source row",EMPTY scaffold: no data or fictional rows to create; future new records need governed missing metadata.,0,2,"wa_meta.legacy_row(snapshot_id,table_name=world_constraint_binding,source_key).original_columns.binding_role",LEGACY_ROW_TAGGED_JSON_V1: exact original storage class/lexeme/bytes/ordinal
world_realization,TABLE,EXTEND,wa_world.realization,Empty scaffold; explicit scenario/body/model/policy/seed/constraint identity.,YES for pinned source; original typed archive required,EMPTY scaffold: no data or fictional rows to create; future new records need governed missing metadata.,0,,wa_meta.legacy_row,Preserved source file/schema/manifest
world_realization,world_realization_id,EXTEND,wa_world.realization.world_id,"Resolve stable deterministic typed identity through exact source key; retain original integer/text ID in forensic row. Do not derive simulation random keys from replacement UUID. Source has zero rows: no synthetic generator, world, site or stock is imported.","YES, including raw typed source row",EMPTY scaffold: no data or fictional rows to create; future new records need governed missing metadata.,0,0,"wa_meta.legacy_row(snapshot_id,table_name=world_realization,source_key).original_columns.world_realization_id",LEGACY_ROW_TAGGED_JSON_V1: exact original storage class/lexeme/bytes/ordinal
world_realization,generation_model_id,EXTEND,wa_world.realization.model_id,"Resolve stable deterministic typed identity through exact source key; retain original integer/text ID in forensic row. Do not derive simulation random keys from replacement UUID. Source has zero rows: no synthetic generator, world, site or stock is imported.","YES, including raw typed source row",EMPTY scaffold: no data or fictional rows to create; future new records need governed missing metadata.,0,1,"wa_meta.legacy_row(snapshot_id,table_name=world_realization,source_key).original_columns.generation_model_id",LEGACY_ROW_TAGGED_JSON_V1: exact original storage class/lexeme/bytes/ordinal
world_realization,body_id,EXTEND,wa_world.realization.body_id,"Resolve stable deterministic typed identity through exact source key; retain original integer/text ID in forensic row. Do not derive simulation random keys from replacement UUID. Source has zero rows: no synthetic generator, world, site or stock is imported.","YES, including raw typed source row",EMPTY scaffold: no data or fictional rows to create; future new records need governed missing metadata.,0,2,"wa_meta.legacy_row(snapshot_id,table_name=world_realization,source_key).original_columns.body_id",LEGACY_ROW_TAGGED_JSON_V1: exact original storage class/lexeme/bytes/ordinal
world_realization,seed,EXTEND,wa_world.realization.world_seed_lexeme,"Preserve exact reported meaning and source NULL; archive original storage class/lexeme/IEEE bits. Source has zero rows: no synthetic generator, world, site or stock is imported.","YES, including raw typed source row",EMPTY scaffold: no data or fictional rows to create; future new records need governed missing metadata.,0,3,"wa_meta.legacy_row(snapshot_id,table_name=world_realization,source_key).original_columns.seed",LEGACY_ROW_TAGGED_JSON_V1: exact original storage class/lexeme/bytes/ordinal
world_realization,status,EXTEND,wa_world.realization.status_lexeme,"Preserve exact reported meaning and source NULL; archive original storage class/lexeme/IEEE bits. Source has zero rows: no synthetic generator, world, site or stock is imported.","YES, including raw typed source row",EMPTY scaffold: no data or fictional rows to create; future new records need governed missing metadata.,0,4,"wa_meta.legacy_row(snapshot_id,table_name=world_realization,source_key).original_columns.status",LEGACY_ROW_TAGGED_JSON_V1: exact original storage class/lexeme/bytes/ordinal
world_realization,created_at,EXTEND,wa_world.realization.created_time_lexeme,"Preserve exact reported meaning and source NULL; archive original storage class/lexeme/IEEE bits. Source has zero rows: no synthetic generator, world, site or stock is imported.","YES, including raw typed source row",EMPTY scaffold: no data or fictional rows to create; future new records need governed missing metadata.,0,5,"wa_meta.legacy_row(snapshot_id,table_name=world_realization,source_key).original_columns.created_at",LEGACY_ROW_TAGGED_JSON_V1: exact original storage class/lexeme/bytes/ordinal
SQLite physical container,DATABASE,REPLACE,PostgreSQL proposed typed namespaces,Container replacement is a future authorization; source SQLite remains preserved byte-for-byte.,YES under complete typed-row/archive verification,ETL implementation is not designed in this pass,,,wa_meta.source_snapshot,Preserved source file/schema/manifest
