year,body_id,body_name,mission_type,spacecraft_tonnes,departure_utc,arrival_utc,flight_days,departure_vinf_km_s,arrival_vinf_km_s,c3_km2_s2,one_way_cost_usd_millions,method
2026,AMUN,3554 Amun,FLYBY,1,2026-07-15T00:00:00Z,2027-07-15T00:00:00Z,365,3.048444,11.942822,9.293011,485.555,REFINED_GROUPED_LAMBERT_GRID
2026,AMUN,3554 Amun,ORBITAL_RECON,2,2026-09-15T00:00:00Z,2027-09-15T00:00:00Z,365,12.156409,4.063005,147.778276,777.315,REFINED_GROUPED_LAMBERT_GRID
2026,AMUN,3554 Amun,RENDEZVOUS,2,2026-09-15T00:00:00Z,2027-09-15T00:00:00Z,365,12.156409,4.063005,147.778276,777.315,REFINED_GROUPED_LAMBERT_GRID
2026,AMUN,3554 Amun,LANDING_PROSPECTING,5,2026-09-15T00:00:00Z,2027-09-15T00:00:00Z,365,12.156409,4.063005,147.778276,1315.319,REFINED_GROUPED_LAMBERT_GRID
2026,AMUN,3554 Amun,CARGO_DELIVERY,20,2026-09-15T00:00:00Z,2027-09-15T00:00:00Z,365,12.156409,4.063005,147.778276,2102.007,REFINED_GROUPED_LAMBERT_GRID
2026,AMUN,3554 Amun,CREWED_TRANSPORT,100,2026-09-15T00:00:00Z,2027-09-15T00:00:00Z,365,12.156409,4.063005,147.778276,9555.369,REFINED_GROUPED_LAMBERT_GRID
2027,AMUN,3554 Amun,FLYBY,1,2027-07-15T00:00:00Z,2028-07-14T00:00:00Z,365,2.711086,10.759753,7.349988,484.389,REFINED_GROUPED_LAMBERT_GRID
2027,AMUN,3554 Amun,ORBITAL_RECON,2,2027-09-15T00:00:00Z,2028-09-14T00:00:00Z,365,12.342308,3.774209,152.332576,773.915,REFINED_GROUPED_LAMBERT_GRID
2027,AMUN,3554 Amun,RENDEZVOUS,2,2027-09-15T00:00:00Z,2028-09-14T00:00:00Z,365,12.342308,3.774209,152.332576,773.915,REFINED_GROUPED_LAMBERT_GRID
2027,AMUN,3554 Amun,LANDING_PROSPECTING,5,2027-09-15T00:00:00Z,2028-09-14T00:00:00Z,365,12.342308,3.774209,152.332576,1302.718,REFINED_GROUPED_LAMBERT_GRID
2027,AMUN,3554 Amun,CARGO_DELIVERY,20,2027-09-15T00:00:00Z,2028-09-14T00:00:00Z,365,12.342308,3.774209,152.332576,2028.073,REFINED_GROUPED_LAMBERT_GRID
2027,AMUN,3554 Amun,CREWED_TRANSPORT,100,2027-09-15T00:00:00Z,2028-09-14T00:00:00Z,365,12.342308,3.774209,152.332576,9174.767,REFINED_GROUPED_LAMBERT_GRID
2028,AMUN,3554 Amun,FLYBY,1,2028-06-15T00:00:00Z,2029-06-15T00:00:00Z,365,3.270339,11.175203,10.695116,486.397,REFINED_GROUPED_LAMBERT_GRID
2028,AMUN,3554 Amun,ORBITAL_RECON,2,2028-09-15T00:00:00Z,2029-09-15T00:00:00Z,365,12.699746,4.181076,161.283552,788.042,REFINED_GROUPED_LAMBERT_GRID
2028,AMUN,3554 Amun,RENDEZVOUS,2,2028-09-15T00:00:00Z,2029-09-15T00:00:00Z,365,12.699746,4.181076,161.283552,788.042,REFINED_GROUPED_LAMBERT_GRID
2028,AMUN,3554 Amun,LANDING_PROSPECTING,5,2028-09-15T00:00:00Z,2029-09-15T00:00:00Z,365,12.699746,4.181076,161.283552,1329.98,REFINED_GROUPED_LAMBERT_GRID
2028,AMUN,3554 Amun,CARGO_DELIVERY,20,2028-09-15T00:00:00Z,2029-09-15T00:00:00Z,365,12.699746,4.181076,161.283552,2142.9,REFINED_GROUPED_LAMBERT_GRID
2028,AMUN,3554 Amun,CREWED_TRANSPORT,100,2028-09-15T00:00:00Z,2029-09-15T00:00:00Z,365,12.699746,4.181076,161.283552,9727.417,REFINED_GROUPED_LAMBERT_GRID
2029,AMUN,3554 Amun,FLYBY,1,2029-06-15T00:00:00Z,2030-06-15T00:00:00Z,365,3.648672,10.712118,13.312807,487.967,REFINED_GROUPED_LAMBERT_GRID
2029,AMUN,3554 Amun,ORBITAL_RECON,2,2029-09-15T00:00:00Z,2030-09-15T00:00:00Z,365,12.97023,5.323126,168.22686,821.471,REFINED_GROUPED_LAMBERT_GRID
2029,AMUN,3554 Amun,RENDEZVOUS,2,2029-09-15T00:00:00Z,2030-09-15T00:00:00Z,365,12.97023,5.323126,168.22686,821.471,REFINED_GROUPED_LAMBERT_GRID
2029,AMUN,3554 Amun,LANDING_PROSPECTING,5,2029-09-15T00:00:00Z,2030-09-15T00:00:00Z,365,12.97023,5.323126,168.22686,1407.304,REFINED_GROUPED_LAMBERT_GRID
2029,AMUN,3554 Amun,CARGO_DELIVERY,20,2029-09-15T00:00:00Z,2030-09-15T00:00:00Z,365,12.97023,5.323126,168.22686,2512.856,REFINED_GROUPED_LAMBERT_GRID
2029,AMUN,3554 Amun,CREWED_TRANSPORT,100,2029-09-15T00:00:00Z,2030-09-15T00:00:00Z,365,12.97023,5.323126,168.22686,11560.535,REFINED_GROUPED_LAMBERT_GRID
2030,AMUN,3554 Amun,FLYBY,1,2030-06-15T00:00:00Z,2031-06-15T00:00:00Z,365,4.762282,10.680946,22.679328,493.587,REFINED_GROUPED_LAMBERT_GRID
2030,AMUN,3554 Amun,ORBITAL_RECON,2,2030-09-15T00:00:00Z,2031-09-15T00:00:00Z,365,13.398959,7.049735,179.532093,889.314,REFINED_GROUPED_LAMBERT_GRID
2030,AMUN,3554 Amun,RENDEZVOUS,2,2030-09-15T00:00:00Z,2031-09-15T00:00:00Z,365,13.398959,7.049735,179.532093,889.314,REFINED_GROUPED_LAMBERT_GRID
2030,AMUN,3554 Amun,LANDING_PROSPECTING,5,2030-09-15T00:00:00Z,2031-09-15T00:00:00Z,365,13.398959,7.049735,179.532093,1566.736,REFINED_GROUPED_LAMBERT_GRID
2030,AMUN,3554 Amun,CARGO_DELIVERY,20,2030-09-15T00:00:00Z,2031-09-15T00:00:00Z,365,13.398959,7.049735,179.532093,3282.884,REFINED_GROUPED_LAMBERT_GRID
2030,AMUN,3554 Amun,CREWED_TRANSPORT,100,2030-09-15T00:00:00Z,2031-09-15T00:00:00Z,365,13.398959,7.049735,179.532093,15383.544,REFINED_GROUPED_LAMBERT_GRID
2031,AMUN,3554 Amun,FLYBY,1,2031-11-15T00:00:00Z,2032-05-13T00:00:00Z,180,6.172081,9.98761,38.094585,487.641,REFINED_GROUPED_LAMBERT_GRID
2031,AMUN,3554 Amun,ORBITAL_RECON,2,2031-10-15T00:00:00Z,2032-04-12T00:00:00Z,180,6.944459,7.117882,48.225513,798.258,REFINED_GROUPED_LAMBERT_GRID
2031,AMUN,3554 Amun,RENDEZVOUS,2,2031-10-15T00:00:00Z,2032-04-12T00:00:00Z,180,6.944459,7.117882,48.225513,798.258,REFINED_GROUPED_LAMBERT_GRID
2031,AMUN,3554 Amun,LANDING_PROSPECTING,5,2031-10-15T00:00:00Z,2032-04-12T00:00:00Z,180,6.944459,7.117882,48.225513,1480.066,REFINED_GROUPED_LAMBERT_GRID
2031,AMUN,3554 Amun,CARGO_DELIVERY,20,2031-10-15T00:00:00Z,2032-04-12T00:00:00Z,180,6.944459,7.117882,48.225513,3225.453,REFINED_GROUPED_LAMBERT_GRID
2031,AMUN,3554 Amun,CREWED_TRANSPORT,100,2031-10-15T00:00:00Z,2032-04-12T00:00:00Z,180,6.944459,7.117882,48.225513,15411.525,REFINED_GROUPED_LAMBERT_GRID
2032,AMUN,3554 Amun,FLYBY,1,2032-10-15T00:00:00Z,2033-04-13T00:00:00Z,180,4.250888,7.655549,18.070049,475.626,REFINED_GROUPED_LAMBERT_GRID
2032,AMUN,3554 Amun,ORBITAL_RECON,2,2032-10-15T00:00:00Z,2033-04-13T00:00:00Z,180,4.250888,7.655549,18.070049,804.854,REFINED_GROUPED_LAMBERT_GRID
2032,AMUN,3554 Amun,RENDEZVOUS,2,2032-10-15T00:00:00Z,2033-04-13T00:00:00Z,180,4.250888,7.655549,18.070049,804.854,REFINED_GROUPED_LAMBERT_GRID
2032,AMUN,3554 Amun,LANDING_PROSPECTING,5,2032-09-15T00:00:00Z,2033-03-14T00:00:00Z,180,15.46633,4.785233,239.207362,1397.925,REFINED_GROUPED_LAMBERT_GRID
2032,AMUN,3554 Amun,CARGO_DELIVERY,20,2032-09-15T00:00:00Z,2033-03-14T00:00:00Z,180,15.46633,4.785233,239.207362,2356.388,REFINED_GROUPED_LAMBERT_GRID
2032,AMUN,3554 Amun,CREWED_TRANSPORT,100,2032-09-15T00:00:00Z,2033-03-14T00:00:00Z,180,15.46633,4.785233,239.207362,10607.842,REFINED_GROUPED_LAMBERT_GRID
2033,AMUN,3554 Amun,FLYBY,1,2033-10-15T00:00:00Z,2034-04-13T00:00:00Z,180,1.736873,10.002546,3.01673,466.594,REFINED_GROUPED_LAMBERT_GRID
2033,AMUN,3554 Amun,ORBITAL_RECON,2,2033-09-15T00:00:00Z,2034-03-14T00:00:00Z,180,18.224929,5.590995,332.148034,912.636,REFINED_GROUPED_LAMBERT_GRID
2033,AMUN,3554 Amun,RENDEZVOUS,2,2033-09-15T00:00:00Z,2034-03-14T00:00:00Z,180,18.224929,5.590995,332.148034,912.636,REFINED_GROUPED_LAMBERT_GRID
2033,AMUN,3554 Amun,LANDING_PROSPECTING,5,2033-09-15T00:00:00Z,2034-03-14T00:00:00Z,180,18.224929,5.590995,332.148034,1510.48,REFINED_GROUPED_LAMBERT_GRID
2033,AMUN,3554 Amun,CARGO_DELIVERY,20,2033-09-15T00:00:00Z,2034-03-14T00:00:00Z,180,18.224929,5.590995,332.148034,2696.107,REFINED_GROUPED_LAMBERT_GRID
2033,AMUN,3554 Amun,CREWED_TRANSPORT,100,2033-09-15T00:00:00Z,2034-03-14T00:00:00Z,180,18.224929,5.590995,332.148034,12083.378,REFINED_GROUPED_LAMBERT_GRID
2034,AMUN,3554 Amun,FLYBY,1,2034-10-15T00:00:00Z,2035-04-13T00:00:00Z,180,6.485987,14.883864,42.068026,490.025,REFINED_GROUPED_LAMBERT_GRID
2034,AMUN,3554 Amun,ORBITAL_RECON,2,2034-03-15T00:00:00Z,2034-09-11T00:00:00Z,180,15.76042,7.504557,248.390827,935.813,REFINED_GROUPED_LAMBERT_GRID
2034,AMUN,3554 Amun,RENDEZVOUS,2,2034-03-15T00:00:00Z,2034-09-11T00:00:00Z,180,15.76042,7.504557,248.390827,935.813,REFINED_GROUPED_LAMBERT_GRID
2034,AMUN,3554 Amun,LANDING_PROSPECTING,5,2034-03-15T00:00:00Z,2034-09-11T00:00:00Z,180,15.76042,7.504557,248.390827,1643.804,REFINED_GROUPED_LAMBERT_GRID
2034,AMUN,3554 Amun,CARGO_DELIVERY,20,2034-03-15T00:00:00Z,2034-09-11T00:00:00Z,180,15.76042,7.504557,248.390827,3563.746,REFINED_GROUPED_LAMBERT_GRID
2034,AMUN,3554 Amun,CREWED_TRANSPORT,100,2034-03-15T00:00:00Z,2034-09-11T00:00:00Z,180,15.76042,7.504557,248.390827,16622.592,REFINED_GROUPED_LAMBERT_GRID
2035,AMUN,3554 Amun,FLYBY,1,2035-09-15T00:00:00Z,2036-03-13T00:00:00Z,180,6.79179,14.101369,46.128417,492.461,REFINED_GROUPED_LAMBERT_GRID
2035,AMUN,3554 Amun,ORBITAL_RECON,2,2035-03-15T00:00:00Z,2035-09-11T00:00:00Z,180,16.259256,7.45014,264.363405,942.848,REFINED_GROUPED_LAMBERT_GRID
2035,AMUN,3554 Amun,RENDEZVOUS,2,2035-03-15T00:00:00Z,2035-09-11T00:00:00Z,180,16.259256,7.45014,264.363405,942.848,REFINED_GROUPED_LAMBERT_GRID
2035,AMUN,3554 Amun,LANDING_PROSPECTING,5,2035-03-15T00:00:00Z,2035-09-11T00:00:00Z,180,16.259256,7.45014,264.363405,1647.018,REFINED_GROUPED_LAMBERT_GRID
2035,AMUN,3554 Amun,CARGO_DELIVERY,20,2035-03-15T00:00:00Z,2035-09-11T00:00:00Z,180,16.259256,7.45014,264.363405,3541.478,REFINED_GROUPED_LAMBERT_GRID
2035,AMUN,3554 Amun,CREWED_TRANSPORT,100,2035-03-15T00:00:00Z,2035-09-11T00:00:00Z,180,16.259256,7.45014,264.363405,16472.918,REFINED_GROUPED_LAMBERT_GRID
2026,APOPHIS,99942 Apophis,FLYBY,1,2026-07-15T00:00:00Z,2027-07-15T00:00:00Z,365,3.724952,5.045773,13.875267,488.305,EXISTING_SCREEN_SINGLE_CANDIDATE
2026,APOPHIS,99942 Apophis,ORBITAL_RECON,2,2026-07-15T00:00:00Z,2027-07-15T00:00:00Z,365,3.724952,5.045773,13.875267,721.056,EXISTING_SCREEN_SINGLE_CANDIDATE
2026,APOPHIS,99942 Apophis,RENDEZVOUS,2,2026-07-15T00:00:00Z,2027-07-15T00:00:00Z,365,3.724952,5.045773,13.875267,721.056,EXISTING_SCREEN_SINGLE_CANDIDATE
2026,APOPHIS,99942 Apophis,LANDING_PROSPECTING,5,2026-07-15T00:00:00Z,2027-07-15T00:00:00Z,365,3.724952,5.045773,13.875267,1295.183,EXISTING_SCREEN_SINGLE_CANDIDATE
2026,APOPHIS,99942 Apophis,CARGO_DELIVERY,20,2026-07-15T00:00:00Z,2027-07-15T00:00:00Z,365,3.724952,5.045773,13.875267,2322.699,EXISTING_SCREEN_SINGLE_CANDIDATE
2026,APOPHIS,99942 Apophis,CREWED_TRANSPORT,100,2026-07-15T00:00:00Z,2027-07-15T00:00:00Z,365,3.724952,5.045773,13.875267,10980.194,EXISTING_SCREEN_SINGLE_CANDIDATE
2027,APOPHIS,99942 Apophis,FLYBY,1,2027-01-15T00:00:00Z,2028-01-15T00:00:00Z,365,5.604917,8.818944,31.415095,498.829,EXISTING_SCREEN_SINGLE_CANDIDATE
2027,APOPHIS,99942 Apophis,ORBITAL_RECON,2,2027-01-15T00:00:00Z,2028-01-15T00:00:00Z,365,5.604917,8.818944,31.415095,892.735,EXISTING_SCREEN_SINGLE_CANDIDATE
2027,APOPHIS,99942 Apophis,RENDEZVOUS,2,2027-01-15T00:00:00Z,2028-01-15T00:00:00Z,365,5.604917,8.818944,31.415095,892.735,EXISTING_SCREEN_SINGLE_CANDIDATE
2027,APOPHIS,99942 Apophis,LANDING_PROSPECTING,5,2027-01-15T00:00:00Z,2028-01-15T00:00:00Z,365,5.604917,8.818944,31.415095,1708.595,EXISTING_SCREEN_SINGLE_CANDIDATE
2027,APOPHIS,99942 Apophis,CARGO_DELIVERY,20,2027-01-15T00:00:00Z,2028-01-15T00:00:00Z,365,5.604917,8.818944,31.415095,4347.659,EXISTING_SCREEN_SINGLE_CANDIDATE
2027,APOPHIS,99942 Apophis,CREWED_TRANSPORT,100,2027-01-15T00:00:00Z,2028-01-15T00:00:00Z,365,5.604917,8.818944,31.415095,21062.9,EXISTING_SCREEN_SINGLE_CANDIDATE
2028,APOPHIS,99942 Apophis,FLYBY,1,2028-07-15T00:00:00Z,2029-01-11T00:00:00Z,180,7.090709,6.071973,50.278154,494.951,EXISTING_SCREEN_SINGLE_CANDIDATE
2028,APOPHIS,99942 Apophis,ORBITAL_RECON,2,2028-07-15T00:00:00Z,2029-01-11T00:00:00Z,180,7.090709,6.071973,50.278154,759.145,EXISTING_SCREEN_SINGLE_CANDIDATE
2028,APOPHIS,99942 Apophis,RENDEZVOUS,2,2028-07-15T00:00:00Z,2029-01-11T00:00:00Z,180,7.090709,6.071973,50.278154,759.145,EXISTING_SCREEN_SINGLE_CANDIDATE
2028,APOPHIS,99942 Apophis,LANDING_PROSPECTING,5,2028-07-15T00:00:00Z,2029-01-11T00:00:00Z,180,7.090709,6.071973,50.278154,1380.434,EXISTING_SCREEN_SINGLE_CANDIDATE
2028,APOPHIS,99942 Apophis,CARGO_DELIVERY,20,2028-07-15T00:00:00Z,2029-01-11T00:00:00Z,180,7.090709,6.071973,50.278154,2722.367,EXISTING_SCREEN_SINGLE_CANDIDATE
2028,APOPHIS,99942 Apophis,CREWED_TRANSPORT,100,2028-07-15T00:00:00Z,2029-01-11T00:00:00Z,180,7.090709,6.071973,50.278154,12891.168,EXISTING_SCREEN_SINGLE_CANDIDATE
2029,APOPHIS,99942 Apophis,FLYBY,1,2029-01-15T00:00:00Z,2029-07-14T00:00:00Z,180,3.711275,4.983025,13.773562,473.049,EXISTING_SCREEN_SINGLE_CANDIDATE
2029,APOPHIS,99942 Apophis,ORBITAL_RECON,2,2029-01-15T00:00:00Z,2029-07-14T00:00:00Z,180,3.711275,4.983025,13.773562,704.1,EXISTING_SCREEN_SINGLE_CANDIDATE
2029,APOPHIS,99942 Apophis,RENDEZVOUS,2,2029-01-15T00:00:00Z,2029-07-14T00:00:00Z,180,3.711275,4.983025,13.773562,704.1,EXISTING_SCREEN_SINGLE_CANDIDATE
2029,APOPHIS,99942 Apophis,LANDING_PROSPECTING,5,2029-01-15T00:00:00Z,2029-07-14T00:00:00Z,180,3.711275,4.983025,13.773562,1275.678,EXISTING_SCREEN_SINGLE_CANDIDATE
2029,APOPHIS,99942 Apophis,CARGO_DELIVERY,20,2029-01-15T00:00:00Z,2029-07-14T00:00:00Z,180,3.711275,4.983025,13.773562,2286.196,EXISTING_SCREEN_SINGLE_CANDIDATE
2029,APOPHIS,99942 Apophis,CREWED_TRANSPORT,100,2029-01-15T00:00:00Z,2029-07-14T00:00:00Z,180,3.711275,4.983025,13.773562,10797.922,EXISTING_SCREEN_SINGLE_CANDIDATE
2030,APOPHIS,99942 Apophis,FLYBY,1,2030-07-15T00:00:00Z,2031-07-15T00:00:00Z,365,4.029978,1.869082,16.240723,489.724,EXISTING_SCREEN_SINGLE_CANDIDATE
2030,APOPHIS,99942 Apophis,ORBITAL_RECON,2,2030-07-15T00:00:00Z,2031-07-15T00:00:00Z,365,4.029978,1.869082,16.240723,660.32,EXISTING_SCREEN_SINGLE_CANDIDATE
2030,APOPHIS,99942 Apophis,RENDEZVOUS,2,2030-07-15T00:00:00Z,2031-07-15T00:00:00Z,365,4.029978,1.869082,16.240723,660.32,EXISTING_SCREEN_SINGLE_CANDIDATE
2030,APOPHIS,99942 Apophis,LANDING_PROSPECTING,5,2030-07-15T00:00:00Z,2031-07-15T00:00:00Z,365,4.029978,1.869082,16.240723,1141.214,EXISTING_SCREEN_SINGLE_CANDIDATE
2030,APOPHIS,99942 Apophis,CARGO_DELIVERY,20,2030-07-15T00:00:00Z,2031-07-15T00:00:00Z,365,4.029978,1.869082,16.240723,1547.176,EXISTING_SCREEN_SINGLE_CANDIDATE
2030,APOPHIS,99942 Apophis,CREWED_TRANSPORT,100,2030-07-15T00:00:00Z,2031-07-15T00:00:00Z,365,4.029978,1.869082,16.240723,7096.9,EXISTING_SCREEN_SINGLE_CANDIDATE
2031,APOPHIS,99942 Apophis,FLYBY,1,2031-07-15T00:00:00Z,2032-07-14T00:00:00Z,365,6.689231,4.161314,44.745811,506.827,EXISTING_SCREEN_SINGLE_CANDIDATE
2031,APOPHIS,99942 Apophis,ORBITAL_RECON,2,2031-07-15T00:00:00Z,2032-07-14T00:00:00Z,365,6.689231,4.161314,44.745811,717.675,EXISTING_SCREEN_SINGLE_CANDIDATE
2031,APOPHIS,99942 Apophis,RENDEZVOUS,2,2031-07-15T00:00:00Z,2032-07-14T00:00:00Z,365,6.689231,4.161314,44.745811,717.675,EXISTING_SCREEN_SINGLE_CANDIDATE
2031,APOPHIS,99942 Apophis,LANDING_PROSPECTING,5,2031-07-15T00:00:00Z,2032-07-14T00:00:00Z,365,6.689231,4.161314,44.745811,1258.947,EXISTING_SCREEN_SINGLE_CANDIDATE
2031,APOPHIS,99942 Apophis,CARGO_DELIVERY,20,2031-07-15T00:00:00Z,2032-07-14T00:00:00Z,365,6.689231,4.161314,44.745811,2067.429,EXISTING_SCREEN_SINGLE_CANDIDATE
2031,APOPHIS,99942 Apophis,CREWED_TRANSPORT,100,2031-07-15T00:00:00Z,2032-07-14T00:00:00Z,365,6.689231,4.161314,44.745811,9629.754,EXISTING_SCREEN_SINGLE_CANDIDATE
2032,APOPHIS,99942 Apophis,FLYBY,1,2032-07-15T00:00:00Z,2033-07-15T00:00:00Z,365,11.907303,10.02488,141.783865,565.05,EXISTING_SCREEN_SINGLE_CANDIDATE
2032,APOPHIS,99942 Apophis,ORBITAL_RECON,2,2032-07-15T00:00:00Z,2033-07-15T00:00:00Z,365,11.907303,10.02488,141.783865,1046.209,EXISTING_SCREEN_SINGLE_CANDIDATE
2032,APOPHIS,99942 Apophis,RENDEZVOUS,2,2032-07-15T00:00:00Z,2033-07-15T00:00:00Z,365,11.907303,10.02488,141.783865,1046.209,EXISTING_SCREEN_SINGLE_CANDIDATE
2032,APOPHIS,99942 Apophis,LANDING_PROSPECTING,5,2032-07-15T00:00:00Z,2033-07-15T00:00:00Z,365,11.907303,10.02488,141.783865,1992.947,EXISTING_SCREEN_SINGLE_CANDIDATE
2032,APOPHIS,99942 Apophis,CARGO_DELIVERY,20,2032-07-15T00:00:00Z,2033-07-15T00:00:00Z,365,11.907303,10.02488,141.783865,5504.537,EXISTING_SCREEN_SINGLE_CANDIDATE
2032,APOPHIS,99942 Apophis,CREWED_TRANSPORT,100,2032-07-15T00:00:00Z,2033-07-15T00:00:00Z,365,11.907303,10.02488,141.783865,26582.406,EXISTING_SCREEN_SINGLE_CANDIDATE
2033,APOPHIS,99942 Apophis,FLYBY,1,2033-07-15T00:00:00Z,2034-01-11T00:00:00Z,180,6.161457,13.369105,37.963552,487.563,EXISTING_SCREEN_SINGLE_CANDIDATE
2033,APOPHIS,99942 Apophis,ORBITAL_RECON,2,2033-07-15T00:00:00Z,2034-01-11T00:00:00Z,180,6.161457,13.369105,37.963552,1377.951,EXISTING_SCREEN_SINGLE_CANDIDATE
2033,APOPHIS,99942 Apophis,RENDEZVOUS,2,2033-07-15T00:00:00Z,2034-01-11T00:00:00Z,180,6.161457,13.369105,37.963552,1377.951,EXISTING_SCREEN_SINGLE_CANDIDATE
2033,APOPHIS,99942 Apophis,LANDING_PROSPECTING,5,2033-07-15T00:00:00Z,2034-01-11T00:00:00Z,180,6.161457,13.369105,37.963552,2938.533,EXISTING_SCREEN_SINGLE_CANDIDATE
2033,APOPHIS,99942 Apophis,CARGO_DELIVERY,20,2033-07-15T00:00:00Z,2034-01-11T00:00:00Z,180,6.161457,13.369105,37.963552,10542.417,EXISTING_SCREEN_SINGLE_CANDIDATE
2033,APOPHIS,99942 Apophis,CREWED_TRANSPORT,100,2033-07-15T00:00:00Z,2034-01-11T00:00:00Z,180,6.161457,13.369105,37.963552,52020.972,EXISTING_SCREEN_SINGLE_CANDIDATE
2034,APOPHIS,99942 Apophis,FLYBY,1,2034-07-15T00:00:00Z,2035-01-11T00:00:00Z,180,7.803922,12.639422,60.901199,501.325,EXISTING_SCREEN_SINGLE_CANDIDATE
2034,APOPHIS,99942 Apophis,ORBITAL_RECON,2,2034-07-15T00:00:00Z,2035-01-11T00:00:00Z,180,7.803922,12.639422,60.901199,1274.899,EXISTING_SCREEN_SINGLE_CANDIDATE
2034,APOPHIS,99942 Apophis,RENDEZVOUS,2,2034-07-15T00:00:00Z,2035-01-11T00:00:00Z,180,7.803922,12.639422,60.901199,1274.899,EXISTING_SCREEN_SINGLE_CANDIDATE
2034,APOPHIS,99942 Apophis,LANDING_PROSPECTING,5,2034-07-15T00:00:00Z,2035-01-11T00:00:00Z,180,7.803922,12.639422,60.901199,2660.259,EXISTING_SCREEN_SINGLE_CANDIDATE
2034,APOPHIS,99942 Apophis,CARGO_DELIVERY,20,2034-07-15T00:00:00Z,2035-01-11T00:00:00Z,180,7.803922,12.639422,60.901199,9095.996,EXISTING_SCREEN_SINGLE_CANDIDATE
2034,APOPHIS,99942 Apophis,CREWED_TRANSPORT,100,2034-07-15T00:00:00Z,2035-01-11T00:00:00Z,180,7.803922,12.639422,60.901199,44733.818,EXISTING_SCREEN_SINGLE_CANDIDATE
2035,APOPHIS,99942 Apophis,FLYBY,1,2035-01-15T00:00:00Z,2035-07-14T00:00:00Z,180,10.688929,3.986731,114.253203,533.336,EXISTING_SCREEN_SINGLE_CANDIDATE
2035,APOPHIS,99942 Apophis,ORBITAL_RECON,2,2035-01-15T00:00:00Z,2035-07-14T00:00:00Z,180,10.688929,3.986731,114.253203,740.347,EXISTING_SCREEN_SINGLE_CANDIDATE
2035,APOPHIS,99942 Apophis,RENDEZVOUS,2,2035-01-15T00:00:00Z,2035-07-14T00:00:00Z,180,10.688929,3.986731,114.253203,740.347,EXISTING_SCREEN_SINGLE_CANDIDATE
2035,APOPHIS,99942 Apophis,LANDING_PROSPECTING,5,2035-01-15T00:00:00Z,2035-07-14T00:00:00Z,180,10.688929,3.986731,114.253203,1275.863,EXISTING_SCREEN_SINGLE_CANDIDATE
2035,APOPHIS,99942 Apophis,CARGO_DELIVERY,20,2035-01-15T00:00:00Z,2035-07-14T00:00:00Z,180,10.688929,3.986731,114.253203,2045.968,EXISTING_SCREEN_SINGLE_CANDIDATE
2035,APOPHIS,99942 Apophis,CREWED_TRANSPORT,100,2035-01-15T00:00:00Z,2035-07-14T00:00:00Z,180,10.688929,3.986731,114.253203,9355.633,EXISTING_SCREEN_SINGLE_CANDIDATE
2026,ARIEL,Ariel,FLYBY,1,2026-08-15T00:00:00Z,2030-08-14T00:00:00Z,1460,16.780213,20.412302,281.575548,1338.863,REFINED_GROUPED_LAMBERT_GRID
2026,ARIEL,Ariel,ORBITAL_RECON,2,2026-07-15T00:00:00Z,2034-07-13T00:00:00Z,2920,12.005856,8.497436,144.140568,1615.038,REFINED_GROUPED_LAMBERT_GRID
2026,ARIEL,Ariel,RENDEZVOUS,2,2026-07-15T00:00:00Z,2034-07-13T00:00:00Z,2920,12.005856,8.497436,144.140568,1615.038,REFINED_GROUPED_LAMBERT_GRID
2026,ARIEL,Ariel,LANDING_PROSPECTING,5,2026-07-15T00:00:00Z,2034-07-13T00:00:00Z,2920,12.005856,8.497436,144.140568,2198.116,REFINED_GROUPED_LAMBERT_GRID
2026,ARIEL,Ariel,CARGO_DELIVERY,20,2026-07-15T00:00:00Z,2034-07-13T00:00:00Z,2920,12.005856,8.497436,144.140568,3285.298,REFINED_GROUPED_LAMBERT_GRID
2026,ARIEL,Ariel,CREWED_TRANSPORT,100,2026-08-15T00:00:00Z,2034-08-13T00:00:00Z,2920,14.50063,8.412878,210.268257,14262.42,REFINED_GROUPED_LAMBERT_GRID
2027,ARIEL,Ariel,FLYBY,1,2027-08-15T00:00:00Z,2031-08-14T00:00:00Z,1460,16.306649,20.375847,265.906796,1329.462,REFINED_GROUPED_LAMBERT_GRID
2027,ARIEL,Ariel,ORBITAL_RECON,2,2027-07-15T00:00:00Z,2035-07-13T00:00:00Z,2920,12.224321,8.474786,149.434016,1617.965,REFINED_GROUPED_LAMBERT_GRID
2027,ARIEL,Ariel,RENDEZVOUS,2,2027-07-15T00:00:00Z,2035-07-13T00:00:00Z,2920,12.224321,8.474786,149.434016,1617.965,REFINED_GROUPED_LAMBERT_GRID
2027,ARIEL,Ariel,LANDING_PROSPECTING,5,2027-07-15T00:00:00Z,2035-07-13T00:00:00Z,2920,12.224321,8.474786,149.434016,2200.669,REFINED_GROUPED_LAMBERT_GRID
2027,ARIEL,Ariel,CARGO_DELIVERY,20,2027-07-15T00:00:00Z,2035-07-13T00:00:00Z,2920,12.224321,8.474786,149.434016,3285.359,REFINED_GROUPED_LAMBERT_GRID
2027,ARIEL,Ariel,CREWED_TRANSPORT,100,2027-08-15T00:00:00Z,2035-08-13T00:00:00Z,2920,13.755191,8.389698,189.205282,14234.093,REFINED_GROUPED_LAMBERT_GRID
2028,ARIEL,Ariel,FLYBY,1,2028-08-15T00:00:00Z,2032-08-14T00:00:00Z,1460,16.007399,20.326597,256.236822,1323.66,REFINED_GROUPED_LAMBERT_GRID
2028,ARIEL,Ariel,ORBITAL_RECON,2,2028-07-15T00:00:00Z,2036-07-13T00:00:00Z,2920,12.530464,8.450817,157.012518,1622.25,REFINED_GROUPED_LAMBERT_GRID
2028,ARIEL,Ariel,RENDEZVOUS,2,2028-07-15T00:00:00Z,2036-07-13T00:00:00Z,2920,12.530464,8.450817,157.012518,1622.25,REFINED_GROUPED_LAMBERT_GRID
2028,ARIEL,Ariel,LANDING_PROSPECTING,5,2028-07-15T00:00:00Z,2036-07-13T00:00:00Z,2920,12.530464,8.450817,157.012518,2204.559,REFINED_GROUPED_LAMBERT_GRID
2028,ARIEL,Ariel,CARGO_DELIVERY,20,2028-08-15T00:00:00Z,2036-08-13T00:00:00Z,2920,13.205869,8.364195,174.394975,3285.314,REFINED_GROUPED_LAMBERT_GRID
2028,ARIEL,Ariel,CREWED_TRANSPORT,100,2028-08-15T00:00:00Z,2036-08-13T00:00:00Z,2920,13.205869,8.364195,174.394975,14208.024,REFINED_GROUPED_LAMBERT_GRID
2029,ARIEL,Ariel,FLYBY,1,2029-08-15T00:00:00Z,2033-08-14T00:00:00Z,1460,15.819642,20.28856,250.261067,1320.075,REFINED_GROUPED_LAMBERT_GRID
2029,ARIEL,Ariel,ORBITAL_RECON,2,2029-08-15T00:00:00Z,2037-08-13T00:00:00Z,2920,12.660971,8.340474,160.300192,1623.029,REFINED_GROUPED_LAMBERT_GRID
2029,ARIEL,Ariel,RENDEZVOUS,2,2029-08-15T00:00:00Z,2037-08-13T00:00:00Z,2920,12.660971,8.340474,160.300192,1623.029,REFINED_GROUPED_LAMBERT_GRID
2029,ARIEL,Ariel,LANDING_PROSPECTING,5,2029-08-15T00:00:00Z,2037-08-13T00:00:00Z,2920,12.660971,8.340474,160.300192,2203.548,REFINED_GROUPED_LAMBERT_GRID
2029,ARIEL,Ariel,CARGO_DELIVERY,20,2029-08-15T00:00:00Z,2037-08-13T00:00:00Z,2920,12.660971,8.340474,160.300192,3273.676,REFINED_GROUPED_LAMBERT_GRID
2029,ARIEL,Ariel,CREWED_TRANSPORT,100,2029-08-15T00:00:00Z,2037-08-13T00:00:00Z,2920,12.660971,8.340474,160.300192,14183.658,REFINED_GROUPED_LAMBERT_GRID
2030,ARIEL,Ariel,FLYBY,1,2030-08-15T00:00:00Z,2034-08-14T00:00:00Z,1460,15.823785,20.250732,250.392158,1320.153,REFINED_GROUPED_LAMBERT_GRID
2030,ARIEL,Ariel,ORBITAL_RECON,2,2030-08-15T00:00:00Z,2038-08-13T00:00:00Z,2920,12.26269,8.314733,150.373555,1616.798,REFINED_GROUPED_LAMBERT_GRID
2030,ARIEL,Ariel,RENDEZVOUS,2,2030-08-15T00:00:00Z,2038-08-13T00:00:00Z,2920,12.26269,8.314733,150.373555,1616.798,REFINED_GROUPED_LAMBERT_GRID
2030,ARIEL,Ariel,LANDING_PROSPECTING,5,2030-08-15T00:00:00Z,2038-08-13T00:00:00Z,2920,12.26269,8.314733,150.373555,2196.904,REFINED_GROUPED_LAMBERT_GRID
2030,ARIEL,Ariel,CARGO_DELIVERY,20,2030-08-15T00:00:00Z,2038-08-13T00:00:00Z,2920,12.26269,8.314733,150.373555,3264.283,REFINED_GROUPED_LAMBERT_GRID
2030,ARIEL,Ariel,CREWED_TRANSPORT,100,2030-08-15T00:00:00Z,2038-08-13T00:00:00Z,2920,12.26269,8.314733,150.373555,14160.519,REFINED_GROUPED_LAMBERT_GRID
2031,ARIEL,Ariel,FLYBY,1,2031-08-15T00:00:00Z,2035-08-14T00:00:00Z,1460,15.957661,20.212922,254.646937,1322.706,REFINED_GROUPED_LAMBERT_GRID
2031,ARIEL,Ariel,ORBITAL_RECON,2,2031-08-15T00:00:00Z,2039-08-13T00:00:00Z,2920,11.989061,8.286692,143.73759,1612.518,REFINED_GROUPED_LAMBERT_GRID
2031,ARIEL,Ariel,RENDEZVOUS,2,2031-08-15T00:00:00Z,2039-08-13T00:00:00Z,2920,11.989061,8.286692,143.73759,1612.518,REFINED_GROUPED_LAMBERT_GRID
2031,ARIEL,Ariel,LANDING_PROSPECTING,5,2031-08-15T00:00:00Z,2039-08-13T00:00:00Z,2920,11.989061,8.286692,143.73759,2192.178,REFINED_GROUPED_LAMBERT_GRID
2031,ARIEL,Ariel,CARGO_DELIVERY,20,2031-08-15T00:00:00Z,2039-08-13T00:00:00Z,2920,11.989061,8.286692,143.73759,3256.576,REFINED_GROUPED_LAMBERT_GRID
2031,ARIEL,Ariel,CREWED_TRANSPORT,100,2031-08-15T00:00:00Z,2039-08-13T00:00:00Z,2920,11.989061,8.286692,143.73759,14137.911,REFINED_GROUPED_LAMBERT_GRID
2032,ARIEL,Ariel,FLYBY,1,2032-08-15T00:00:00Z,2036-08-14T00:00:00Z,1460,16.189182,20.164059,262.089623,1327.172,REFINED_GROUPED_LAMBERT_GRID
2032,ARIEL,Ariel,ORBITAL_RECON,2,2032-08-15T00:00:00Z,2040-08-13T00:00:00Z,2920,11.925544,8.254349,142.218592,1611.265,REFINED_GROUPED_LAMBERT_GRID
2032,ARIEL,Ariel,RENDEZVOUS,2,2032-08-15T00:00:00Z,2040-08-13T00:00:00Z,2920,11.925544,8.254349,142.218592,1611.265,REFINED_GROUPED_LAMBERT_GRID
2032,ARIEL,Ariel,LANDING_PROSPECTING,5,2032-08-15T00:00:00Z,2040-08-13T00:00:00Z,2920,11.925544,8.254349,142.218592,2190.412,REFINED_GROUPED_LAMBERT_GRID
2032,ARIEL,Ariel,CARGO_DELIVERY,20,2032-08-15T00:00:00Z,2040-08-13T00:00:00Z,2920,11.925544,8.254349,142.218592,3251.392,REFINED_GROUPED_LAMBERT_GRID
2032,ARIEL,Ariel,CREWED_TRANSPORT,100,2032-08-15T00:00:00Z,2040-08-13T00:00:00Z,2920,11.925544,8.254349,142.218592,14115.638,REFINED_GROUPED_LAMBERT_GRID
2033,ARIEL,Ariel,FLYBY,1,2033-09-15T00:00:00Z,2037-09-14T00:00:00Z,1460,16.526403,19.790029,273.122003,1333.791,REFINED_GROUPED_LAMBERT_GRID
2033,ARIEL,Ariel,ORBITAL_RECON,2,2033-08-15T00:00:00Z,2041-08-13T00:00:00Z,2920,12.010979,8.223653,144.263626,1612.169,REFINED_GROUPED_LAMBERT_GRID
2033,ARIEL,Ariel,RENDEZVOUS,2,2033-08-15T00:00:00Z,2041-08-13T00:00:00Z,2920,12.010979,8.223653,144.263626,1612.169,REFINED_GROUPED_LAMBERT_GRID
2033,ARIEL,Ariel,LANDING_PROSPECTING,5,2033-08-15T00:00:00Z,2041-08-13T00:00:00Z,2920,12.010979,8.223653,144.263626,2190.833,REFINED_GROUPED_LAMBERT_GRID
2033,ARIEL,Ariel,CARGO_DELIVERY,20,2033-08-15T00:00:00Z,2041-08-13T00:00:00Z,2920,12.010979,8.223653,144.263626,3248.589,REFINED_GROUPED_LAMBERT_GRID
2033,ARIEL,Ariel,CREWED_TRANSPORT,100,2033-09-15T00:00:00Z,2041-09-13T00:00:00Z,2920,14.351855,8.142869,205.975735,14081.248,REFINED_GROUPED_LAMBERT_GRID
2034,ARIEL,Ariel,FLYBY,1,2034-09-15T00:00:00Z,2038-09-14T00:00:00Z,1460,15.979142,19.763206,255.332967,1323.118,REFINED_GROUPED_LAMBERT_GRID
2034,ARIEL,Ariel,ORBITAL_RECON,2,2034-08-15T00:00:00Z,2042-08-13T00:00:00Z,2920,12.335407,8.194773,152.162277,1616.607,REFINED_GROUPED_LAMBERT_GRID
2034,ARIEL,Ariel,RENDEZVOUS,2,2034-08-15T00:00:00Z,2042-08-13T00:00:00Z,2920,12.335407,8.194773,152.162277,1616.607,REFINED_GROUPED_LAMBERT_GRID
2034,ARIEL,Ariel,LANDING_PROSPECTING,5,2034-08-15T00:00:00Z,2042-08-13T00:00:00Z,2920,12.335407,8.194773,152.162277,2194.818,REFINED_GROUPED_LAMBERT_GRID
2034,ARIEL,Ariel,CARGO_DELIVERY,20,2034-08-15T00:00:00Z,2042-08-13T00:00:00Z,2920,12.335407,8.194773,152.162277,3249.557,REFINED_GROUPED_LAMBERT_GRID
2034,ARIEL,Ariel,CREWED_TRANSPORT,100,2034-09-15T00:00:00Z,2042-09-13T00:00:00Z,2920,13.560704,8.109308,183.892684,14046.426,REFINED_GROUPED_LAMBERT_GRID
2035,ARIEL,Ariel,FLYBY,1,2035-09-15T00:00:00Z,2039-09-14T00:00:00Z,1460,15.64981,19.733643,244.916546,1316.868,REFINED_GROUPED_LAMBERT_GRID
2035,ARIEL,Ariel,ORBITAL_RECON,2,2035-09-15T00:00:00Z,2043-09-13T00:00:00Z,2920,12.916364,8.077112,166.832472,1624.197,REFINED_GROUPED_LAMBERT_GRID
2035,ARIEL,Ariel,RENDEZVOUS,2,2035-09-15T00:00:00Z,2043-09-13T00:00:00Z,2920,12.916364,8.077112,166.832472,1624.197,REFINED_GROUPED_LAMBERT_GRID
2035,ARIEL,Ariel,LANDING_PROSPECTING,5,2035-09-15T00:00:00Z,2043-09-13T00:00:00Z,2920,12.916364,8.077112,166.832472,2200.589,REFINED_GROUPED_LAMBERT_GRID
2035,ARIEL,Ariel,CARGO_DELIVERY,20,2035-09-15T00:00:00Z,2043-09-13T00:00:00Z,2920,12.916364,8.077112,166.832472,3243.204,REFINED_GROUPED_LAMBERT_GRID
2035,ARIEL,Ariel,CREWED_TRANSPORT,100,2035-09-15T00:00:00Z,2043-09-13T00:00:00Z,2920,12.916364,8.077112,166.832472,14015.623,REFINED_GROUPED_LAMBERT_GRID
2026,ARROKOTH,486958 Arrokoth,FLYBY,1,2026-01-15T00:00:00Z,2034-01-13T00:00:00Z,2920,29.592111,24.276291,875.693033,1215.252,EXISTING_SCREEN_SINGLE_CANDIDATE
2026,ARROKOTH,486958 Arrokoth,ORBITAL_RECON,2,2026-01-15T00:00:00Z,2034-01-13T00:00:00Z,2920,29.592111,24.276291,875.693033,10134.97,EXISTING_SCREEN_SINGLE_CANDIDATE
2026,ARROKOTH,486958 Arrokoth,RENDEZVOUS,2,2026-01-15T00:00:00Z,2034-01-13T00:00:00Z,2920,29.592111,24.276291,875.693033,10134.97,EXISTING_SCREEN_SINGLE_CANDIDATE
2026,ARROKOTH,486958 Arrokoth,LANDING_PROSPECTING,5,2026-01-15T00:00:00Z,2034-01-13T00:00:00Z,2920,29.592111,24.276291,875.693033,23739.548,EXISTING_SCREEN_SINGLE_CANDIDATE
2026,ARROKOTH,486958 Arrokoth,CARGO_DELIVERY,20,2026-01-15T00:00:00Z,2034-01-13T00:00:00Z,2920,29.592111,24.276291,875.693033,111636.735,EXISTING_SCREEN_SINGLE_CANDIDATE
2026,ARROKOTH,486958 Arrokoth,CREWED_TRANSPORT,100,2026-01-15T00:00:00Z,2034-01-13T00:00:00Z,2920,29.592111,24.276291,875.693033,555482.012,EXISTING_SCREEN_SINGLE_CANDIDATE
2027,ARROKOTH,486958 Arrokoth,FLYBY,1,2027-01-15T00:00:00Z,2035-01-13T00:00:00Z,2920,29.828472,24.259884,889.737742,1223.678,EXISTING_SCREEN_SINGLE_CANDIDATE
2027,ARROKOTH,486958 Arrokoth,ORBITAL_RECON,2,2027-01-15T00:00:00Z,2035-01-13T00:00:00Z,2920,29.828472,24.259884,889.737742,10111.335,EXISTING_SCREEN_SINGLE_CANDIDATE
2027,ARROKOTH,486958 Arrokoth,RENDEZVOUS,2,2027-01-15T00:00:00Z,2035-01-13T00:00:00Z,2920,29.828472,24.259884,889.737742,10111.335,EXISTING_SCREEN_SINGLE_CANDIDATE
2027,ARROKOTH,486958 Arrokoth,LANDING_PROSPECTING,5,2027-01-15T00:00:00Z,2035-01-13T00:00:00Z,2920,29.828472,24.259884,889.737742,23667.821,EXISTING_SCREEN_SINGLE_CANDIDATE
2027,ARROKOTH,486958 Arrokoth,CARGO_DELIVERY,20,2027-01-15T00:00:00Z,2035-01-13T00:00:00Z,2920,29.828472,24.259884,889.737742,111244.39,EXISTING_SCREEN_SINGLE_CANDIDATE
2027,ARROKOTH,486958 Arrokoth,CREWED_TRANSPORT,100,2027-01-15T00:00:00Z,2035-01-13T00:00:00Z,2920,29.828472,24.259884,889.737742,553486.58,EXISTING_SCREEN_SINGLE_CANDIDATE
2028,ARROKOTH,486958 Arrokoth,FLYBY,1,2028-01-15T00:00:00Z,2036-01-13T00:00:00Z,2920,30.133792,24.240241,908.04542,1234.663,EXISTING_SCREEN_SINGLE_CANDIDATE
2028,ARROKOTH,486958 Arrokoth,ORBITAL_RECON,2,2028-01-15T00:00:00Z,2036-01-13T00:00:00Z,2920,30.133792,24.240241,908.04542,10084.088,EXISTING_SCREEN_SINGLE_CANDIDATE
2028,ARROKOTH,486958 Arrokoth,RENDEZVOUS,2,2028-01-15T00:00:00Z,2036-01-13T00:00:00Z,2920,30.133792,24.240241,908.04542,10084.088,EXISTING_SCREEN_SINGLE_CANDIDATE
2028,ARROKOTH,486958 Arrokoth,LANDING_PROSPECTING,5,2028-01-15T00:00:00Z,2036-01-13T00:00:00Z,2920,30.133792,24.240241,908.04542,23583.225,EXISTING_SCREEN_SINGLE_CANDIDATE
2028,ARROKOTH,486958 Arrokoth,CARGO_DELIVERY,20,2028-01-15T00:00:00Z,2036-01-13T00:00:00Z,2920,30.133792,24.240241,908.04542,110777.475,EXISTING_SCREEN_SINGLE_CANDIDATE
2028,ARROKOTH,486958 Arrokoth,CREWED_TRANSPORT,100,2028-01-15T00:00:00Z,2036-01-13T00:00:00Z,2920,30.133792,24.240241,908.04542,551108.068,EXISTING_SCREEN_SINGLE_CANDIDATE
2029,ARROKOTH,486958 Arrokoth,FLYBY,1,2029-01-15T00:00:00Z,2037-01-13T00:00:00Z,2920,30.213976,24.218182,912.884346,1237.566,EXISTING_SCREEN_SINGLE_CANDIDATE
2029,ARROKOTH,486958 Arrokoth,ORBITAL_RECON,2,2029-01-15T00:00:00Z,2037-01-13T00:00:00Z,2920,30.213976,24.218182,912.884346,10044.256,EXISTING_SCREEN_SINGLE_CANDIDATE
2029,ARROKOTH,486958 Arrokoth,RENDEZVOUS,2,2029-01-15T00:00:00Z,2037-01-13T00:00:00Z,2920,30.213976,24.218182,912.884346,10044.256,EXISTING_SCREEN_SINGLE_CANDIDATE
2029,ARROKOTH,486958 Arrokoth,LANDING_PROSPECTING,5,2029-01-15T00:00:00Z,2037-01-13T00:00:00Z,2920,30.213976,24.218182,912.884346,23479.289,EXISTING_SCREEN_SINGLE_CANDIDATE
2029,ARROKOTH,486958 Arrokoth,CARGO_DELIVERY,20,2029-01-15T00:00:00Z,2037-01-13T00:00:00Z,2920,30.213976,24.218182,912.884346,110246.181,EXISTING_SCREEN_SINGLE_CANDIDATE
2029,ARROKOTH,486958 Arrokoth,CREWED_TRANSPORT,100,2029-01-15T00:00:00Z,2037-01-13T00:00:00Z,2920,30.213976,24.218182,912.884346,548439.982,EXISTING_SCREEN_SINGLE_CANDIDATE
2030,ARROKOTH,486958 Arrokoth,FLYBY,1,2030-01-15T00:00:00Z,2038-01-13T00:00:00Z,2920,30.518683,24.195168,931.390012,1248.67,EXISTING_SCREEN_SINGLE_CANDIDATE
2030,ARROKOTH,486958 Arrokoth,ORBITAL_RECON,2,2030-01-15T00:00:00Z,2038-01-13T00:00:00Z,2920,30.518683,24.195168,931.390012,10010.996,EXISTING_SCREEN_SINGLE_CANDIDATE
2030,ARROKOTH,486958 Arrokoth,RENDEZVOUS,2,2030-01-15T00:00:00Z,2038-01-13T00:00:00Z,2920,30.518683,24.195168,931.390012,10010.996,EXISTING_SCREEN_SINGLE_CANDIDATE
2030,ARROKOTH,486958 Arrokoth,LANDING_PROSPECTING,5,2030-01-15T00:00:00Z,2038-01-13T00:00:00Z,2920,30.518683,24.195168,931.390012,23379.484,EXISTING_SCREEN_SINGLE_CANDIDATE
2030,ARROKOTH,486958 Arrokoth,CARGO_DELIVERY,20,2030-01-15T00:00:00Z,2038-01-13T00:00:00Z,2920,30.518683,24.195168,931.390012,109702.744,EXISTING_SCREEN_SINGLE_CANDIDATE
2030,ARROKOTH,486958 Arrokoth,CREWED_TRANSPORT,100,2030-01-15T00:00:00Z,2038-01-13T00:00:00Z,2920,30.518683,24.195168,931.390012,545678.381,EXISTING_SCREEN_SINGLE_CANDIDATE
2031,ARROKOTH,486958 Arrokoth,FLYBY,1,2031-01-15T00:00:00Z,2039-01-13T00:00:00Z,2920,30.853976,24.173196,951.967835,1261.016,EXISTING_SCREEN_SINGLE_CANDIDATE
2031,ARROKOTH,486958 Arrokoth,ORBITAL_RECON,2,2031-01-15T00:00:00Z,2039-01-13T00:00:00Z,2920,30.853976,24.173196,951.967835,9981.199,EXISTING_SCREEN_SINGLE_CANDIDATE
2031,ARROKOTH,486958 Arrokoth,RENDEZVOUS,2,2031-01-15T00:00:00Z,2039-01-13T00:00:00Z,2920,30.853976,24.173196,951.967835,9981.199,EXISTING_SCREEN_SINGLE_CANDIDATE
2031,ARROKOTH,486958 Arrokoth,LANDING_PROSPECTING,5,2031-01-15T00:00:00Z,2039-01-13T00:00:00Z,2920,30.853976,24.173196,951.967835,23286.473,EXISTING_SCREEN_SINGLE_CANDIDATE
2031,ARROKOTH,486958 Arrokoth,CARGO_DELIVERY,20,2031-01-15T00:00:00Z,2039-01-13T00:00:00Z,2920,30.853976,24.173196,951.967835,109188.297,EXISTING_SCREEN_SINGLE_CANDIDATE
2031,ARROKOTH,486958 Arrokoth,CREWED_TRANSPORT,100,2031-01-15T00:00:00Z,2039-01-13T00:00:00Z,2920,30.853976,24.173196,951.967835,543056.762,EXISTING_SCREEN_SINGLE_CANDIDATE
2032,ARROKOTH,486958 Arrokoth,FLYBY,1,2032-01-15T00:00:00Z,2040-01-13T00:00:00Z,2920,31.156919,24.153349,970.753602,1272.288,EXISTING_SCREEN_SINGLE_CANDIDATE
2032,ARROKOTH,486958 Arrokoth,ORBITAL_RECON,2,2032-01-15T00:00:00Z,2040-01-13T00:00:00Z,2920,31.156919,24.153349,970.753602,9954.579,EXISTING_SCREEN_SINGLE_CANDIDATE
2032,ARROKOTH,486958 Arrokoth,RENDEZVOUS,2,2032-01-15T00:00:00Z,2040-01-13T00:00:00Z,2920,31.156919,24.153349,970.753602,9954.579,EXISTING_SCREEN_SINGLE_CANDIDATE
2032,ARROKOTH,486958 Arrokoth,LANDING_PROSPECTING,5,2032-01-15T00:00:00Z,2040-01-13T00:00:00Z,2920,31.156919,24.153349,970.753602,23203.016,EXISTING_SCREEN_SINGLE_CANDIDATE
2032,ARROKOTH,486958 Arrokoth,CARGO_DELIVERY,20,2032-01-15T00:00:00Z,2040-01-13T00:00:00Z,2920,31.156919,24.153349,970.753602,108725.93,EXISTING_SCREEN_SINGLE_CANDIDATE
2032,ARROKOTH,486958 Arrokoth,CREWED_TRANSPORT,100,2032-01-15T00:00:00Z,2040-01-13T00:00:00Z,2920,31.156919,24.153349,970.753602,540699.839,EXISTING_SCREEN_SINGLE_CANDIDATE
2033,ARROKOTH,486958 Arrokoth,FLYBY,1,2033-01-15T00:00:00Z,2041-01-13T00:00:00Z,2920,31.280523,24.137414,978.471119,1276.918,EXISTING_SCREEN_SINGLE_CANDIDATE
2033,ARROKOTH,486958 Arrokoth,ORBITAL_RECON,2,2033-01-15T00:00:00Z,2041-01-13T00:00:00Z,2920,31.280523,24.137414,978.471119,9928.908,EXISTING_SCREEN_SINGLE_CANDIDATE
2033,ARROKOTH,486958 Arrokoth,RENDEZVOUS,2,2033-01-15T00:00:00Z,2041-01-13T00:00:00Z,2920,31.280523,24.137414,978.471119,9928.908,EXISTING_SCREEN_SINGLE_CANDIDATE
2033,ARROKOTH,486958 Arrokoth,LANDING_PROSPECTING,5,2033-01-15T00:00:00Z,2041-01-13T00:00:00Z,2920,31.280523,24.137414,978.471119,23131.892,EXISTING_SCREEN_SINGLE_CANDIDATE
2033,ARROKOTH,486958 Arrokoth,CARGO_DELIVERY,20,2033-01-15T00:00:00Z,2041-01-13T00:00:00Z,2920,31.280523,24.137414,978.471119,108351.788,EXISTING_SCREEN_SINGLE_CANDIDATE
2033,ARROKOTH,486958 Arrokoth,CREWED_TRANSPORT,100,2033-01-15T00:00:00Z,2041-01-13T00:00:00Z,2920,31.280523,24.137414,978.471119,538810.61,EXISTING_SCREEN_SINGLE_CANDIDATE
2034,ARROKOTH,486958 Arrokoth,FLYBY,1,2034-01-15T00:00:00Z,2042-01-13T00:00:00Z,2920,31.61772,24.123725,999.680218,1289.644,EXISTING_SCREEN_SINGLE_CANDIDATE
2034,ARROKOTH,486958 Arrokoth,ORBITAL_RECON,2,2034-01-15T00:00:00Z,2042-01-13T00:00:00Z,2920,31.61772,24.123725,999.680218,9915.688,EXISTING_SCREEN_SINGLE_CANDIDATE
2034,ARROKOTH,486958 Arrokoth,RENDEZVOUS,2,2034-01-15T00:00:00Z,2042-01-13T00:00:00Z,2920,31.61772,24.123725,999.680218,9915.688,EXISTING_SCREEN_SINGLE_CANDIDATE
2034,ARROKOTH,486958 Arrokoth,LANDING_PROSPECTING,5,2034-01-15T00:00:00Z,2042-01-13T00:00:00Z,2920,31.61772,24.123725,999.680218,23079.755,EXISTING_SCREEN_SINGLE_CANDIDATE
2034,ARROKOTH,486958 Arrokoth,CARGO_DELIVERY,20,2034-01-15T00:00:00Z,2042-01-13T00:00:00Z,2920,31.61772,24.123725,999.680218,108040.198,EXISTING_SCREEN_SINGLE_CANDIDATE
2034,ARROKOTH,486958 Arrokoth,CREWED_TRANSPORT,100,2034-01-15T00:00:00Z,2042-01-13T00:00:00Z,2920,31.61772,24.123725,999.680218,537201.758,EXISTING_SCREEN_SINGLE_CANDIDATE
2035,ARROKOTH,486958 Arrokoth,FLYBY,1,2035-01-15T00:00:00Z,2043-01-13T00:00:00Z,2920,31.930538,24.112915,1019.559257,1301.571,EXISTING_SCREEN_SINGLE_CANDIDATE
2035,ARROKOTH,486958 Arrokoth,ORBITAL_RECON,2,2035-01-15T00:00:00Z,2043-01-13T00:00:00Z,2920,31.930538,24.112915,1019.559257,9907.183,EXISTING_SCREEN_SINGLE_CANDIDATE
2035,ARROKOTH,486958 Arrokoth,RENDEZVOUS,2,2035-01-15T00:00:00Z,2043-01-13T00:00:00Z,2920,31.930538,24.112915,1019.559257,9907.183,EXISTING_SCREEN_SINGLE_CANDIDATE
2035,ARROKOTH,486958 Arrokoth,LANDING_PROSPECTING,5,2035-01-15T00:00:00Z,2043-01-13T00:00:00Z,2920,31.930538,24.112915,1019.559257,23040.6,EXISTING_SCREEN_SINGLE_CANDIDATE
2035,ARROKOTH,486958 Arrokoth,CARGO_DELIVERY,20,2035-01-15T00:00:00Z,2043-01-13T00:00:00Z,2920,31.930538,24.112915,1019.559257,107796.714,EXISTING_SCREEN_SINGLE_CANDIDATE
2035,ARROKOTH,486958 Arrokoth,CREWED_TRANSPORT,100,2035-01-15T00:00:00Z,2043-01-13T00:00:00Z,2920,31.930538,24.112915,1019.559257,535936.63,EXISTING_SCREEN_SINGLE_CANDIDATE
2026,ASTEROID_6178,6178 (1986 DA),FLYBY,1,2026-06-15T00:00:00Z,2027-06-15T00:00:00Z,365,9.708805,17.091525,94.260902,536.536,REFINED_GROUPED_LAMBERT_GRID
2026,ASTEROID_6178,6178 (1986 DA),ORBITAL_RECON,2,2026-05-15T00:00:00Z,2028-05-14T00:00:00Z,730,6.919107,4.171035,47.874038,749.75,REFINED_GROUPED_LAMBERT_GRID
2026,ASTEROID_6178,6178 (1986 DA),RENDEZVOUS,2,2026-05-15T00:00:00Z,2028-05-14T00:00:00Z,730,6.919107,4.171035,47.874038,749.75,REFINED_GROUPED_LAMBERT_GRID
2026,ASTEROID_6178,6178 (1986 DA),LANDING_PROSPECTING,5,2026-05-15T00:00:00Z,2028-05-14T00:00:00Z,730,6.919107,4.171035,47.874038,1291.349,REFINED_GROUPED_LAMBERT_GRID
2026,ASTEROID_6178,6178 (1986 DA),CARGO_DELIVERY,20,2026-06-15T00:00:00Z,2028-06-14T00:00:00Z,730,10.659669,3.759416,113.628547,2031.034,REFINED_GROUPED_LAMBERT_GRID
2026,ASTEROID_6178,6178 (1986 DA),CREWED_TRANSPORT,100,2026-06-15T00:00:00Z,2028-06-14T00:00:00Z,730,10.659669,3.759416,113.628547,9282.46,REFINED_GROUPED_LAMBERT_GRID
2027,ASTEROID_6178,6178 (1986 DA),FLYBY,1,2027-06-15T00:00:00Z,2028-06-14T00:00:00Z,365,6.093914,11.371258,37.135786,502.261,REFINED_GROUPED_LAMBERT_GRID
2027,ASTEROID_6178,6178 (1986 DA),ORBITAL_RECON,2,2027-03-15T00:00:00Z,2031-03-14T00:00:00Z,1460,10.616558,6.315945,112.711305,910.328,REFINED_GROUPED_LAMBERT_GRID
2027,ASTEROID_6178,6178 (1986 DA),RENDEZVOUS,2,2027-03-15T00:00:00Z,2031-03-14T00:00:00Z,1460,10.616558,6.315945,112.711305,910.328,REFINED_GROUPED_LAMBERT_GRID
2027,ASTEROID_6178,6178 (1986 DA),LANDING_PROSPECTING,5,2027-03-15T00:00:00Z,2031-03-14T00:00:00Z,1460,10.616558,6.315945,112.711305,1544.504,REFINED_GROUPED_LAMBERT_GRID
2027,ASTEROID_6178,6178 (1986 DA),CARGO_DELIVERY,20,2027-03-15T00:00:00Z,2031-03-14T00:00:00Z,1460,10.616558,6.315945,112.711305,2972.342,REFINED_GROUPED_LAMBERT_GRID
2027,ASTEROID_6178,6178 (1986 DA),CREWED_TRANSPORT,100,2027-05-15T00:00:00Z,2031-05-14T00:00:00Z,1460,16.815691,6.13732,282.767477,13697.295,REFINED_GROUPED_LAMBERT_GRID
2028,ASTEROID_6178,6178 (1986 DA),FLYBY,1,2028-01-15T00:00:00Z,2029-01-14T00:00:00Z,365,11.827489,21.745339,139.8895,563.913,REFINED_GROUPED_LAMBERT_GRID
2028,ASTEROID_6178,6178 (1986 DA),ORBITAL_RECON,2,2028-03-15T00:00:00Z,2032-03-14T00:00:00Z,1460,9.581971,2.359299,91.814162,802.577,REFINED_GROUPED_LAMBERT_GRID
2028,ASTEROID_6178,6178 (1986 DA),RENDEZVOUS,2,2028-03-15T00:00:00Z,2032-03-14T00:00:00Z,1460,9.581971,2.359299,91.814162,802.577,REFINED_GROUPED_LAMBERT_GRID
2028,ASTEROID_6178,6178 (1986 DA),LANDING_PROSPECTING,5,2028-03-15T00:00:00Z,2032-03-14T00:00:00Z,1460,9.581971,2.359299,91.814162,1293.932,REFINED_GROUPED_LAMBERT_GRID
2028,ASTEROID_6178,6178 (1986 DA),CARGO_DELIVERY,20,2028-03-15T00:00:00Z,2032-03-14T00:00:00Z,1460,9.581971,2.359299,91.814162,1769.635,REFINED_GROUPED_LAMBERT_GRID
2028,ASTEROID_6178,6178 (1986 DA),CREWED_TRANSPORT,100,2028-03-15T00:00:00Z,2032-03-14T00:00:00Z,1460,9.581971,2.359299,91.814162,8027.82,REFINED_GROUPED_LAMBERT_GRID
2029,ASTEROID_6178,6178 (1986 DA),FLYBY,1,2029-05-15T00:00:00Z,2030-05-15T00:00:00Z,365,11.369757,7.3117,129.271366,557.542,REFINED_GROUPED_LAMBERT_GRID
2029,ASTEROID_6178,6178 (1986 DA),ORBITAL_RECON,2,2029-05-15T00:00:00Z,2031-05-15T00:00:00Z,730,11.37957,2.21576,129.494619,763.105,REFINED_GROUPED_LAMBERT_GRID
2029,ASTEROID_6178,6178 (1986 DA),RENDEZVOUS,2,2029-05-15T00:00:00Z,2031-05-15T00:00:00Z,730,11.37957,2.21576,129.494619,763.105,REFINED_GROUPED_LAMBERT_GRID
2029,ASTEROID_6178,6178 (1986 DA),LANDING_PROSPECTING,5,2029-05-15T00:00:00Z,2031-05-15T00:00:00Z,730,11.37957,2.21576,129.494619,1251.278,REFINED_GROUPED_LAMBERT_GRID
2029,ASTEROID_6178,6178 (1986 DA),CARGO_DELIVERY,20,2029-05-15T00:00:00Z,2031-05-15T00:00:00Z,730,11.37957,2.21576,129.494619,1705.768,REFINED_GROUPED_LAMBERT_GRID
2029,ASTEROID_6178,6178 (1986 DA),CREWED_TRANSPORT,100,2029-06-15T00:00:00Z,2031-06-15T00:00:00Z,730,16.975343,2.070489,288.162279,7583.307,REFINED_GROUPED_LAMBERT_GRID
2030,ASTEROID_6178,6178 (1986 DA),FLYBY,1,2030-04-15T00:00:00Z,2032-04-14T00:00:00Z,730,8.786712,5.697268,77.206303,556.283,REFINED_GROUPED_LAMBERT_GRID
2030,ASTEROID_6178,6178 (1986 DA),ORBITAL_RECON,2,2030-04-15T00:00:00Z,2032-04-14T00:00:00Z,730,8.786712,5.697268,77.206303,808.157,REFINED_GROUPED_LAMBERT_GRID
2030,ASTEROID_6178,6178 (1986 DA),RENDEZVOUS,2,2030-04-15T00:00:00Z,2032-04-14T00:00:00Z,730,8.786712,5.697268,77.206303,808.157,REFINED_GROUPED_LAMBERT_GRID
2030,ASTEROID_6178,6178 (1986 DA),LANDING_PROSPECTING,5,2030-06-15T00:00:00Z,2032-06-14T00:00:00Z,730,12.411324,4.446084,154.040964,1370.974,REFINED_GROUPED_LAMBERT_GRID
2030,ASTEROID_6178,6178 (1986 DA),CARGO_DELIVERY,20,2030-07-15T00:00:00Z,2032-07-14T00:00:00Z,730,18.115856,3.94141,328.184241,2207.35,REFINED_GROUPED_LAMBERT_GRID
2030,ASTEROID_6178,6178 (1986 DA),CREWED_TRANSPORT,100,2030-07-15T00:00:00Z,2032-07-14T00:00:00Z,730,18.115856,3.94141,328.184241,9649.106,REFINED_GROUPED_LAMBERT_GRID
2031,ASTEROID_6178,6178 (1986 DA),FLYBY,1,2031-06-15T00:00:00Z,2032-06-14T00:00:00Z,365,8.626389,16.646903,74.414594,524.628,REFINED_GROUPED_LAMBERT_GRID
2031,ASTEROID_6178,6178 (1986 DA),ORBITAL_RECON,2,2031-05-15T00:00:00Z,2033-05-14T00:00:00Z,730,6.302938,3.840092,39.727029,737.695,REFINED_GROUPED_LAMBERT_GRID
2031,ASTEROID_6178,6178 (1986 DA),RENDEZVOUS,2,2031-05-15T00:00:00Z,2033-05-14T00:00:00Z,730,6.302938,3.840092,39.727029,737.695,REFINED_GROUPED_LAMBERT_GRID
2031,ASTEROID_6178,6178 (1986 DA),LANDING_PROSPECTING,5,2031-05-15T00:00:00Z,2033-05-14T00:00:00Z,730,6.302938,3.840092,39.727029,1268.546,REFINED_GROUPED_LAMBERT_GRID
2031,ASTEROID_6178,6178 (1986 DA),CARGO_DELIVERY,20,2031-05-15T00:00:00Z,2033-05-14T00:00:00Z,730,6.302938,3.840092,39.727029,2007.548,REFINED_GROUPED_LAMBERT_GRID
2031,ASTEROID_6178,6178 (1986 DA),CREWED_TRANSPORT,100,2031-04-15T00:00:00Z,2033-04-14T00:00:00Z,730,7.202851,3.832781,51.881059,9340.163,REFINED_GROUPED_LAMBERT_GRID
2032,ASTEROID_6178,6178 (1986 DA),FLYBY,1,2032-07-15T00:00:00Z,2033-07-15T00:00:00Z,365,2.711438,9.326875,7.351895,484.391,REFINED_GROUPED_LAMBERT_GRID
2032,ASTEROID_6178,6178 (1986 DA),ORBITAL_RECON,2,2032-06-15T00:00:00Z,2033-06-15T00:00:00Z,365,3.255383,7.179207,10.597521,793.546,REFINED_GROUPED_LAMBERT_GRID
2032,ASTEROID_6178,6178 (1986 DA),RENDEZVOUS,2,2032-06-15T00:00:00Z,2033-06-15T00:00:00Z,365,3.255383,7.179207,10.597521,793.546,REFINED_GROUPED_LAMBERT_GRID
2032,ASTEROID_6178,6178 (1986 DA),LANDING_PROSPECTING,5,2032-03-15T00:00:00Z,2036-03-14T00:00:00Z,1460,9.708559,4.874258,94.256119,1421.874,REFINED_GROUPED_LAMBERT_GRID
2032,ASTEROID_6178,6178 (1986 DA),CARGO_DELIVERY,20,2032-03-15T00:00:00Z,2036-03-14T00:00:00Z,1460,9.708559,4.874258,94.256119,2403.484,REFINED_GROUPED_LAMBERT_GRID
2032,ASTEROID_6178,6178 (1986 DA),CREWED_TRANSPORT,100,2032-03-15T00:00:00Z,2036-03-14T00:00:00Z,1460,9.708559,4.874258,94.256119,11191.204,REFINED_GROUPED_LAMBERT_GRID
2033,ASTEROID_6178,6178 (1986 DA),FLYBY,1,2033-03-15T00:00:00Z,2034-03-15T00:00:00Z,365,8.632897,8.796957,74.526904,524.696,REFINED_GROUPED_LAMBERT_GRID
2033,ASTEROID_6178,6178 (1986 DA),ORBITAL_RECON,2,2033-04-15T00:00:00Z,2035-04-15T00:00:00Z,730,10.949003,3.20159,119.880669,773.366,REFINED_GROUPED_LAMBERT_GRID
2033,ASTEROID_6178,6178 (1986 DA),RENDEZVOUS,2,2033-04-15T00:00:00Z,2035-04-15T00:00:00Z,730,10.949003,3.20159,119.880669,773.366,REFINED_GROUPED_LAMBERT_GRID
2033,ASTEROID_6178,6178 (1986 DA),LANDING_PROSPECTING,5,2033-04-15T00:00:00Z,2037-04-14T00:00:00Z,1460,8.809413,1.951398,77.60576,1270.768,REFINED_GROUPED_LAMBERT_GRID
2033,ASTEROID_6178,6178 (1986 DA),CARGO_DELIVERY,20,2033-04-15T00:00:00Z,2037-04-14T00:00:00Z,1460,8.809413,1.951398,77.60576,1687.916,REFINED_GROUPED_LAMBERT_GRID
2033,ASTEROID_6178,6178 (1986 DA),CREWED_TRANSPORT,100,2033-04-15T00:00:00Z,2037-04-14T00:00:00Z,1460,8.809413,1.951398,77.60576,7653.326,REFINED_GROUPED_LAMBERT_GRID
2034,ASTEROID_6178,6178 (1986 DA),FLYBY,1,2034-05-15T00:00:00Z,2035-05-15T00:00:00Z,365,11.263102,10.924153,126.857468,556.094,REFINED_GROUPED_LAMBERT_GRID
2034,ASTEROID_6178,6178 (1986 DA),ORBITAL_RECON,2,2034-05-15T00:00:00Z,2036-05-14T00:00:00Z,730,10.462941,3.437622,109.473141,771.509,REFINED_GROUPED_LAMBERT_GRID
2034,ASTEROID_6178,6178 (1986 DA),RENDEZVOUS,2,2034-05-15T00:00:00Z,2036-05-14T00:00:00Z,730,10.462941,3.437622,109.473141,771.509,REFINED_GROUPED_LAMBERT_GRID
2034,ASTEROID_6178,6178 (1986 DA),LANDING_PROSPECTING,5,2034-05-15T00:00:00Z,2036-05-14T00:00:00Z,730,10.462941,3.437622,109.473141,1290.309,REFINED_GROUPED_LAMBERT_GRID
2034,ASTEROID_6178,6178 (1986 DA),CARGO_DELIVERY,20,2034-06-15T00:00:00Z,2036-06-14T00:00:00Z,730,15.459516,3.019068,238.996623,1931.359,REFINED_GROUPED_LAMBERT_GRID
2034,ASTEROID_6178,6178 (1986 DA),CREWED_TRANSPORT,100,2034-06-15T00:00:00Z,2036-06-14T00:00:00Z,730,15.459516,3.019068,238.996623,8483.205,REFINED_GROUPED_LAMBERT_GRID
2035,ASTEROID_6178,6178 (1986 DA),FLYBY,1,2035-05-15T00:00:00Z,2037-05-14T00:00:00Z,730,7.927612,5.465595,62.847036,547.667,REFINED_GROUPED_LAMBERT_GRID
2035,ASTEROID_6178,6178 (1986 DA),ORBITAL_RECON,2,2035-05-15T00:00:00Z,2037-05-14T00:00:00Z,730,7.927612,5.465595,62.847036,792.422,REFINED_GROUPED_LAMBERT_GRID
2035,ASTEROID_6178,6178 (1986 DA),RENDEZVOUS,2,2035-05-15T00:00:00Z,2037-05-14T00:00:00Z,730,7.927612,5.465595,62.847036,792.422,REFINED_GROUPED_LAMBERT_GRID
2035,ASTEROID_6178,6178 (1986 DA),LANDING_PROSPECTING,5,2035-06-15T00:00:00Z,2037-06-14T00:00:00Z,730,11.255299,4.478576,126.681752,1356.505,REFINED_GROUPED_LAMBERT_GRID
2035,ASTEROID_6178,6178 (1986 DA),CARGO_DELIVERY,20,2035-07-15T00:00:00Z,2037-07-14T00:00:00Z,730,16.469075,3.98692,271.230424,2185.38,REFINED_GROUPED_LAMBERT_GRID
2035,ASTEROID_6178,6178 (1986 DA),CREWED_TRANSPORT,100,2035-07-15T00:00:00Z,2037-07-14T00:00:00Z,730,16.469075,3.98692,271.230424,9675.947,REFINED_GROUPED_LAMBERT_GRID
2026,ATLAS3I,3I/ATLAS,FLYBY,1,2026-07-15T00:00:00Z,2034-07-13T00:00:00Z,2920,60.810226,5.708287,3697.883586,2908.566,EXISTING_SCREEN_SINGLE_CANDIDATE
2026,ATLAS3I,3I/ATLAS,ORBITAL_RECON,2,2026-07-15T00:00:00Z,2034-07-13T00:00:00Z,2920,60.810226,5.708287,3697.883586,3160.788,EXISTING_SCREEN_SINGLE_CANDIDATE
2026,ATLAS3I,3I/ATLAS,RENDEZVOUS,2,2026-07-15T00:00:00Z,2034-07-13T00:00:00Z,2920,60.810226,5.708287,3697.883586,3160.788,EXISTING_SCREEN_SINGLE_CANDIDATE
2026,ATLAS3I,3I/ATLAS,LANDING_PROSPECTING,5,2026-07-15T00:00:00Z,2034-07-13T00:00:00Z,2920,60.810226,5.708287,3697.883586,3764.12,EXISTING_SCREEN_SINGLE_CANDIDATE
2026,ATLAS3I,3I/ATLAS,CARGO_DELIVERY,20,2026-07-15T00:00:00Z,2034-07-13T00:00:00Z,2920,60.810226,5.708287,3697.883586,4986.338,EXISTING_SCREEN_SINGLE_CANDIDATE
2026,ATLAS3I,3I/ATLAS,CREWED_TRANSPORT,100,2026-07-15T00:00:00Z,2034-07-13T00:00:00Z,2920,60.810226,5.708287,3697.883586,15456.77,EXISTING_SCREEN_SINGLE_CANDIDATE
2027,ATLAS3I,3I/ATLAS,FLYBY,1,2027-07-15T00:00:00Z,2035-07-13T00:00:00Z,2920,67.983289,12.97883,4621.727583,3462.872,EXISTING_SCREEN_SINGLE_CANDIDATE
2027,ATLAS3I,3I/ATLAS,ORBITAL_RECON,2,2027-07-15T00:00:00Z,2035-07-13T00:00:00Z,2920,67.983289,12.97883,4621.727583,4288.431,EXISTING_SCREEN_SINGLE_CANDIDATE
2027,ATLAS3I,3I/ATLAS,RENDEZVOUS,2,2027-07-15T00:00:00Z,2035-07-13T00:00:00Z,2920,67.983289,12.97883,4621.727583,4288.431,EXISTING_SCREEN_SINGLE_CANDIDATE
2027,ATLAS3I,3I/ATLAS,LANDING_PROSPECTING,5,2027-07-15T00:00:00Z,2035-07-13T00:00:00Z,2920,67.983289,12.97883,4621.727583,5751.769,EXISTING_SCREEN_SINGLE_CANDIDATE
2027,ATLAS3I,3I/ATLAS,CARGO_DELIVERY,20,2027-07-15T00:00:00Z,2035-07-13T00:00:00Z,2920,67.983289,12.97883,4621.727583,12707.358,EXISTING_SCREEN_SINGLE_CANDIDATE
2027,ATLAS3I,3I/ATLAS,CREWED_TRANSPORT,100,2027-07-15T00:00:00Z,2035-07-13T00:00:00Z,2920,67.983289,12.97883,4621.727583,51844.646,EXISTING_SCREEN_SINGLE_CANDIDATE
2028,ATLAS3I,3I/ATLAS,FLYBY,1,2028-07-15T00:00:00Z,2036-07-13T00:00:00Z,2920,74.877534,20.324252,5606.645098,4053.823,EXISTING_SCREEN_SINGLE_CANDIDATE
2028,ATLAS3I,3I/ATLAS,ORBITAL_RECON,2,2028-07-15T00:00:00Z,2036-07-13T00:00:00Z,2920,74.877534,20.324252,5606.645098,7824.414,EXISTING_SCREEN_SINGLE_CANDIDATE
2028,ATLAS3I,3I/ATLAS,RENDEZVOUS,2,2028-07-15T00:00:00Z,2036-07-13T00:00:00Z,2920,74.877534,20.324252,5606.645098,7824.414,EXISTING_SCREEN_SINGLE_CANDIDATE
2028,ATLAS3I,3I/ATLAS,LANDING_PROSPECTING,5,2028-07-15T00:00:00Z,2036-07-13T00:00:00Z,2920,74.877534,20.324252,5606.645098,13705.3,EXISTING_SCREEN_SINGLE_CANDIDATE
2028,ATLAS3I,3I/ATLAS,CARGO_DELIVERY,20,2028-07-15T00:00:00Z,2036-07-13T00:00:00Z,2920,74.877534,20.324252,5606.645098,50111.211,EXISTING_SCREEN_SINGLE_CANDIDATE
2028,ATLAS3I,3I/ATLAS,CREWED_TRANSPORT,100,2028-07-15T00:00:00Z,2036-07-13T00:00:00Z,2920,74.877534,20.324252,5606.645098,236500.105,EXISTING_SCREEN_SINGLE_CANDIDATE
2029,ATLAS3I,3I/ATLAS,FLYBY,1,2029-07-15T00:00:00Z,2037-07-13T00:00:00Z,2920,82.063397,27.649735,6734.401127,4730.476,EXISTING_SCREEN_SINGLE_CANDIDATE
2029,ATLAS3I,3I/ATLAS,ORBITAL_RECON,2,2029-07-15T00:00:00Z,2037-07-13T00:00:00Z,2920,82.063397,27.649735,6734.401127,23484.203,EXISTING_SCREEN_SINGLE_CANDIDATE
2029,ATLAS3I,3I/ATLAS,RENDEZVOUS,2,2029-07-15T00:00:00Z,2037-07-13T00:00:00Z,2920,82.063397,27.649735,6734.401127,23484.203,EXISTING_SCREEN_SINGLE_CANDIDATE
2029,ATLAS3I,3I/ATLAS,LANDING_PROSPECTING,5,2029-07-15T00:00:00Z,2037-07-13T00:00:00Z,2920,82.063397,27.649735,6734.401127,51839.794,EXISTING_SCREEN_SINGLE_CANDIDATE
2029,ATLAS3I,3I/ATLAS,CARGO_DELIVERY,20,2029-07-15T00:00:00Z,2037-07-13T00:00:00Z,2920,82.063397,27.649735,6734.401127,238077.063,EXISTING_SCREEN_SINGLE_CANDIDATE
2029,ATLAS3I,3I/ATLAS,CREWED_TRANSPORT,100,2029-07-15T00:00:00Z,2037-07-13T00:00:00Z,2920,82.063397,27.649735,6734.401127,1173622.751,EXISTING_SCREEN_SINGLE_CANDIDATE
2030,ATLAS3I,3I/ATLAS,FLYBY,1,2030-07-15T00:00:00Z,2038-07-13T00:00:00Z,2920,89.296449,34.965691,7973.855804,5474.149,EXISTING_SCREEN_SINGLE_CANDIDATE
2030,ATLAS3I,3I/ATLAS,ORBITAL_RECON,2,2030-07-15T00:00:00Z,2038-07-13T00:00:00Z,2920,89.296449,34.965691,7973.855804,100337.55,EXISTING_SCREEN_SINGLE_CANDIDATE
2030,ATLAS3I,3I/ATLAS,RENDEZVOUS,2,2030-07-15T00:00:00Z,2038-07-13T00:00:00Z,2920,89.296449,34.965691,7973.855804,100337.55,EXISTING_SCREEN_SINGLE_CANDIDATE
2030,ATLAS3I,3I/ATLAS,LANDING_PROSPECTING,5,2030-07-15T00:00:00Z,2038-07-13T00:00:00Z,2920,89.296449,34.965691,7973.855804,242857.65,EXISTING_SCREEN_SINGLE_CANDIDATE
2030,ATLAS3I,3I/ATLAS,CARGO_DELIVERY,20,2030-07-15T00:00:00Z,2038-07-13T00:00:00Z,2920,89.296449,34.965691,7973.855804,1190191.653,EXISTING_SCREEN_SINGLE_CANDIDATE
2030,ATLAS3I,3I/ATLAS,CREWED_TRANSPORT,100,2030-07-15T00:00:00Z,2038-07-13T00:00:00Z,2920,89.296449,34.965691,7973.855804,5931221.013,EXISTING_SCREEN_SINGLE_CANDIDATE
2031,ATLAS3I,3I/ATLAS,FLYBY,1,2031-07-15T00:00:00Z,2039-07-13T00:00:00Z,2920,96.530627,42.271368,9318.161949,6280.733,EXISTING_SCREEN_SINGLE_CANDIDATE
2031,ATLAS3I,3I/ATLAS,ORBITAL_RECON,2,2031-07-15T00:00:00Z,2039-07-13T00:00:00Z,2920,96.530627,42.271368,9318.161949,486859.156,EXISTING_SCREEN_SINGLE_CANDIDATE
2031,ATLAS3I,3I/ATLAS,RENDEZVOUS,2,2031-07-15T00:00:00Z,2039-07-13T00:00:00Z,2920,96.530627,42.271368,9318.161949,486859.156,EXISTING_SCREEN_SINGLE_CANDIDATE
2031,ATLAS3I,3I/ATLAS,LANDING_PROSPECTING,5,2031-07-15T00:00:00Z,2039-07-13T00:00:00Z,2920,96.530627,42.271368,9318.161949,1207951.789,EXISTING_SCREEN_SINGLE_CANDIDATE
2031,ATLAS3I,3I/ATLAS,CARGO_DELIVERY,20,2031-07-15T00:00:00Z,2039-07-13T00:00:00Z,2920,96.530627,42.271368,9318.161949,6012436.015,EXISTING_SCREEN_SINGLE_CANDIDATE
2031,ATLAS3I,3I/ATLAS,CREWED_TRANSPORT,100,2031-07-15T00:00:00Z,2039-07-13T00:00:00Z,2920,96.530627,42.271368,9318.161949,30039216.489,EXISTING_SCREEN_SINGLE_CANDIDATE
2032,ATLAS3I,3I/ATLAS,FLYBY,1,2032-07-15T00:00:00Z,2040-07-13T00:00:00Z,2920,103.42216,49.5851,10696.143179,7107.522,EXISTING_SCREEN_SINGLE_CANDIDATE
2032,ATLAS3I,3I/ATLAS,ORBITAL_RECON,2,2032-07-15T00:00:00Z,2040-07-13T00:00:00Z,2920,103.42216,49.5851,10696.143179,2447905.62,EXISTING_SCREEN_SINGLE_CANDIDATE
2032,ATLAS3I,3I/ATLAS,RENDEZVOUS,2,2032-07-15T00:00:00Z,2040-07-13T00:00:00Z,2920,103.42216,49.5851,10696.143179,2447905.62,EXISTING_SCREEN_SINGLE_CANDIDATE
2032,ATLAS3I,3I/ATLAS,LANDING_PROSPECTING,5,2032-07-15T00:00:00Z,2040-07-13T00:00:00Z,2920,103.42216,49.5851,10696.143179,6109327.769,EXISTING_SCREEN_SINGLE_CANDIDATE
2032,ATLAS3I,3I/ATLAS,CARGO_DELIVERY,20,2032-07-15T00:00:00Z,2040-07-13T00:00:00Z,2920,103.42216,49.5851,10696.143179,30516008.757,EXISTING_SCREEN_SINGLE_CANDIDATE
2032,ATLAS3I,3I/ATLAS,CREWED_TRANSPORT,100,2032-07-15T00:00:00Z,2040-07-13T00:00:00Z,2920,103.42216,49.5851,10696.143179,152553773.041,EXISTING_SCREEN_SINGLE_CANDIDATE
2033,ATLAS3I,3I/ATLAS,FLYBY,1,2033-07-15T00:00:00Z,2041-07-13T00:00:00Z,2920,110.686431,56.87173,12251.486008,8040.727,EXISTING_SCREEN_SINGLE_CANDIDATE
2033,ATLAS3I,3I/ATLAS,ORBITAL_RECON,2,2033-07-15T00:00:00Z,2041-07-13T00:00:00Z,2920,110.686431,56.87173,12251.486008,12331935.523,EXISTING_SCREEN_SINGLE_CANDIDATE
2033,ATLAS3I,3I/ATLAS,RENDEZVOUS,2,2033-07-15T00:00:00Z,2041-07-13T00:00:00Z,2920,110.686431,56.87173,12251.486008,12331935.523,EXISTING_SCREEN_SINGLE_CANDIDATE
2033,ATLAS3I,3I/ATLAS,LANDING_PROSPECTING,5,2033-07-15T00:00:00Z,2041-07-13T00:00:00Z,2920,110.686431,56.87173,12251.486008,30818002.717,EXISTING_SCREEN_SINGLE_CANDIDATE
2033,ATLAS3I,3I/ATLAS,CARGO_DELIVERY,20,2033-07-15T00:00:00Z,2041-07-13T00:00:00Z,2920,110.686431,56.87173,12251.486008,154055650.674,EXISTING_SCREEN_SINGLE_CANDIDATE
2033,ATLAS3I,3I/ATLAS,CREWED_TRANSPORT,100,2033-07-15T00:00:00Z,2041-07-13T00:00:00Z,2920,110.686431,56.87173,12251.486008,770248249.803,EXISTING_SCREEN_SINGLE_CANDIDATE
2034,ATLAS3I,3I/ATLAS,FLYBY,1,2034-07-15T00:00:00Z,2042-07-13T00:00:00Z,2920,117.927073,64.151599,13906.794546,9033.912,EXISTING_SCREEN_SINGLE_CANDIDATE
2034,ATLAS3I,3I/ATLAS,ORBITAL_RECON,2,2034-07-15T00:00:00Z,2042-07-13T00:00:00Z,2920,117.927073,64.151599,13906.794546,62142301.499,EXISTING_SCREEN_SINGLE_CANDIDATE
2034,ATLAS3I,3I/ATLAS,RENDEZVOUS,2,2034-07-15T00:00:00Z,2042-07-13T00:00:00Z,2920,117.927073,64.151599,13906.794546,62142301.499,EXISTING_SCREEN_SINGLE_CANDIDATE
2034,ATLAS3I,3I/ATLAS,LANDING_PROSPECTING,5,2034-07-15T00:00:00Z,2042-07-13T00:00:00Z,2920,117.927073,64.151599,13906.794546,155342427.879,EXISTING_SCREEN_SINGLE_CANDIDATE
2034,ATLAS3I,3I/ATLAS,CARGO_DELIVERY,20,2034-07-15T00:00:00Z,2042-07-13T00:00:00Z,2920,117.927073,64.151599,13906.794546,776673803.746,EXISTING_SCREEN_SINGLE_CANDIDATE
2034,ATLAS3I,3I/ATLAS,CREWED_TRANSPORT,100,2034-07-15T00:00:00Z,2042-07-13T00:00:00Z,2920,117.927073,64.151599,13906.794546,3883335042.422,EXISTING_SCREEN_SINGLE_CANDIDATE
2035,ATLAS3I,3I/ATLAS,FLYBY,1,2035-07-15T00:00:00Z,2043-07-13T00:00:00Z,2920,125.178582,71.425834,15669.677392,10091.642,EXISTING_SCREEN_SINGLE_CANDIDATE
2035,ATLAS3I,3I/ATLAS,ORBITAL_RECON,2,2035-07-15T00:00:00Z,2043-07-13T00:00:00Z,2920,125.178582,71.425834,15669.677392,312876660.882,EXISTING_SCREEN_SINGLE_CANDIDATE
2035,ATLAS3I,3I/ATLAS,RENDEZVOUS,2,2035-07-15T00:00:00Z,2043-07-13T00:00:00Z,2920,125.178582,71.425834,15669.677392,312876660.882,EXISTING_SCREEN_SINGLE_CANDIDATE
2035,ATLAS3I,3I/ATLAS,LANDING_PROSPECTING,5,2035-07-15T00:00:00Z,2043-07-13T00:00:00Z,2920,125.178582,71.425834,15669.677392,782176739.743,EXISTING_SCREEN_SINGLE_CANDIDATE
2035,ATLAS3I,3I/ATLAS,CARGO_DELIVERY,20,2035-07-15T00:00:00Z,2043-07-13T00:00:00Z,2920,125.178582,71.425834,15669.677392,3910841132.145,EXISTING_SCREEN_SINGLE_CANDIDATE
2035,ATLAS3I,3I/ATLAS,CREWED_TRANSPORT,100,2035-07-15T00:00:00Z,2043-07-13T00:00:00Z,2920,125.178582,71.425834,15669.677392,19554167453.498,EXISTING_SCREEN_SINGLE_CANDIDATE
2026,BENNU,101955 Bennu,FLYBY,1,2026-09-15T00:00:00Z,2027-09-15T00:00:00Z,365,8.708334,13.965283,75.835088,525.481,REFINED_GROUPED_LAMBERT_GRID
2026,BENNU,101955 Bennu,ORBITAL_RECON,2,2026-10-15T00:00:00Z,2030-10-14T00:00:00Z,1460,8.262285,6.898152,68.265346,906.145,REFINED_GROUPED_LAMBERT_GRID
2026,BENNU,101955 Bennu,RENDEZVOUS,2,2026-10-15T00:00:00Z,2030-10-14T00:00:00Z,1460,8.262285,6.898152,68.265346,906.145,REFINED_GROUPED_LAMBERT_GRID
2026,BENNU,101955 Bennu,LANDING_PROSPECTING,5,2026-10-15T00:00:00Z,2030-10-14T00:00:00Z,1460,8.262285,6.898152,68.265346,1574.047,REFINED_GROUPED_LAMBERT_GRID
2026,BENNU,101955 Bennu,CARGO_DELIVERY,20,2026-10-15T00:00:00Z,2030-10-14T00:00:00Z,1460,8.262285,6.898152,68.265346,3226.724,REFINED_GROUPED_LAMBERT_GRID
2026,BENNU,101955 Bennu,CREWED_TRANSPORT,100,2026-10-15T00:00:00Z,2030-10-14T00:00:00Z,1460,8.262285,6.898152,68.265346,15369.785,REFINED_GROUPED_LAMBERT_GRID
2027,BENNU,101955 Bennu,FLYBY,1,2027-12-15T00:00:00Z,2028-06-12T00:00:00Z,180,7.059836,12.717436,49.84128,494.689,REFINED_GROUPED_LAMBERT_GRID
2027,BENNU,101955 Bennu,ORBITAL_RECON,2,2027-08-15T00:00:00Z,2028-02-11T00:00:00Z,180,17.131796,9.457114,293.49842,1078.047,REFINED_GROUPED_LAMBERT_GRID
2027,BENNU,101955 Bennu,RENDEZVOUS,2,2027-08-15T00:00:00Z,2028-02-11T00:00:00Z,180,17.131796,9.457114,293.49842,1078.047,REFINED_GROUPED_LAMBERT_GRID
2027,BENNU,101955 Bennu,LANDING_PROSPECTING,5,2027-08-15T00:00:00Z,2028-02-11T00:00:00Z,180,17.131796,9.457114,293.49842,1958.792,REFINED_GROUPED_LAMBERT_GRID
2027,BENNU,101955 Bennu,CARGO_DELIVERY,20,2027-07-15T00:00:00Z,2028-01-11T00:00:00Z,180,19.610399,9.216581,384.567762,4872.216,REFINED_GROUPED_LAMBERT_GRID
2027,BENNU,101955 Bennu,CREWED_TRANSPORT,100,2027-07-15T00:00:00Z,2028-01-11T00:00:00Z,180,19.610399,9.216581,384.567762,22838.119,REFINED_GROUPED_LAMBERT_GRID
2028,BENNU,101955 Bennu,FLYBY,1,2028-01-15T00:00:00Z,2028-07-13T00:00:00Z,180,6.107226,11.358782,37.298211,487.163,REFINED_GROUPED_LAMBERT_GRID
2028,BENNU,101955 Bennu,ORBITAL_RECON,2,2028-10-15T00:00:00Z,2030-10-15T00:00:00Z,730,5.47577,4.533532,29.984057,747.494,REFINED_GROUPED_LAMBERT_GRID
2028,BENNU,101955 Bennu,RENDEZVOUS,2,2028-10-15T00:00:00Z,2030-10-15T00:00:00Z,730,5.47577,4.533532,29.984057,747.494,REFINED_GROUPED_LAMBERT_GRID
2028,BENNU,101955 Bennu,LANDING_PROSPECTING,5,2028-10-15T00:00:00Z,2030-10-15T00:00:00Z,730,5.47577,4.533532,29.984057,1301.811,REFINED_GROUPED_LAMBERT_GRID
2028,BENNU,101955 Bennu,CARGO_DELIVERY,20,2028-10-15T00:00:00Z,2030-10-15T00:00:00Z,730,5.47577,4.533532,29.984057,2197.256,REFINED_GROUPED_LAMBERT_GRID
2028,BENNU,101955 Bennu,CREWED_TRANSPORT,100,2028-10-15T00:00:00Z,2030-10-15T00:00:00Z,730,5.47577,4.533532,29.984057,10314.317,REFINED_GROUPED_LAMBERT_GRID
2029,BENNU,101955 Bennu,FLYBY,1,2029-03-15T00:00:00Z,2029-09-11T00:00:00Z,180,4.041345,7.256743,16.332472,474.584,REFINED_GROUPED_LAMBERT_GRID
2029,BENNU,101955 Bennu,ORBITAL_RECON,2,2029-09-15T00:00:00Z,2030-09-15T00:00:00Z,365,7.92523,1.594505,62.809269,684.674,REFINED_GROUPED_LAMBERT_GRID
2029,BENNU,101955 Bennu,RENDEZVOUS,2,2029-09-15T00:00:00Z,2030-09-15T00:00:00Z,365,7.92523,1.594505,62.809269,684.674,REFINED_GROUPED_LAMBERT_GRID
2029,BENNU,101955 Bennu,LANDING_PROSPECTING,5,2029-09-15T00:00:00Z,2030-09-15T00:00:00Z,365,7.92523,1.594505,62.809269,1160.188,REFINED_GROUPED_LAMBERT_GRID
2029,BENNU,101955 Bennu,CARGO_DELIVERY,20,2029-09-15T00:00:00Z,2030-09-15T00:00:00Z,365,7.92523,1.594505,62.809269,1530.281,REFINED_GROUPED_LAMBERT_GRID
2029,BENNU,101955 Bennu,CREWED_TRANSPORT,100,2029-09-15T00:00:00Z,2030-09-15T00:00:00Z,365,7.92523,1.594505,62.809269,6900.662,REFINED_GROUPED_LAMBERT_GRID
2030,BENNU,101955 Bennu,FLYBY,1,2030-10-15T00:00:00Z,2031-04-13T00:00:00Z,180,1.271289,5.063031,1.616175,465.754,REFINED_GROUPED_LAMBERT_GRID
2030,BENNU,101955 Bennu,ORBITAL_RECON,2,2030-10-15T00:00:00Z,2031-10-15T00:00:00Z,365,4.317791,1.118746,18.643318,652.455,REFINED_GROUPED_LAMBERT_GRID
2030,BENNU,101955 Bennu,RENDEZVOUS,2,2030-10-15T00:00:00Z,2031-10-15T00:00:00Z,365,4.317791,1.118746,18.643318,652.455,REFINED_GROUPED_LAMBERT_GRID
2030,BENNU,101955 Bennu,LANDING_PROSPECTING,5,2030-10-15T00:00:00Z,2031-10-15T00:00:00Z,365,4.317791,1.118746,18.643318,1119.39,REFINED_GROUPED_LAMBERT_GRID
2030,BENNU,101955 Bennu,CARGO_DELIVERY,20,2030-10-15T00:00:00Z,2031-10-15T00:00:00Z,365,4.317791,1.118746,18.643318,1432.287,REFINED_GROUPED_LAMBERT_GRID
2030,BENNU,101955 Bennu,CREWED_TRANSPORT,100,2030-10-15T00:00:00Z,2031-10-15T00:00:00Z,365,4.317791,1.118746,18.643318,6516.689,REFINED_GROUPED_LAMBERT_GRID
2031,BENNU,101955 Bennu,FLYBY,1,2031-06-15T00:00:00Z,2032-06-14T00:00:00Z,365,2.140137,9.585228,4.580188,482.728,REFINED_GROUPED_LAMBERT_GRID
2031,BENNU,101955 Bennu,ORBITAL_RECON,2,2031-01-15T00:00:00Z,2031-07-14T00:00:00Z,180,6.250085,3.210953,39.063567,679.871,REFINED_GROUPED_LAMBERT_GRID
2031,BENNU,101955 Bennu,RENDEZVOUS,2,2031-01-15T00:00:00Z,2031-07-14T00:00:00Z,180,6.250085,3.210953,39.063567,679.871,REFINED_GROUPED_LAMBERT_GRID
2031,BENNU,101955 Bennu,LANDING_PROSPECTING,5,2031-02-15T00:00:00Z,2032-02-15T00:00:00Z,365,6.187272,2.591554,38.28233,1180.822,REFINED_GROUPED_LAMBERT_GRID
2031,BENNU,101955 Bennu,CARGO_DELIVERY,20,2031-02-15T00:00:00Z,2032-02-15T00:00:00Z,365,6.187272,2.591554,38.28233,1692.315,REFINED_GROUPED_LAMBERT_GRID
2031,BENNU,101955 Bennu,CREWED_TRANSPORT,100,2031-02-15T00:00:00Z,2032-02-15T00:00:00Z,365,6.187272,2.591554,38.28233,7769.697,REFINED_GROUPED_LAMBERT_GRID
2032,BENNU,101955 Bennu,FLYBY,1,2032-09-15T00:00:00Z,2033-09-15T00:00:00Z,365,7.72428,12.66921,59.6645,515.778,REFINED_GROUPED_LAMBERT_GRID
2032,BENNU,101955 Bennu,ORBITAL_RECON,2,2032-10-15T00:00:00Z,2036-10-14T00:00:00Z,1460,8.256117,7.406589,68.163461,928.245,REFINED_GROUPED_LAMBERT_GRID
2032,BENNU,101955 Bennu,RENDEZVOUS,2,2032-10-15T00:00:00Z,2036-10-14T00:00:00Z,1460,8.256117,7.406589,68.163461,928.245,REFINED_GROUPED_LAMBERT_GRID
2032,BENNU,101955 Bennu,LANDING_PROSPECTING,5,2032-10-15T00:00:00Z,2036-10-14T00:00:00Z,1460,8.256117,7.406589,68.163461,1629.388,REFINED_GROUPED_LAMBERT_GRID
2032,BENNU,101955 Bennu,CARGO_DELIVERY,20,2032-10-15T00:00:00Z,2036-10-14T00:00:00Z,1460,8.256117,7.406589,68.163461,3503.676,REFINED_GROUPED_LAMBERT_GRID
2032,BENNU,101955 Bennu,CREWED_TRANSPORT,100,2032-10-15T00:00:00Z,2036-10-14T00:00:00Z,1460,8.256117,7.406589,68.163461,16754.788,REFINED_GROUPED_LAMBERT_GRID
2033,BENNU,101955 Bennu,FLYBY,1,2033-12-15T00:00:00Z,2034-06-13T00:00:00Z,180,6.702016,12.710784,44.917022,491.735,REFINED_GROUPED_LAMBERT_GRID
2033,BENNU,101955 Bennu,ORBITAL_RECON,2,2033-11-15T00:00:00Z,2037-11-14T00:00:00Z,1460,11.333827,9.494593,128.455637,1086.891,REFINED_GROUPED_LAMBERT_GRID
2033,BENNU,101955 Bennu,RENDEZVOUS,2,2033-11-15T00:00:00Z,2037-11-14T00:00:00Z,1460,11.333827,9.494593,128.455637,1086.891,REFINED_GROUPED_LAMBERT_GRID
2033,BENNU,101955 Bennu,LANDING_PROSPECTING,5,2033-12-15T00:00:00Z,2037-12-14T00:00:00Z,1460,12.859688,9.307977,165.371563,1960.387,REFINED_GROUPED_LAMBERT_GRID
2033,BENNU,101955 Bennu,CARGO_DELIVERY,20,2033-12-15T00:00:00Z,2037-12-14T00:00:00Z,1460,12.859688,9.307977,165.371563,4925.373,REFINED_GROUPED_LAMBERT_GRID
2033,BENNU,101955 Bennu,CREWED_TRANSPORT,100,2033-12-15T00:00:00Z,2037-12-14T00:00:00Z,1460,12.859688,9.307977,165.371563,23629.973,REFINED_GROUPED_LAMBERT_GRID
2034,BENNU,101955 Bennu,FLYBY,1,2034-01-15T00:00:00Z,2034-07-14T00:00:00Z,180,6.37491,11.252256,40.639479,489.168,REFINED_GROUPED_LAMBERT_GRID
2034,BENNU,101955 Bennu,ORBITAL_RECON,2,2034-10-15T00:00:00Z,2036-10-14T00:00:00Z,730,5.390828,5.4579,29.061032,771.92,REFINED_GROUPED_LAMBERT_GRID
2034,BENNU,101955 Bennu,RENDEZVOUS,2,2034-10-15T00:00:00Z,2036-10-14T00:00:00Z,730,5.390828,5.4579,29.061032,771.92,REFINED_GROUPED_LAMBERT_GRID
2034,BENNU,101955 Bennu,LANDING_PROSPECTING,5,2034-10-15T00:00:00Z,2036-10-14T00:00:00Z,730,5.390828,5.4579,29.061032,1363.707,REFINED_GROUPED_LAMBERT_GRID
2034,BENNU,101955 Bennu,CARGO_DELIVERY,20,2034-09-15T00:00:00Z,2036-09-14T00:00:00Z,730,9.442048,5.210477,89.152264,2455.045,REFINED_GROUPED_LAMBERT_GRID
2034,BENNU,101955 Bennu,CREWED_TRANSPORT,100,2034-09-15T00:00:00Z,2036-09-14T00:00:00Z,730,9.442048,5.210477,89.152264,11461.261,REFINED_GROUPED_LAMBERT_GRID
2035,BENNU,101955 Bennu,FLYBY,1,2035-03-15T00:00:00Z,2035-09-11T00:00:00Z,180,4.513291,7.355507,20.369794,477.006,REFINED_GROUPED_LAMBERT_GRID
2035,BENNU,101955 Bennu,ORBITAL_RECON,2,2035-09-15T00:00:00Z,2036-09-14T00:00:00Z,365,8.620054,2.312226,74.305339,701.43,REFINED_GROUPED_LAMBERT_GRID
2035,BENNU,101955 Bennu,RENDEZVOUS,2,2035-09-15T00:00:00Z,2036-09-14T00:00:00Z,365,8.620054,2.312226,74.305339,701.43,REFINED_GROUPED_LAMBERT_GRID
2035,BENNU,101955 Bennu,LANDING_PROSPECTING,5,2035-09-15T00:00:00Z,2036-09-14T00:00:00Z,365,8.620054,2.312226,74.305339,1191.73,REFINED_GROUPED_LAMBERT_GRID
2035,BENNU,101955 Bennu,CARGO_DELIVERY,20,2035-09-15T00:00:00Z,2036-09-14T00:00:00Z,365,8.620054,2.312226,74.305339,1660.402,REFINED_GROUPED_LAMBERT_GRID
2035,BENNU,101955 Bennu,CREWED_TRANSPORT,100,2035-09-15T00:00:00Z,2036-09-14T00:00:00Z,365,8.620054,2.312226,74.305339,7523.676,REFINED_GROUPED_LAMBERT_GRID
2026,BORISOV,2I/Borisov,FLYBY,1,2026-01-15T00:00:00Z,2034-01-13T00:00:00Z,2920,63.836646,25.839335,4075.117373,3134.906,EXISTING_SCREEN_SINGLE_CANDIDATE
2026,BORISOV,2I/Borisov,ORBITAL_RECON,2,2026-01-15T00:00:00Z,2034-01-13T00:00:00Z,2920,63.836646,25.839335,4075.117373,15713.321,EXISTING_SCREEN_SINGLE_CANDIDATE
2026,BORISOV,2I/Borisov,RENDEZVOUS,2,2026-01-15T00:00:00Z,2034-01-13T00:00:00Z,2920,63.836646,25.839335,4075.117373,15713.321,EXISTING_SCREEN_SINGLE_CANDIDATE
2026,BORISOV,2I/Borisov,LANDING_PROSPECTING,5,2026-01-15T00:00:00Z,2034-01-13T00:00:00Z,2920,63.836646,25.839335,4075.117373,34805.943,EXISTING_SCREEN_SINGLE_CANDIDATE
2026,BORISOV,2I/Borisov,CARGO_DELIVERY,20,2026-01-15T00:00:00Z,2034-01-13T00:00:00Z,2920,63.836646,25.839335,4075.117373,159290.089,EXISTING_SCREEN_SINGLE_CANDIDATE
2026,BORISOV,2I/Borisov,CREWED_TRANSPORT,100,2026-01-15T00:00:00Z,2034-01-13T00:00:00Z,2920,63.836646,25.839335,4075.117373,786070.166,EXISTING_SCREEN_SINGLE_CANDIDATE
2027,BORISOV,2I/Borisov,FLYBY,1,2027-01-15T00:00:00Z,2035-01-13T00:00:00Z,2920,67.376984,29.985983,4539.657973,3413.631,EXISTING_SCREEN_SINGLE_CANDIDATE
2027,BORISOV,2I/Borisov,ORBITAL_RECON,2,2027-01-15T00:00:00Z,2035-01-13T00:00:00Z,2920,67.376984,29.985983,4539.657973,34856.759,EXISTING_SCREEN_SINGLE_CANDIDATE
2027,BORISOV,2I/Borisov,RENDEZVOUS,2,2027-01-15T00:00:00Z,2035-01-13T00:00:00Z,2920,67.376984,29.985983,4539.657973,34856.759,EXISTING_SCREEN_SINGLE_CANDIDATE
2027,BORISOV,2I/Borisov,LANDING_PROSPECTING,5,2027-01-15T00:00:00Z,2035-01-13T00:00:00Z,2920,67.376984,29.985983,4539.657973,82246.451,EXISTING_SCREEN_SINGLE_CANDIDATE
2027,BORISOV,2I/Borisov,CARGO_DELIVERY,20,2027-01-15T00:00:00Z,2035-01-13T00:00:00Z,2920,67.376984,29.985983,4539.657973,395377.735,EXISTING_SCREEN_SINGLE_CANDIDATE
2027,BORISOV,2I/Borisov,CREWED_TRANSPORT,100,2027-01-15T00:00:00Z,2035-01-13T00:00:00Z,2920,67.376984,29.985983,4539.657973,1965393.498,EXISTING_SCREEN_SINGLE_CANDIDATE
2028,BORISOV,2I/Borisov,FLYBY,1,2028-01-15T00:00:00Z,2036-01-13T00:00:00Z,2920,71.004327,34.117195,5041.614453,3714.804,EXISTING_SCREEN_SINGLE_CANDIDATE
2028,BORISOV,2I/Borisov,ORBITAL_RECON,2,2028-01-15T00:00:00Z,2036-01-13T00:00:00Z,2920,71.004327,34.117195,5041.614453,82295.328,EXISTING_SCREEN_SINGLE_CANDIDATE
2028,BORISOV,2I/Borisov,RENDEZVOUS,2,2028-01-15T00:00:00Z,2036-01-13T00:00:00Z,2920,71.004327,34.117195,5041.614453,82295.328,EXISTING_SCREEN_SINGLE_CANDIDATE
2028,BORISOV,2I/Borisov,LANDING_PROSPECTING,5,2028-01-15T00:00:00Z,2036-01-13T00:00:00Z,2920,71.004327,34.117195,5041.614453,200391.114,EXISTING_SCREEN_SINGLE_CANDIDATE
2028,BORISOV,2I/Borisov,CARGO_DELIVERY,20,2028-01-15T00:00:00Z,2036-01-13T00:00:00Z,2920,71.004327,34.117195,5041.614453,984896.355,EXISTING_SCREEN_SINGLE_CANDIDATE
2028,BORISOV,2I/Borisov,CREWED_TRANSPORT,100,2028-01-15T00:00:00Z,2036-01-13T00:00:00Z,2920,71.004327,34.117195,5041.614453,4911781.898,EXISTING_SCREEN_SINGLE_CANDIDATE
2029,BORISOV,2I/Borisov,FLYBY,1,2029-01-15T00:00:00Z,2037-01-13T00:00:00Z,2920,74.128259,38.244905,5494.998782,3986.835,EXISTING_SCREEN_SINGLE_CANDIDATE
2029,BORISOV,2I/Borisov,ORBITAL_RECON,2,2029-01-15T00:00:00Z,2037-01-13T00:00:00Z,2920,74.128259,38.244905,5494.998782,200465.13,EXISTING_SCREEN_SINGLE_CANDIDATE
2029,BORISOV,2I/Borisov,RENDEZVOUS,2,2029-01-15T00:00:00Z,2037-01-13T00:00:00Z,2920,74.128259,38.244905,5494.998782,200465.13,EXISTING_SCREEN_SINGLE_CANDIDATE
2029,BORISOV,2I/Borisov,LANDING_PROSPECTING,5,2029-01-15T00:00:00Z,2037-01-13T00:00:00Z,2920,74.128259,38.244905,5494.998782,495407.573,EXISTING_SCREEN_SINGLE_CANDIDATE
2029,BORISOV,2I/Borisov,CARGO_DELIVERY,20,2029-01-15T00:00:00Z,2037-01-13T00:00:00Z,2920,74.128259,38.244905,5494.998782,2458890.524,EXISTING_SCREEN_SINGLE_CANDIDATE
2029,BORISOV,2I/Borisov,CREWED_TRANSPORT,100,2029-01-15T00:00:00Z,2037-01-13T00:00:00Z,2920,74.128259,38.244905,5494.998782,12280664.625,EXISTING_SCREEN_SINGLE_CANDIDATE
2030,BORISOV,2I/Borisov,FLYBY,1,2030-01-15T00:00:00Z,2038-01-13T00:00:00Z,2920,77.832654,42.355535,6057.922029,4324.589,EXISTING_SCREEN_SINGLE_CANDIDATE
2030,BORISOV,2I/Borisov,ORBITAL_RECON,2,2030-01-15T00:00:00Z,2038-01-13T00:00:00Z,2920,77.832654,42.355535,6057.922029,493974.154,EXISTING_SCREEN_SINGLE_CANDIDATE
2030,BORISOV,2I/Borisov,RENDEZVOUS,2,2030-01-15T00:00:00Z,2038-01-13T00:00:00Z,2920,77.832654,42.355535,6057.922029,493974.154,EXISTING_SCREEN_SINGLE_CANDIDATE
2030,BORISOV,2I/Borisov,LANDING_PROSPECTING,5,2030-01-15T00:00:00Z,2038-01-13T00:00:00Z,2920,77.832654,42.355535,6057.922029,1228673.502,EXISTING_SCREEN_SINGLE_CANDIDATE
2030,BORISOV,2I/Borisov,CARGO_DELIVERY,20,2030-01-15T00:00:00Z,2038-01-13T00:00:00Z,2920,77.832654,42.355535,6057.922029,6123869.152,EXISTING_SCREEN_SINGLE_CANDIDATE
2030,BORISOV,2I/Borisov,CREWED_TRANSPORT,100,2030-01-15T00:00:00Z,2038-01-13T00:00:00Z,2920,77.832654,42.355535,6057.922029,30604206.749,EXISTING_SCREEN_SINGLE_CANDIDATE
2031,BORISOV,2I/Borisov,FLYBY,1,2031-01-15T00:00:00Z,2039-01-13T00:00:00Z,2920,81.59145,46.460742,6657.164713,4684.135,EXISTING_SCREEN_SINGLE_CANDIDATE
2031,BORISOV,2I/Borisov,ORBITAL_RECON,2,2031-01-15T00:00:00Z,2039-01-13T00:00:00Z,2920,81.59145,46.460742,6657.164713,1223729.991,EXISTING_SCREEN_SINGLE_CANDIDATE
2031,BORISOV,2I/Borisov,RENDEZVOUS,2,2031-01-15T00:00:00Z,2039-01-13T00:00:00Z,2920,81.59145,46.460742,6657.164713,1223729.991,EXISTING_SCREEN_SINGLE_CANDIDATE
2031,BORISOV,2I/Borisov,LANDING_PROSPECTING,5,2031-01-15T00:00:00Z,2039-01-13T00:00:00Z,2920,81.59145,46.460742,6657.164713,3052523.776,EXISTING_SCREEN_SINGLE_CANDIDATE
2031,BORISOV,2I/Borisov,CARGO_DELIVERY,20,2031-01-15T00:00:00Z,2039-01-13T00:00:00Z,2920,81.59145,46.460742,6657.164713,15241682.343,EXISTING_SCREEN_SINGLE_CANDIDATE
2031,BORISOV,2I/Borisov,CREWED_TRANSPORT,100,2031-01-15T00:00:00Z,2039-01-13T00:00:00Z,2920,81.59145,46.460742,6657.164713,76191834.519,EXISTING_SCREEN_SINGLE_CANDIDATE
2032,BORISOV,2I/Borisov,FLYBY,1,2032-01-15T00:00:00Z,2040-01-13T00:00:00Z,2920,85.354139,50.561886,7285.329044,5061.033,EXISTING_SCREEN_SINGLE_CANDIDATE
2032,BORISOV,2I/Borisov,ORBITAL_RECON,2,2032-01-15T00:00:00Z,2040-01-13T00:00:00Z,2920,85.354139,50.561886,7285.329044,3037538.216,EXISTING_SCREEN_SINGLE_CANDIDATE
2032,BORISOV,2I/Borisov,RENDEZVOUS,2,2032-01-15T00:00:00Z,2040-01-13T00:00:00Z,2920,85.354139,50.561886,7285.329044,3037538.216,EXISTING_SCREEN_SINGLE_CANDIDATE
2032,BORISOV,2I/Borisov,LANDING_PROSPECTING,5,2032-01-15T00:00:00Z,2040-01-13T00:00:00Z,2920,85.354139,50.561886,7285.329044,7586478.989,EXISTING_SCREEN_SINGLE_CANDIDATE
2032,BORISOV,2I/Borisov,CARGO_DELIVERY,20,2032-01-15T00:00:00Z,2040-01-13T00:00:00Z,2920,85.354139,50.561886,7285.329044,37909950.813,EXISTING_SCREEN_SINGLE_CANDIDATE
2032,BORISOV,2I/Borisov,CREWED_TRANSPORT,100,2032-01-15T00:00:00Z,2040-01-13T00:00:00Z,2920,85.354139,50.561886,7285.329044,189531669.275,EXISTING_SCREEN_SINGLE_CANDIDATE
2033,BORISOV,2I/Borisov,FLYBY,1,2033-01-15T00:00:00Z,2041-01-13T00:00:00Z,2920,88.662707,54.669008,7861.075613,5406.481,EXISTING_SCREEN_SINGLE_CANDIDATE
2033,BORISOV,2I/Borisov,ORBITAL_RECON,2,2033-01-15T00:00:00Z,2041-01-13T00:00:00Z,2920,88.662707,54.669008,7861.075613,7559215.206,EXISTING_SCREEN_SINGLE_CANDIDATE
2033,BORISOV,2I/Borisov,RENDEZVOUS,2,2033-01-15T00:00:00Z,2041-01-13T00:00:00Z,2920,88.662707,54.669008,7861.075613,7559215.206,EXISTING_SCREEN_SINGLE_CANDIDATE
2033,BORISOV,2I/Borisov,LANDING_PROSPECTING,5,2033-01-15T00:00:00Z,2041-01-13T00:00:00Z,2920,88.662707,54.669008,7861.075613,18890153.293,EXISTING_SCREEN_SINGLE_CANDIDATE
2033,BORISOV,2I/Borisov,CARGO_DELIVERY,20,2033-01-15T00:00:00Z,2041-01-13T00:00:00Z,2920,88.662707,54.669008,7861.075613,94426940.538,EXISTING_SCREEN_SINGLE_CANDIDATE
2033,BORISOV,2I/Borisov,CREWED_TRANSPORT,100,2033-01-15T00:00:00Z,2041-01-13T00:00:00Z,2920,88.662707,54.669008,7861.075613,472115236.109,EXISTING_SCREEN_SINGLE_CANDIDATE
2034,BORISOV,2I/Borisov,FLYBY,1,2034-01-15T00:00:00Z,2042-01-13T00:00:00Z,2920,92.503485,58.76484,8556.894737,5823.973,EXISTING_SCREEN_SINGLE_CANDIDATE
2034,BORISOV,2I/Borisov,ORBITAL_RECON,2,2034-01-15T00:00:00Z,2042-01-13T00:00:00Z,2920,92.503485,58.76484,8556.894737,18775227.838,EXISTING_SCREEN_SINGLE_CANDIDATE
2034,BORISOV,2I/Borisov,RENDEZVOUS,2,2034-01-15T00:00:00Z,2042-01-13T00:00:00Z,2920,92.503485,58.76484,8556.894737,18775227.838,EXISTING_SCREEN_SINGLE_CANDIDATE
2034,BORISOV,2I/Borisov,LANDING_PROSPECTING,5,2034-01-15T00:00:00Z,2042-01-13T00:00:00Z,2920,92.503485,58.76484,8556.894737,46929558.635,EXISTING_SCREEN_SINGLE_CANDIDATE
2034,BORISOV,2I/Borisov,CARGO_DELIVERY,20,2034-01-15T00:00:00Z,2042-01-13T00:00:00Z,2920,92.503485,58.76484,8556.894737,234622297.284,EXISTING_SCREEN_SINGLE_CANDIDATE
2034,BORISOV,2I/Borisov,CREWED_TRANSPORT,100,2034-01-15T00:00:00Z,2042-01-13T00:00:00Z,2920,92.503485,58.76484,8556.894737,1173090349.875,EXISTING_SCREEN_SINGLE_CANDIDATE
2035,BORISOV,2I/Borisov,FLYBY,1,2035-01-15T00:00:00Z,2043-01-13T00:00:00Z,2920,96.343937,62.857765,9282.154197,6259.128,EXISTING_SCREEN_SINGLE_CANDIDATE
2035,BORISOV,2I/Borisov,ORBITAL_RECON,2,2035-01-15T00:00:00Z,2043-01-13T00:00:00Z,2920,96.343937,62.857765,9282.154197,46613852.628,EXISTING_SCREEN_SINGLE_CANDIDATE
2035,BORISOV,2I/Borisov,RENDEZVOUS,2,2035-01-15T00:00:00Z,2043-01-13T00:00:00Z,2920,96.343937,62.857765,9282.154197,46613852.628,EXISTING_SCREEN_SINGLE_CANDIDATE
2035,BORISOV,2I/Borisov,LANDING_PROSPECTING,5,2035-01-15T00:00:00Z,2043-01-13T00:00:00Z,2920,96.343937,62.857765,9282.154197,116525467.879,EXISTING_SCREEN_SINGLE_CANDIDATE
2035,BORISOV,2I/Borisov,CARGO_DELIVERY,20,2035-01-15T00:00:00Z,2043-01-13T00:00:00Z,2920,96.343937,62.857765,9282.154197,582600102.881,EXISTING_SCREEN_SINGLE_CANDIDATE
2035,BORISOV,2I/Borisov,CREWED_TRANSPORT,100,2035-01-15T00:00:00Z,2043-01-13T00:00:00Z,2920,96.343937,62.857765,9282.154197,2912977637.235,EXISTING_SCREEN_SINGLE_CANDIDATE
2026,BORRELLY,19P/Borrelly,FLYBY,1,2026-01-15T00:00:00Z,2034-01-13T00:00:00Z,2920,22.745683,8.344863,517.366095,1000.255,EXISTING_SCREEN_SINGLE_CANDIDATE
2026,BORRELLY,19P/Borrelly,ORBITAL_RECON,2,2026-01-15T00:00:00Z,2034-01-13T00:00:00Z,2920,22.745683,8.344863,517.366095,1365.774,EXISTING_SCREEN_SINGLE_CANDIDATE
2026,BORRELLY,19P/Borrelly,RENDEZVOUS,2,2026-01-15T00:00:00Z,2034-01-13T00:00:00Z,2920,22.745683,8.344863,517.366095,1365.774,EXISTING_SCREEN_SINGLE_CANDIDATE
2026,BORRELLY,19P/Borrelly,LANDING_PROSPECTING,5,2026-01-15T00:00:00Z,2034-01-13T00:00:00Z,2920,22.745683,8.344863,517.366095,2139.051,EXISTING_SCREEN_SINGLE_CANDIDATE
2026,BORRELLY,19P/Borrelly,CARGO_DELIVERY,20,2026-01-15T00:00:00Z,2034-01-13T00:00:00Z,2920,22.745683,8.344863,517.366095,4494.232,EXISTING_SCREEN_SINGLE_CANDIDATE
2026,BORRELLY,19P/Borrelly,CREWED_TRANSPORT,100,2026-01-15T00:00:00Z,2034-01-13T00:00:00Z,2920,22.745683,8.344863,517.366095,20629.483,EXISTING_SCREEN_SINGLE_CANDIDATE
2027,BORRELLY,19P/Borrelly,FLYBY,1,2027-01-15T00:00:00Z,2031-01-14T00:00:00Z,1460,24.155291,10.872715,583.478083,920.005,EXISTING_SCREEN_SINGLE_CANDIDATE
2027,BORRELLY,19P/Borrelly,ORBITAL_RECON,2,2027-01-15T00:00:00Z,2031-01-14T00:00:00Z,1460,24.155291,10.872715,583.478083,1478.115,EXISTING_SCREEN_SINGLE_CANDIDATE
2027,BORRELLY,19P/Borrelly,RENDEZVOUS,2,2027-01-15T00:00:00Z,2031-01-14T00:00:00Z,1460,24.155291,10.872715,583.478083,1478.115,EXISTING_SCREEN_SINGLE_CANDIDATE
2027,BORRELLY,19P/Borrelly,LANDING_PROSPECTING,5,2027-01-15T00:00:00Z,2031-01-14T00:00:00Z,1460,24.155291,10.872715,583.478083,2540.279,EXISTING_SCREEN_SINGLE_CANDIDATE
2027,BORRELLY,19P/Borrelly,CARGO_DELIVERY,20,2027-01-15T00:00:00Z,2031-01-14T00:00:00Z,1460,24.155291,10.872715,583.478083,6821.378,EXISTING_SCREEN_SINGLE_CANDIDATE
2027,BORRELLY,19P/Borrelly,CREWED_TRANSPORT,100,2027-01-15T00:00:00Z,2031-01-14T00:00:00Z,1460,24.155291,10.872715,583.478083,32106.54,EXISTING_SCREEN_SINGLE_CANDIDATE
2028,BORRELLY,19P/Borrelly,FLYBY,1,2028-01-15T00:00:00Z,2032-01-14T00:00:00Z,1460,18.716036,5.569845,350.290004,780.092,EXISTING_SCREEN_SINGLE_CANDIDATE
2028,BORRELLY,19P/Borrelly,ORBITAL_RECON,2,2028-01-15T00:00:00Z,2032-01-14T00:00:00Z,1460,18.716036,5.569845,350.290004,1028.005,EXISTING_SCREEN_SINGLE_CANDIDATE
2028,BORRELLY,19P/Borrelly,RENDEZVOUS,2,2028-01-15T00:00:00Z,2032-01-14T00:00:00Z,1460,18.716036,5.569845,350.290004,1028.005,EXISTING_SCREEN_SINGLE_CANDIDATE
2028,BORRELLY,19P/Borrelly,LANDING_PROSPECTING,5,2028-01-15T00:00:00Z,2032-01-14T00:00:00Z,1460,18.716036,5.569845,350.290004,1624.874,EXISTING_SCREEN_SINGLE_CANDIDATE
2028,BORRELLY,19P/Borrelly,CARGO_DELIVERY,20,2028-01-15T00:00:00Z,2032-01-14T00:00:00Z,1460,18.716036,5.569845,350.290004,2804.004,EXISTING_SCREEN_SINGLE_CANDIDATE
2028,BORRELLY,19P/Borrelly,CREWED_TRANSPORT,100,2028-01-15T00:00:00Z,2032-01-14T00:00:00Z,1460,18.716036,5.569845,350.290004,12579.324,EXISTING_SCREEN_SINGLE_CANDIDATE
2029,BORRELLY,19P/Borrelly,FLYBY,1,2029-01-15T00:00:00Z,2033-01-14T00:00:00Z,1460,15.442977,4.081584,238.485539,713.009,EXISTING_SCREEN_SINGLE_CANDIDATE
2029,BORRELLY,19P/Borrelly,ORBITAL_RECON,2,2029-01-15T00:00:00Z,2033-01-14T00:00:00Z,1460,15.442977,4.081584,238.485539,922.086,EXISTING_SCREEN_SINGLE_CANDIDATE
2029,BORRELLY,19P/Borrelly,RENDEZVOUS,2,2029-01-15T00:00:00Z,2033-01-14T00:00:00Z,1460,15.442977,4.081584,238.485539,922.086,EXISTING_SCREEN_SINGLE_CANDIDATE
2029,BORRELLY,19P/Borrelly,LANDING_PROSPECTING,5,2029-01-15T00:00:00Z,2033-01-14T00:00:00Z,1460,15.442977,4.081584,238.485539,1460.702,EXISTING_SCREEN_SINGLE_CANDIDATE
2029,BORRELLY,19P/Borrelly,CARGO_DELIVERY,20,2029-01-15T00:00:00Z,2033-01-14T00:00:00Z,1460,15.442977,4.081584,238.485539,2251.473,EXISTING_SCREEN_SINGLE_CANDIDATE
2029,BORRELLY,19P/Borrelly,CREWED_TRANSPORT,100,2029-01-15T00:00:00Z,2033-01-14T00:00:00Z,1460,15.442977,4.081584,238.485539,10084.998,EXISTING_SCREEN_SINGLE_CANDIDATE
2030,BORRELLY,19P/Borrelly,FLYBY,1,2030-01-15T00:00:00Z,2032-01-15T00:00:00Z,730,13.461566,5.816057,181.213759,618.687,EXISTING_SCREEN_SINGLE_CANDIDATE
2030,BORRELLY,19P/Borrelly,ORBITAL_RECON,2,2030-01-15T00:00:00Z,2032-01-15T00:00:00Z,730,13.461566,5.816057,181.213759,874.356,EXISTING_SCREEN_SINGLE_CANDIDATE
2030,BORRELLY,19P/Borrelly,RENDEZVOUS,2,2030-01-15T00:00:00Z,2032-01-15T00:00:00Z,730,13.461566,5.816057,181.213759,874.356,EXISTING_SCREEN_SINGLE_CANDIDATE
2030,BORRELLY,19P/Borrelly,LANDING_PROSPECTING,5,2030-01-15T00:00:00Z,2032-01-15T00:00:00Z,730,13.461566,5.816057,181.213759,1482.86,EXISTING_SCREEN_SINGLE_CANDIDATE
2030,BORRELLY,19P/Borrelly,CARGO_DELIVERY,20,2030-01-15T00:00:00Z,2032-01-15T00:00:00Z,730,13.461566,5.816057,181.213759,2739.549,EXISTING_SCREEN_SINGLE_CANDIDATE
2030,BORRELLY,19P/Borrelly,CREWED_TRANSPORT,100,2030-01-15T00:00:00Z,2032-01-15T00:00:00Z,730,13.461566,5.816057,181.213759,12662.832,EXISTING_SCREEN_SINGLE_CANDIDATE
2031,BORRELLY,19P/Borrelly,FLYBY,1,2031-01-15T00:00:00Z,2033-01-14T00:00:00Z,730,10.480435,9.22798,109.839518,575.863,EXISTING_SCREEN_SINGLE_CANDIDATE
2031,BORRELLY,19P/Borrelly,ORBITAL_RECON,2,2031-01-15T00:00:00Z,2033-01-14T00:00:00Z,730,10.480435,9.22798,109.839518,996.785,EXISTING_SCREEN_SINGLE_CANDIDATE
2031,BORRELLY,19P/Borrelly,RENDEZVOUS,2,2031-01-15T00:00:00Z,2033-01-14T00:00:00Z,730,10.480435,9.22798,109.839518,996.785,EXISTING_SCREEN_SINGLE_CANDIDATE
2031,BORRELLY,19P/Borrelly,LANDING_PROSPECTING,5,2031-01-15T00:00:00Z,2033-01-14T00:00:00Z,730,10.480435,9.22798,109.839518,1853.167,EXISTING_SCREEN_SINGLE_CANDIDATE
2031,BORRELLY,19P/Borrelly,CARGO_DELIVERY,20,2031-01-15T00:00:00Z,2033-01-14T00:00:00Z,730,10.480435,9.22798,109.839518,4762.386,EXISTING_SCREEN_SINGLE_CANDIDATE
2031,BORRELLY,19P/Borrelly,CREWED_TRANSPORT,100,2031-01-15T00:00:00Z,2033-01-14T00:00:00Z,730,10.480435,9.22798,109.839518,22948.316,EXISTING_SCREEN_SINGLE_CANDIDATE
2032,BORRELLY,19P/Borrelly,FLYBY,1,2032-01-15T00:00:00Z,2040-01-13T00:00:00Z,2920,19.294158,7.485347,372.264533,913.194,EXISTING_SCREEN_SINGLE_CANDIDATE
2032,BORRELLY,19P/Borrelly,ORBITAL_RECON,2,2032-01-15T00:00:00Z,2040-01-13T00:00:00Z,2920,19.294158,7.485347,372.264533,1234.286,EXISTING_SCREEN_SINGLE_CANDIDATE
2032,BORRELLY,19P/Borrelly,RENDEZVOUS,2,2032-01-15T00:00:00Z,2040-01-13T00:00:00Z,2920,19.294158,7.485347,372.264533,1234.286,EXISTING_SCREEN_SINGLE_CANDIDATE
2032,BORRELLY,19P/Borrelly,LANDING_PROSPECTING,5,2032-01-15T00:00:00Z,2040-01-13T00:00:00Z,2920,19.294158,7.485347,372.264533,1940.922,EXISTING_SCREEN_SINGLE_CANDIDATE
2032,BORRELLY,19P/Borrelly,CARGO_DELIVERY,20,2032-01-15T00:00:00Z,2040-01-13T00:00:00Z,2920,19.294158,7.485347,372.264533,3851.833,EXISTING_SCREEN_SINGLE_CANDIDATE
2032,BORRELLY,19P/Borrelly,CREWED_TRANSPORT,100,2032-01-15T00:00:00Z,2040-01-13T00:00:00Z,2920,19.294158,7.485347,372.264533,17765.732,EXISTING_SCREEN_SINGLE_CANDIDATE
2033,BORRELLY,19P/Borrelly,FLYBY,1,2033-01-15T00:00:00Z,2041-01-13T00:00:00Z,2920,24.361766,8.886129,593.495643,1045.933,EXISTING_SCREEN_SINGLE_CANDIDATE
2033,BORRELLY,19P/Borrelly,ORBITAL_RECON,2,2033-01-15T00:00:00Z,2041-01-13T00:00:00Z,2920,24.361766,8.886129,593.495643,1444.11,EXISTING_SCREEN_SINGLE_CANDIDATE
2033,BORRELLY,19P/Borrelly,RENDEZVOUS,2,2033-01-15T00:00:00Z,2041-01-13T00:00:00Z,2920,24.361766,8.886129,593.495643,1444.11,EXISTING_SCREEN_SINGLE_CANDIDATE
2033,BORRELLY,19P/Borrelly,LANDING_PROSPECTING,5,2033-01-15T00:00:00Z,2041-01-13T00:00:00Z,2920,24.361766,8.886129,593.495643,2266.376,EXISTING_SCREEN_SINGLE_CANDIDATE
2033,BORRELLY,19P/Borrelly,CARGO_DELIVERY,20,2033-01-15T00:00:00Z,2041-01-13T00:00:00Z,2920,24.361766,8.886129,593.495643,4948.145,EXISTING_SCREEN_SINGLE_CANDIDATE
2033,BORRELLY,19P/Borrelly,CREWED_TRANSPORT,100,2033-01-15T00:00:00Z,2041-01-13T00:00:00Z,2920,24.361766,8.886129,593.495643,22716.337,EXISTING_SCREEN_SINGLE_CANDIDATE
2034,BORRELLY,19P/Borrelly,FLYBY,1,2034-01-15T00:00:00Z,2038-01-14T00:00:00Z,1460,23.483036,10.071488,551.45298,900.79,EXISTING_SCREEN_SINGLE_CANDIDATE
2034,BORRELLY,19P/Borrelly,ORBITAL_RECON,2,2034-01-15T00:00:00Z,2038-01-14T00:00:00Z,1460,23.483036,10.071488,551.45298,1385.813,EXISTING_SCREEN_SINGLE_CANDIDATE
2034,BORRELLY,19P/Borrelly,RENDEZVOUS,2,2034-01-15T00:00:00Z,2038-01-14T00:00:00Z,1460,23.483036,10.071488,551.45298,1385.813,EXISTING_SCREEN_SINGLE_CANDIDATE
2034,BORRELLY,19P/Borrelly,LANDING_PROSPECTING,5,2034-01-15T00:00:00Z,2038-01-14T00:00:00Z,1460,23.483036,10.071488,551.45298,2338.348,EXISTING_SCREEN_SINGLE_CANDIDATE
2034,BORRELLY,19P/Borrelly,CARGO_DELIVERY,20,2034-01-15T00:00:00Z,2038-01-14T00:00:00Z,1460,23.483036,10.071488,551.45298,5888.58,EXISTING_SCREEN_SINGLE_CANDIDATE
2034,BORRELLY,19P/Borrelly,CREWED_TRANSPORT,100,2034-01-15T00:00:00Z,2038-01-14T00:00:00Z,1460,23.483036,10.071488,551.45298,27519.411,EXISTING_SCREEN_SINGLE_CANDIDATE
2035,BORRELLY,19P/Borrelly,FLYBY,1,2035-01-15T00:00:00Z,2039-01-14T00:00:00Z,1460,18.28843,5.207221,334.466672,770.598,EXISTING_SCREEN_SINGLE_CANDIDATE
2035,BORRELLY,19P/Borrelly,ORBITAL_RECON,2,2035-01-15T00:00:00Z,2039-01-14T00:00:00Z,1460,18.28843,5.207221,334.466672,1007.833,EXISTING_SCREEN_SINGLE_CANDIDATE
2035,BORRELLY,19P/Borrelly,RENDEZVOUS,2,2035-01-15T00:00:00Z,2039-01-14T00:00:00Z,1460,18.28843,5.207221,334.466672,1007.833,EXISTING_SCREEN_SINGLE_CANDIDATE
2035,BORRELLY,19P/Borrelly,LANDING_PROSPECTING,5,2035-01-15T00:00:00Z,2039-01-14T00:00:00Z,1460,18.28843,5.207221,334.466672,1588.687,EXISTING_SCREEN_SINGLE_CANDIDATE
2035,BORRELLY,19P/Borrelly,CARGO_DELIVERY,20,2035-01-15T00:00:00Z,2039-01-14T00:00:00Z,1460,18.28843,5.207221,334.466672,2661.042,EXISTING_SCREEN_SINGLE_CANDIDATE
2035,BORRELLY,19P/Borrelly,CREWED_TRANSPORT,100,2035-01-15T00:00:00Z,2039-01-14T00:00:00Z,1460,18.28843,5.207221,334.466672,11902.488,EXISTING_SCREEN_SINGLE_CANDIDATE
2026,BRAILLE,9969 Braille,FLYBY,1,2026-07-15T00:00:00Z,2030-07-14T00:00:00Z,1460,21.042413,11.807645,442.783145,835.588,EXISTING_SCREEN_SINGLE_CANDIDATE
2026,BRAILLE,9969 Braille,ORBITAL_RECON,2,2026-07-15T00:00:00Z,2030-07-14T00:00:00Z,1460,21.042413,11.807645,442.783145,1497.175,EXISTING_SCREEN_SINGLE_CANDIDATE
2026,BRAILLE,9969 Braille,RENDEZVOUS,2,2026-07-15T00:00:00Z,2030-07-14T00:00:00Z,1460,21.042413,11.807645,442.783145,1497.175,EXISTING_SCREEN_SINGLE_CANDIDATE
2026,BRAILLE,9969 Braille,LANDING_PROSPECTING,5,2026-07-15T00:00:00Z,2030-07-14T00:00:00Z,1460,21.042413,11.807645,442.783145,2714.557,EXISTING_SCREEN_SINGLE_CANDIDATE
2026,BRAILLE,9969 Braille,CARGO_DELIVERY,20,2026-07-15T00:00:00Z,2030-07-14T00:00:00Z,1460,21.042413,11.807645,442.783145,8030.432,EXISTING_SCREEN_SINGLE_CANDIDATE
2026,BRAILLE,9969 Braille,CREWED_TRANSPORT,100,2026-07-15T00:00:00Z,2030-07-14T00:00:00Z,1460,21.042413,11.807645,442.783145,38489.481,EXISTING_SCREEN_SINGLE_CANDIDATE
2027,BRAILLE,9969 Braille,FLYBY,1,2027-07-15T00:00:00Z,2031-07-14T00:00:00Z,1460,21.014957,12.056522,441.628418,834.895,EXISTING_SCREEN_SINGLE_CANDIDATE
2027,BRAILLE,9969 Braille,ORBITAL_RECON,2,2027-07-15T00:00:00Z,2031-07-14T00:00:00Z,1460,21.014957,12.056522,441.628418,1527.848,EXISTING_SCREEN_SINGLE_CANDIDATE
2027,BRAILLE,9969 Braille,RENDEZVOUS,2,2027-07-15T00:00:00Z,2031-07-14T00:00:00Z,1460,21.014957,12.056522,441.628418,1527.848,EXISTING_SCREEN_SINGLE_CANDIDATE
2027,BRAILLE,9969 Braille,LANDING_PROSPECTING,5,2027-07-15T00:00:00Z,2031-07-14T00:00:00Z,1460,21.014957,12.056522,441.628418,2792.277,EXISTING_SCREEN_SINGLE_CANDIDATE
2027,BRAILLE,9969 Braille,CARGO_DELIVERY,20,2027-07-15T00:00:00Z,2031-07-14T00:00:00Z,1460,21.014957,12.056522,441.628418,8421.807,EXISTING_SCREEN_SINGLE_CANDIDATE
2027,BRAILLE,9969 Braille,CREWED_TRANSPORT,100,2027-07-15T00:00:00Z,2031-07-14T00:00:00Z,1460,21.014957,12.056522,441.628418,40449.129,EXISTING_SCREEN_SINGLE_CANDIDATE
2028,BRAILLE,9969 Braille,FLYBY,1,2028-07-15T00:00:00Z,2029-07-15T00:00:00Z,365,16.083333,5.181922,258.6736,635.184,EXISTING_SCREEN_SINGLE_CANDIDATE
2028,BRAILLE,9969 Braille,ORBITAL_RECON,2,2028-07-15T00:00:00Z,2029-07-15T00:00:00Z,365,16.083333,5.181922,258.6736,871.706,EXISTING_SCREEN_SINGLE_CANDIDATE
2028,BRAILLE,9969 Braille,RENDEZVOUS,2,2028-07-15T00:00:00Z,2029-07-15T00:00:00Z,365,16.083333,5.181922,258.6736,871.706,EXISTING_SCREEN_SINGLE_CANDIDATE
2028,BRAILLE,9969 Braille,LANDING_PROSPECTING,5,2028-07-15T00:00:00Z,2029-07-15T00:00:00Z,365,16.083333,5.181922,258.6736,1451.489,EXISTING_SCREEN_SINGLE_CANDIDATE
2028,BRAILLE,9969 Braille,CARGO_DELIVERY,20,2028-07-15T00:00:00Z,2029-07-15T00:00:00Z,365,16.083333,5.181922,258.6736,2516.711,EXISTING_SCREEN_SINGLE_CANDIDATE
2028,BRAILLE,9969 Braille,CREWED_TRANSPORT,100,2028-07-15T00:00:00Z,2029-07-15T00:00:00Z,365,16.083333,5.181922,258.6736,11362.738,EXISTING_SCREEN_SINGLE_CANDIDATE
2029,BRAILLE,9969 Braille,FLYBY,1,2029-07-15T00:00:00Z,2030-07-15T00:00:00Z,365,11.967559,13.46423,143.222468,565.913,EXISTING_SCREEN_SINGLE_CANDIDATE
2029,BRAILLE,9969 Braille,ORBITAL_RECON,2,2029-07-15T00:00:00Z,2030-07-15T00:00:00Z,365,11.967559,13.46423,143.222468,1472.973,EXISTING_SCREEN_SINGLE_CANDIDATE
2029,BRAILLE,9969 Braille,RENDEZVOUS,2,2029-07-15T00:00:00Z,2030-07-15T00:00:00Z,365,11.967559,13.46423,143.222468,1472.973,EXISTING_SCREEN_SINGLE_CANDIDATE
2029,BRAILLE,9969 Braille,LANDING_PROSPECTING,5,2029-07-15T00:00:00Z,2030-07-15T00:00:00Z,365,11.967559,13.46423,143.222468,3058.564,EXISTING_SCREEN_SINGLE_CANDIDATE
2029,BRAILLE,9969 Braille,CARGO_DELIVERY,20,2029-07-15T00:00:00Z,2030-07-15T00:00:00Z,365,11.967559,13.46423,143.222468,10829.169,EXISTING_SCREEN_SINGLE_CANDIDATE
2029,BRAILLE,9969 Braille,CREWED_TRANSPORT,100,2029-07-15T00:00:00Z,2030-07-15T00:00:00Z,365,11.967559,13.46423,143.222468,53202.111,EXISTING_SCREEN_SINGLE_CANDIDATE
2030,BRAILLE,9969 Braille,FLYBY,1,2030-07-15T00:00:00Z,2031-07-15T00:00:00Z,365,18.15045,12.606031,329.438835,677.643,EXISTING_SCREEN_SINGLE_CANDIDATE
2030,BRAILLE,9969 Braille,ORBITAL_RECON,2,2030-07-15T00:00:00Z,2031-07-15T00:00:00Z,365,18.15045,12.606031,329.438835,1446.311,EXISTING_SCREEN_SINGLE_CANDIDATE
2030,BRAILLE,9969 Braille,RENDEZVOUS,2,2030-07-15T00:00:00Z,2031-07-15T00:00:00Z,365,18.15045,12.606031,329.438835,1446.311,EXISTING_SCREEN_SINGLE_CANDIDATE
2030,BRAILLE,9969 Braille,LANDING_PROSPECTING,5,2030-07-15T00:00:00Z,2031-07-15T00:00:00Z,365,18.15045,12.606031,329.438835,2824.313,EXISTING_SCREEN_SINGLE_CANDIDATE
2030,BRAILLE,9969 Braille,CARGO_DELIVERY,20,2030-07-15T00:00:00Z,2031-07-15T00:00:00Z,365,18.15045,12.606031,329.438835,9210.993,EXISTING_SCREEN_SINGLE_CANDIDATE
2030,BRAILLE,9969 Braille,CREWED_TRANSPORT,100,2030-07-15T00:00:00Z,2031-07-15T00:00:00Z,365,18.15045,12.606031,329.438835,44664.313,EXISTING_SCREEN_SINGLE_CANDIDATE
2031,BRAILLE,9969 Braille,FLYBY,1,2031-07-15T00:00:00Z,2033-07-14T00:00:00Z,730,17.743001,8.000003,314.814084,698.847,EXISTING_SCREEN_SINGLE_CANDIDATE
2031,BRAILLE,9969 Braille,ORBITAL_RECON,2,2031-07-15T00:00:00Z,2033-07-14T00:00:00Z,730,17.743001,8.000003,314.814084,1045.515,EXISTING_SCREEN_SINGLE_CANDIDATE
2031,BRAILLE,9969 Braille,RENDEZVOUS,2,2031-07-15T00:00:00Z,2033-07-14T00:00:00Z,730,17.743001,8.000003,314.814084,1045.515,EXISTING_SCREEN_SINGLE_CANDIDATE
2031,BRAILLE,9969 Braille,LANDING_PROSPECTING,5,2031-07-15T00:00:00Z,2033-07-14T00:00:00Z,730,17.743001,8.000003,314.814084,1790.517,EXISTING_SCREEN_SINGLE_CANDIDATE
2031,BRAILLE,9969 Braille,CARGO_DELIVERY,20,2031-07-15T00:00:00Z,2033-07-14T00:00:00Z,730,17.743001,8.000003,314.814084,3957.196,EXISTING_SCREEN_SINGLE_CANDIDATE
2031,BRAILLE,9969 Braille,CREWED_TRANSPORT,100,2031-07-15T00:00:00Z,2033-07-14T00:00:00Z,730,17.743001,8.000003,314.814084,18430.427,EXISTING_SCREEN_SINGLE_CANDIDATE
2032,BRAILLE,9969 Braille,FLYBY,1,2032-07-15T00:00:00Z,2033-07-15T00:00:00Z,365,10.559209,8.164774,111.496895,546.878,EXISTING_SCREEN_SINGLE_CANDIDATE
2032,BRAILLE,9969 Braille,ORBITAL_RECON,2,2032-07-15T00:00:00Z,2033-07-15T00:00:00Z,365,10.559209,8.164774,111.496895,902.372,EXISTING_SCREEN_SINGLE_CANDIDATE
2032,BRAILLE,9969 Braille,RENDEZVOUS,2,2032-07-15T00:00:00Z,2033-07-15T00:00:00Z,365,10.559209,8.164774,111.496895,902.372,EXISTING_SCREEN_SINGLE_CANDIDATE
2032,BRAILLE,9969 Braille,LANDING_PROSPECTING,5,2032-07-15T00:00:00Z,2033-07-15T00:00:00Z,365,10.559209,8.164774,111.496895,1660.613,EXISTING_SCREEN_SINGLE_CANDIDATE
2032,BRAILLE,9969 Braille,CARGO_DELIVERY,20,2032-07-15T00:00:00Z,2033-07-15T00:00:00Z,365,10.559209,8.164774,111.496895,3915.556,EXISTING_SCREEN_SINGLE_CANDIDATE
2032,BRAILLE,9969 Braille,CREWED_TRANSPORT,100,2032-07-15T00:00:00Z,2033-07-15T00:00:00Z,365,10.559209,8.164774,111.496895,18710.188,EXISTING_SCREEN_SINGLE_CANDIDATE
2033,BRAILLE,9969 Braille,FLYBY,1,2033-07-15T00:00:00Z,2037-07-14T00:00:00Z,1460,20.677465,11.639966,427.557559,826.452,EXISTING_SCREEN_SINGLE_CANDIDATE
2033,BRAILLE,9969 Braille,ORBITAL_RECON,2,2033-07-15T00:00:00Z,2037-07-14T00:00:00Z,1460,20.677465,11.639966,427.557559,1467.865,EXISTING_SCREEN_SINGLE_CANDIDATE
2033,BRAILLE,9969 Braille,RENDEZVOUS,2,2033-07-15T00:00:00Z,2037-07-14T00:00:00Z,1460,20.677465,11.639966,427.557559,1467.865,EXISTING_SCREEN_SINGLE_CANDIDATE
2033,BRAILLE,9969 Braille,LANDING_PROSPECTING,5,2033-07-15T00:00:00Z,2037-07-14T00:00:00Z,1460,20.677465,11.639966,427.557559,2654.984,EXISTING_SCREEN_SINGLE_CANDIDATE
2033,BRAILLE,9969 Braille,CARGO_DELIVERY,20,2033-07-15T00:00:00Z,2037-07-14T00:00:00Z,1460,20.677465,11.639966,427.557559,7769.109,EXISTING_SCREEN_SINGLE_CANDIDATE
2033,BRAILLE,9969 Braille,CREWED_TRANSPORT,100,2033-07-15T00:00:00Z,2037-07-14T00:00:00Z,1460,20.677465,11.639966,427.557559,37219.405,EXISTING_SCREEN_SINGLE_CANDIDATE
2034,BRAILLE,9969 Braille,FLYBY,1,2034-07-15T00:00:00Z,2042-07-13T00:00:00Z,2920,11.270021,17.894669,127.013373,766.044,EXISTING_SCREEN_SINGLE_CANDIDATE
2034,BRAILLE,9969 Braille,ORBITAL_RECON,2,2034-07-15T00:00:00Z,2042-07-13T00:00:00Z,2920,11.270021,17.894669,127.013373,3009.444,EXISTING_SCREEN_SINGLE_CANDIDATE
2034,BRAILLE,9969 Braille,RENDEZVOUS,2,2034-07-15T00:00:00Z,2042-07-13T00:00:00Z,2920,11.270021,17.894669,127.013373,3009.444,EXISTING_SCREEN_SINGLE_CANDIDATE
2034,BRAILLE,9969 Braille,LANDING_PROSPECTING,5,2034-07-15T00:00:00Z,2042-07-13T00:00:00Z,2920,11.270021,17.894669,127.013373,6599.546,EXISTING_SCREEN_SINGLE_CANDIDATE
2034,BRAILLE,9969 Braille,CARGO_DELIVERY,20,2034-07-15T00:00:00Z,2042-07-13T00:00:00Z,2920,11.270021,17.894669,127.013373,27733.553,EXISTING_SCREEN_SINGLE_CANDIDATE
2034,BRAILLE,9969 Braille,CREWED_TRANSPORT,100,2034-07-15T00:00:00Z,2042-07-13T00:00:00Z,2920,11.270021,17.894669,127.013373,137762.931,EXISTING_SCREEN_SINGLE_CANDIDATE
2035,BRAILLE,9969 Braille,FLYBY,1,2035-07-15T00:00:00Z,2037-07-14T00:00:00Z,730,15.083051,7.581583,227.498427,646.458,EXISTING_SCREEN_SINGLE_CANDIDATE
2035,BRAILLE,9969 Braille,ORBITAL_RECON,2,2035-07-15T00:00:00Z,2037-07-14T00:00:00Z,730,15.083051,7.581583,227.498427,972.112,EXISTING_SCREEN_SINGLE_CANDIDATE
2035,BRAILLE,9969 Braille,RENDEZVOUS,2,2035-07-15T00:00:00Z,2037-07-14T00:00:00Z,730,15.083051,7.581583,227.498427,972.112,EXISTING_SCREEN_SINGLE_CANDIDATE
2035,BRAILLE,9969 Braille,LANDING_PROSPECTING,5,2035-07-15T00:00:00Z,2037-07-14T00:00:00Z,730,15.083051,7.581583,227.498427,1685.593,EXISTING_SCREEN_SINGLE_CANDIDATE
2035,BRAILLE,9969 Braille,CARGO_DELIVERY,20,2035-07-15T00:00:00Z,2037-07-14T00:00:00Z,730,15.083051,7.581583,227.498427,3642.134,EXISTING_SCREEN_SINGLE_CANDIDATE
2035,BRAILLE,9969 Braille,CREWED_TRANSPORT,100,2035-07-15T00:00:00Z,2037-07-14T00:00:00Z,730,15.083051,7.581583,227.498427,17064.674,EXISTING_SCREEN_SINGLE_CANDIDATE
2026,CALLISTO,Callisto,FLYBY,1,2026-10-15T00:00:00Z,2028-10-14T00:00:00Z,730,10.009154,7.664479,100.183167,820.069,REFINED_GROUPED_LAMBERT_GRID
2026,CALLISTO,Callisto,ORBITAL_RECON,2,2026-10-15T00:00:00Z,2028-10-14T00:00:00Z,730,10.009154,7.664479,100.183167,1357.773,REFINED_GROUPED_LAMBERT_GRID
2026,CALLISTO,Callisto,RENDEZVOUS,2,2026-10-15T00:00:00Z,2028-10-14T00:00:00Z,730,10.009154,7.664479,100.183167,1357.773,REFINED_GROUPED_LAMBERT_GRID
2026,CALLISTO,Callisto,LANDING_PROSPECTING,5,2026-10-15T00:00:00Z,2028-10-14T00:00:00Z,730,10.009154,7.664479,100.183167,2389.329,REFINED_GROUPED_LAMBERT_GRID
2026,CALLISTO,Callisto,CARGO_DELIVERY,20,2026-11-15T00:00:00Z,2030-11-14T00:00:00Z,1460,9.160859,6.447972,83.921329,6345.204,REFINED_GROUPED_LAMBERT_GRID
2026,CALLISTO,Callisto,CREWED_TRANSPORT,100,2026-11-15T00:00:00Z,2030-11-14T00:00:00Z,1460,9.160859,6.447972,83.921329,30424.608,REFINED_GROUPED_LAMBERT_GRID
2027,CALLISTO,Callisto,FLYBY,1,2027-11-15T00:00:00Z,2029-11-14T00:00:00Z,730,9.745207,7.811387,94.969066,816.94,REFINED_GROUPED_LAMBERT_GRID
2027,CALLISTO,Callisto,ORBITAL_RECON,2,2027-11-15T00:00:00Z,2029-11-14T00:00:00Z,730,9.745207,7.811387,94.969066,1356.491,REFINED_GROUPED_LAMBERT_GRID
2027,CALLISTO,Callisto,RENDEZVOUS,2,2027-11-15T00:00:00Z,2029-11-14T00:00:00Z,730,9.745207,7.811387,94.969066,1356.491,REFINED_GROUPED_LAMBERT_GRID
2027,CALLISTO,Callisto,LANDING_PROSPECTING,5,2027-11-15T00:00:00Z,2029-11-14T00:00:00Z,730,9.745207,7.811387,94.969066,2390.817,REFINED_GROUPED_LAMBERT_GRID
2027,CALLISTO,Callisto,CARGO_DELIVERY,20,2027-12-15T00:00:00Z,2031-12-14T00:00:00Z,1460,8.934915,6.67473,79.832698,6372.085,REFINED_GROUPED_LAMBERT_GRID
2027,CALLISTO,Callisto,CREWED_TRANSPORT,100,2027-12-15T00:00:00Z,2031-12-14T00:00:00Z,1460,8.934915,6.67473,79.832698,30568.827,REFINED_GROUPED_LAMBERT_GRID
2028,CALLISTO,Callisto,FLYBY,1,2028-12-15T00:00:00Z,2030-12-15T00:00:00Z,730,9.262555,7.788666,85.794934,811.436,REFINED_GROUPED_LAMBERT_GRID
2028,CALLISTO,Callisto,ORBITAL_RECON,2,2028-12-15T00:00:00Z,2030-12-15T00:00:00Z,730,9.262555,7.788666,85.794934,1350.698,REFINED_GROUPED_LAMBERT_GRID
2028,CALLISTO,Callisto,RENDEZVOUS,2,2028-12-15T00:00:00Z,2030-12-15T00:00:00Z,730,9.262555,7.788666,85.794934,1350.698,REFINED_GROUPED_LAMBERT_GRID
2028,CALLISTO,Callisto,LANDING_PROSPECTING,5,2028-12-15T00:00:00Z,2030-12-15T00:00:00Z,730,9.262555,7.788666,85.794934,2384.591,REFINED_GROUPED_LAMBERT_GRID
2028,CALLISTO,Callisto,CARGO_DELIVERY,20,2028-01-15T00:00:00Z,2032-01-14T00:00:00Z,1460,11.337821,6.986825,128.546189,6443.612,REFINED_GROUPED_LAMBERT_GRID
2028,CALLISTO,Callisto,CREWED_TRANSPORT,100,2028-01-15T00:00:00Z,2032-01-14T00:00:00Z,1460,11.337821,6.986825,128.546189,30809.552,REFINED_GROUPED_LAMBERT_GRID
2029,CALLISTO,Callisto,FLYBY,1,2029-01-15T00:00:00Z,2031-01-15T00:00:00Z,730,11.376369,7.448778,129.421765,837.612,REFINED_GROUPED_LAMBERT_GRID
2029,CALLISTO,Callisto,ORBITAL_RECON,2,2029-01-15T00:00:00Z,2031-01-15T00:00:00Z,730,11.376369,7.448778,129.421765,1372.681,REFINED_GROUPED_LAMBERT_GRID
2029,CALLISTO,Callisto,RENDEZVOUS,2,2029-01-15T00:00:00Z,2031-01-15T00:00:00Z,730,11.376369,7.448778,129.421765,1372.681,REFINED_GROUPED_LAMBERT_GRID
2029,CALLISTO,Callisto,LANDING_PROSPECTING,5,2029-01-15T00:00:00Z,2031-01-15T00:00:00Z,730,11.376369,7.448778,129.421765,2400.284,REFINED_GROUPED_LAMBERT_GRID
2029,CALLISTO,Callisto,CARGO_DELIVERY,20,2029-01-15T00:00:00Z,2033-01-14T00:00:00Z,1460,8.975331,7.051394,80.556575,6423.852,REFINED_GROUPED_LAMBERT_GRID
2029,CALLISTO,Callisto,CREWED_TRANSPORT,100,2029-01-15T00:00:00Z,2033-01-14T00:00:00Z,1460,8.975331,7.051394,80.556575,30825.924,REFINED_GROUPED_LAMBERT_GRID
2030,CALLISTO,Callisto,FLYBY,1,2030-01-15T00:00:00Z,2032-01-15T00:00:00Z,730,8.988597,7.635576,80.79488,808.436,REFINED_GROUPED_LAMBERT_GRID
2030,CALLISTO,Callisto,ORBITAL_RECON,2,2030-01-15T00:00:00Z,2032-01-15T00:00:00Z,730,8.988597,7.635576,80.79488,1345.781,REFINED_GROUPED_LAMBERT_GRID
2030,CALLISTO,Callisto,RENDEZVOUS,2,2030-01-15T00:00:00Z,2032-01-15T00:00:00Z,730,8.988597,7.635576,80.79488,1345.781,REFINED_GROUPED_LAMBERT_GRID
2030,CALLISTO,Callisto,LANDING_PROSPECTING,5,2030-01-15T00:00:00Z,2032-01-15T00:00:00Z,730,8.988597,7.635576,80.79488,2376.8,REFINED_GROUPED_LAMBERT_GRID
2030,CALLISTO,Callisto,CARGO_DELIVERY,20,2030-02-15T00:00:00Z,2032-02-15T00:00:00Z,730,11.172445,7.327237,124.823527,6430.149,REFINED_GROUPED_LAMBERT_GRID
2030,CALLISTO,Callisto,CREWED_TRANSPORT,100,2030-02-15T00:00:00Z,2032-02-15T00:00:00Z,730,11.172445,7.327237,124.823527,30751.17,REFINED_GROUPED_LAMBERT_GRID
2031,CALLISTO,Callisto,FLYBY,1,2031-02-15T00:00:00Z,2033-02-14T00:00:00Z,730,9.240817,7.442919,85.392703,811.195,REFINED_GROUPED_LAMBERT_GRID
2031,CALLISTO,Callisto,ORBITAL_RECON,2,2031-02-15T00:00:00Z,2033-02-14T00:00:00Z,730,9.240817,7.442919,85.392703,1346.193,REFINED_GROUPED_LAMBERT_GRID
2031,CALLISTO,Callisto,RENDEZVOUS,2,2031-02-15T00:00:00Z,2033-02-14T00:00:00Z,730,9.240817,7.442919,85.392703,1346.193,REFINED_GROUPED_LAMBERT_GRID
2031,CALLISTO,Callisto,LANDING_PROSPECTING,5,2031-02-15T00:00:00Z,2033-02-14T00:00:00Z,730,9.240817,7.442919,85.392703,2373.691,REFINED_GROUPED_LAMBERT_GRID
2031,CALLISTO,Callisto,CARGO_DELIVERY,20,2031-03-15T00:00:00Z,2033-03-14T00:00:00Z,730,10.311731,7.145867,106.331805,6392.751,REFINED_GROUPED_LAMBERT_GRID
2031,CALLISTO,Callisto,CREWED_TRANSPORT,100,2031-03-15T00:00:00Z,2033-03-14T00:00:00Z,730,10.311731,7.145867,106.331805,30608.56,REFINED_GROUPED_LAMBERT_GRID
2032,CALLISTO,Callisto,FLYBY,1,2032-04-15T00:00:00Z,2034-04-15T00:00:00Z,730,9.899216,6.922975,97.994475,818.756,REFINED_GROUPED_LAMBERT_GRID
2032,CALLISTO,Callisto,ORBITAL_RECON,2,2032-04-15T00:00:00Z,2034-04-15T00:00:00Z,730,9.899216,6.922975,97.994475,1347.774,REFINED_GROUPED_LAMBERT_GRID
2032,CALLISTO,Callisto,RENDEZVOUS,2,2032-04-15T00:00:00Z,2034-04-15T00:00:00Z,730,9.899216,6.922975,97.994475,1347.774,REFINED_GROUPED_LAMBERT_GRID
2032,CALLISTO,Callisto,LANDING_PROSPECTING,5,2032-04-15T00:00:00Z,2034-04-15T00:00:00Z,730,9.899216,6.922975,97.994475,2366.302,REFINED_GROUPED_LAMBERT_GRID
2032,CALLISTO,Callisto,CARGO_DELIVERY,20,2032-04-15T00:00:00Z,2034-04-15T00:00:00Z,730,9.899216,6.922975,97.994475,6356.485,REFINED_GROUPED_LAMBERT_GRID
2032,CALLISTO,Callisto,CREWED_TRANSPORT,100,2032-04-15T00:00:00Z,2034-04-15T00:00:00Z,730,9.899216,6.922975,97.994475,30447.24,REFINED_GROUPED_LAMBERT_GRID
2033,CALLISTO,Callisto,FLYBY,1,2033-05-15T00:00:00Z,2035-05-15T00:00:00Z,730,9.386985,6.754124,88.115491,812.828,REFINED_GROUPED_LAMBERT_GRID
2033,CALLISTO,Callisto,ORBITAL_RECON,2,2033-05-15T00:00:00Z,2035-05-15T00:00:00Z,730,9.386985,6.754124,88.115491,1340.013,REFINED_GROUPED_LAMBERT_GRID
2033,CALLISTO,Callisto,RENDEZVOUS,2,2033-05-15T00:00:00Z,2035-05-15T00:00:00Z,730,9.386985,6.754124,88.115491,1340.013,REFINED_GROUPED_LAMBERT_GRID
2033,CALLISTO,Callisto,LANDING_PROSPECTING,5,2033-05-15T00:00:00Z,2035-05-15T00:00:00Z,730,9.386985,6.754124,88.115491,2355.791,REFINED_GROUPED_LAMBERT_GRID
2033,CALLISTO,Callisto,CARGO_DELIVERY,20,2033-05-15T00:00:00Z,2035-05-15T00:00:00Z,730,9.386985,6.754124,88.115491,6327.643,REFINED_GROUPED_LAMBERT_GRID
2033,CALLISTO,Callisto,CREWED_TRANSPORT,100,2033-05-15T00:00:00Z,2035-05-15T00:00:00Z,730,9.386985,6.754124,88.115491,30326.74,REFINED_GROUPED_LAMBERT_GRID
2034,CALLISTO,Callisto,FLYBY,1,2034-06-15T00:00:00Z,2036-06-14T00:00:00Z,730,9.140953,6.680873,83.557015,810.093,REFINED_GROUPED_LAMBERT_GRID
2034,CALLISTO,Callisto,ORBITAL_RECON,2,2034-06-15T00:00:00Z,2036-06-14T00:00:00Z,730,9.140953,6.680873,83.557015,1336.499,REFINED_GROUPED_LAMBERT_GRID
2034,CALLISTO,Callisto,RENDEZVOUS,2,2034-06-15T00:00:00Z,2036-06-14T00:00:00Z,730,9.140953,6.680873,83.557015,1336.499,REFINED_GROUPED_LAMBERT_GRID
2034,CALLISTO,Callisto,LANDING_PROSPECTING,5,2034-06-15T00:00:00Z,2036-06-14T00:00:00Z,730,9.140953,6.680873,83.557015,2351.109,REFINED_GROUPED_LAMBERT_GRID
2034,CALLISTO,Callisto,CARGO_DELIVERY,20,2034-06-15T00:00:00Z,2036-06-14T00:00:00Z,730,9.140953,6.680873,83.557015,6315.172,REFINED_GROUPED_LAMBERT_GRID
2034,CALLISTO,Callisto,CREWED_TRANSPORT,100,2034-07-15T00:00:00Z,2036-07-14T00:00:00Z,730,11.987542,6.567764,143.701175,30237.438,REFINED_GROUPED_LAMBERT_GRID
2035,CALLISTO,Callisto,FLYBY,1,2035-07-15T00:00:00Z,2037-07-14T00:00:00Z,730,9.203797,6.790313,84.709886,810.785,REFINED_GROUPED_LAMBERT_GRID
2035,CALLISTO,Callisto,ORBITAL_RECON,2,2035-07-15T00:00:00Z,2037-07-14T00:00:00Z,730,9.203797,6.790313,84.709886,1338.359,REFINED_GROUPED_LAMBERT_GRID
2035,CALLISTO,Callisto,RENDEZVOUS,2,2035-07-15T00:00:00Z,2037-07-14T00:00:00Z,730,9.203797,6.790313,84.709886,1338.359,REFINED_GROUPED_LAMBERT_GRID
2035,CALLISTO,Callisto,LANDING_PROSPECTING,5,2035-07-15T00:00:00Z,2037-07-14T00:00:00Z,730,9.203797,6.790313,84.709886,2354.719,REFINED_GROUPED_LAMBERT_GRID
2035,CALLISTO,Callisto,CARGO_DELIVERY,20,2035-08-15T00:00:00Z,2037-08-14T00:00:00Z,730,11.253702,6.593452,126.645805,6329.565,REFINED_GROUPED_LAMBERT_GRID
2035,CALLISTO,Callisto,CREWED_TRANSPORT,100,2035-08-15T00:00:00Z,2037-08-14T00:00:00Z,730,11.253702,6.593452,126.645805,30243.877,REFINED_GROUPED_LAMBERT_GRID
2026,CERES,Ceres,FLYBY,1,2026-11-15T00:00:00Z,2028-11-14T00:00:00Z,730,7.069944,8.29502,49.984101,614.949,REFINED_GROUPED_LAMBERT_GRID
2026,CERES,Ceres,ORBITAL_RECON,2,2026-11-15T00:00:00Z,2027-11-15T00:00:00Z,365,12.908028,6.130526,166.617182,921.162,REFINED_GROUPED_LAMBERT_GRID
2026,CERES,Ceres,RENDEZVOUS,2,2026-11-15T00:00:00Z,2027-11-15T00:00:00Z,365,12.908028,6.130526,166.617182,921.162,REFINED_GROUPED_LAMBERT_GRID
2026,CERES,Ceres,LANDING_PROSPECTING,5,2026-11-15T00:00:00Z,2027-11-15T00:00:00Z,365,12.908028,6.130526,166.617182,1545.482,REFINED_GROUPED_LAMBERT_GRID
2026,CERES,Ceres,CARGO_DELIVERY,20,2026-11-15T00:00:00Z,2027-11-15T00:00:00Z,365,12.908028,6.130526,166.617182,2907.609,REFINED_GROUPED_LAMBERT_GRID
2026,CERES,Ceres,CREWED_TRANSPORT,100,2026-11-15T00:00:00Z,2027-11-15T00:00:00Z,365,12.908028,6.130526,166.617182,13388.161,REFINED_GROUPED_LAMBERT_GRID
2027,CERES,Ceres,FLYBY,1,2027-12-15T00:00:00Z,2028-12-14T00:00:00Z,365,12.238987,6.643856,149.792814,644.855,REFINED_GROUPED_LAMBERT_GRID
2027,CERES,Ceres,ORBITAL_RECON,2,2027-12-15T00:00:00Z,2028-12-14T00:00:00Z,365,12.238987,6.643856,149.792814,929.944,REFINED_GROUPED_LAMBERT_GRID
2027,CERES,Ceres,RENDEZVOUS,2,2027-12-15T00:00:00Z,2028-12-14T00:00:00Z,365,12.238987,6.643856,149.792814,929.944,REFINED_GROUPED_LAMBERT_GRID
2027,CERES,Ceres,LANDING_PROSPECTING,5,2027-12-15T00:00:00Z,2028-12-14T00:00:00Z,365,12.238987,6.643856,149.792814,1582.577,REFINED_GROUPED_LAMBERT_GRID
2027,CERES,Ceres,CARGO_DELIVERY,20,2027-12-15T00:00:00Z,2028-12-14T00:00:00Z,365,12.238987,6.643856,149.792814,3133.462,REFINED_GROUPED_LAMBERT_GRID
2027,CERES,Ceres,CREWED_TRANSPORT,100,2027-12-15T00:00:00Z,2028-12-14T00:00:00Z,365,12.238987,6.643856,149.792814,14557.807,REFINED_GROUPED_LAMBERT_GRID
2028,CERES,Ceres,FLYBY,1,2028-02-15T00:00:00Z,2029-02-14T00:00:00Z,365,8.767619,6.620024,76.871144,601.102,REFINED_GROUPED_LAMBERT_GRID
2028,CERES,Ceres,ORBITAL_RECON,2,2028-02-15T00:00:00Z,2029-02-14T00:00:00Z,365,8.767619,6.620024,76.871144,885.266,REFINED_GROUPED_LAMBERT_GRID
2028,CERES,Ceres,RENDEZVOUS,2,2028-02-15T00:00:00Z,2029-02-14T00:00:00Z,365,8.767619,6.620024,76.871144,885.266,REFINED_GROUPED_LAMBERT_GRID
2028,CERES,Ceres,LANDING_PROSPECTING,5,2028-02-15T00:00:00Z,2029-02-14T00:00:00Z,365,8.767619,6.620024,76.871144,1536.511,REFINED_GROUPED_LAMBERT_GRID
2028,CERES,Ceres,CARGO_DELIVERY,20,2028-03-15T00:00:00Z,2029-03-15T00:00:00Z,365,12.524153,6.156089,156.85441,2912.875,REFINED_GROUPED_LAMBERT_GRID
2028,CERES,Ceres,CREWED_TRANSPORT,100,2028-03-15T00:00:00Z,2029-03-15T00:00:00Z,365,12.524153,6.156089,156.85441,13437.925,REFINED_GROUPED_LAMBERT_GRID
2029,CERES,Ceres,FLYBY,1,2029-05-15T00:00:00Z,2031-05-15T00:00:00Z,730,6.907561,7.144991,47.714395,613.588,REFINED_GROUPED_LAMBERT_GRID
2029,CERES,Ceres,ORBITAL_RECON,2,2029-05-15T00:00:00Z,2031-05-15T00:00:00Z,730,6.907561,7.144991,47.714395,919.302,REFINED_GROUPED_LAMBERT_GRID
2029,CERES,Ceres,RENDEZVOUS,2,2029-05-15T00:00:00Z,2031-05-15T00:00:00Z,730,6.907561,7.144991,47.714395,919.302,REFINED_GROUPED_LAMBERT_GRID
2029,CERES,Ceres,LANDING_PROSPECTING,5,2029-06-15T00:00:00Z,2030-06-15T00:00:00Z,365,14.120291,6.228901,199.382606,1573.772,REFINED_GROUPED_LAMBERT_GRID
2029,CERES,Ceres,CARGO_DELIVERY,20,2029-06-15T00:00:00Z,2030-06-15T00:00:00Z,365,14.120291,6.228901,199.382606,2970.425,REFINED_GROUPED_LAMBERT_GRID
2029,CERES,Ceres,CREWED_TRANSPORT,100,2029-06-15T00:00:00Z,2030-06-15T00:00:00Z,365,14.120291,6.228901,199.382606,13623.608,REFINED_GROUPED_LAMBERT_GRID
2030,CERES,Ceres,FLYBY,1,2030-08-15T00:00:00Z,2031-08-15T00:00:00Z,365,9.05618,7.585955,82.014402,604.188,REFINED_GROUPED_LAMBERT_GRID
2030,CERES,Ceres,ORBITAL_RECON,2,2030-08-15T00:00:00Z,2031-08-15T00:00:00Z,365,9.05618,7.585955,82.014402,930.052,REFINED_GROUPED_LAMBERT_GRID
2030,CERES,Ceres,RENDEZVOUS,2,2030-08-15T00:00:00Z,2031-08-15T00:00:00Z,365,9.05618,7.585955,82.014402,930.052,REFINED_GROUPED_LAMBERT_GRID
2030,CERES,Ceres,LANDING_PROSPECTING,5,2030-09-15T00:00:00Z,2031-09-15T00:00:00Z,365,12.803664,7.042809,163.933806,1631.64,REFINED_GROUPED_LAMBERT_GRID
2030,CERES,Ceres,CARGO_DELIVERY,20,2030-09-15T00:00:00Z,2031-09-15T00:00:00Z,365,12.803664,7.042809,163.933806,3344.842,REFINED_GROUPED_LAMBERT_GRID
2030,CERES,Ceres,CREWED_TRANSPORT,100,2030-09-15T00:00:00Z,2031-09-15T00:00:00Z,365,12.803664,7.042809,163.933806,15580.767,REFINED_GROUPED_LAMBERT_GRID
2031,CERES,Ceres,FLYBY,1,2031-12-15T00:00:00Z,2032-12-14T00:00:00Z,365,9.640664,5.298257,92.942395,610.745,REFINED_GROUPED_LAMBERT_GRID
2031,CERES,Ceres,ORBITAL_RECON,2,2031-12-15T00:00:00Z,2032-12-14T00:00:00Z,365,9.640664,5.298257,92.942395,850.581,REFINED_GROUPED_LAMBERT_GRID
2031,CERES,Ceres,RENDEZVOUS,2,2031-12-15T00:00:00Z,2032-12-14T00:00:00Z,365,9.640664,5.298257,92.942395,850.581,REFINED_GROUPED_LAMBERT_GRID
2031,CERES,Ceres,LANDING_PROSPECTING,5,2031-12-15T00:00:00Z,2032-12-14T00:00:00Z,365,9.640664,5.298257,92.942395,1435.334,REFINED_GROUPED_LAMBERT_GRID
2031,CERES,Ceres,CARGO_DELIVERY,20,2031-12-15T00:00:00Z,2032-12-14T00:00:00Z,365,9.640664,5.298257,92.942395,2533.691,REFINED_GROUPED_LAMBERT_GRID
2031,CERES,Ceres,CREWED_TRANSPORT,100,2031-12-15T00:00:00Z,2032-12-14T00:00:00Z,365,9.640664,5.298257,92.942395,11695.395,REFINED_GROUPED_LAMBERT_GRID
2032,CERES,Ceres,FLYBY,1,2032-01-15T00:00:00Z,2033-01-14T00:00:00Z,365,12.604945,6.076259,158.884644,650.31,REFINED_GROUPED_LAMBERT_GRID
2032,CERES,Ceres,ORBITAL_RECON,2,2032-01-15T00:00:00Z,2033-01-14T00:00:00Z,365,12.604945,6.076259,158.884644,914.65,REFINED_GROUPED_LAMBERT_GRID
2032,CERES,Ceres,RENDEZVOUS,2,2032-01-15T00:00:00Z,2033-01-14T00:00:00Z,365,12.604945,6.076259,158.884644,914.65,REFINED_GROUPED_LAMBERT_GRID
2032,CERES,Ceres,LANDING_PROSPECTING,5,2032-01-15T00:00:00Z,2033-01-14T00:00:00Z,365,12.604945,6.076259,158.884644,1536.161,REFINED_GROUPED_LAMBERT_GRID
2032,CERES,Ceres,CARGO_DELIVERY,20,2032-01-15T00:00:00Z,2033-01-14T00:00:00Z,365,12.604945,6.076259,158.884644,2879.563,REFINED_GROUPED_LAMBERT_GRID
2032,CERES,Ceres,CREWED_TRANSPORT,100,2032-01-15T00:00:00Z,2033-01-14T00:00:00Z,365,12.604945,6.076259,158.884644,13266.489,REFINED_GROUPED_LAMBERT_GRID
2033,CERES,Ceres,FLYBY,1,2033-03-15T00:00:00Z,2034-03-15T00:00:00Z,365,11.279237,7.569841,127.221183,631.312,REFINED_GROUPED_LAMBERT_GRID
2033,CERES,Ceres,ORBITAL_RECON,2,2033-04-15T00:00:00Z,2034-04-15T00:00:00Z,365,12.812065,6.241668,164.148997,923.588,REFINED_GROUPED_LAMBERT_GRID
2033,CERES,Ceres,RENDEZVOUS,2,2033-04-15T00:00:00Z,2034-04-15T00:00:00Z,365,12.812065,6.241668,164.148997,923.588,REFINED_GROUPED_LAMBERT_GRID
2033,CERES,Ceres,LANDING_PROSPECTING,5,2033-04-15T00:00:00Z,2034-04-15T00:00:00Z,365,12.812065,6.241668,164.148997,1553.766,REFINED_GROUPED_LAMBERT_GRID
2033,CERES,Ceres,CARGO_DELIVERY,20,2033-04-15T00:00:00Z,2034-04-15T00:00:00Z,365,12.812065,6.241668,164.148997,2954.955,REFINED_GROUPED_LAMBERT_GRID
2033,CERES,Ceres,CREWED_TRANSPORT,100,2033-04-15T00:00:00Z,2034-04-15T00:00:00Z,365,12.812065,6.241668,164.148997,13630.819,REFINED_GROUPED_LAMBERT_GRID
2034,CERES,Ceres,FLYBY,1,2034-06-15T00:00:00Z,2035-06-15T00:00:00Z,365,9.464749,6.780788,89.58147,608.728,REFINED_GROUPED_LAMBERT_GRID
2034,CERES,Ceres,ORBITAL_RECON,2,2034-06-15T00:00:00Z,2035-06-15T00:00:00Z,365,9.464749,6.780788,89.58147,899.227,REFINED_GROUPED_LAMBERT_GRID
2034,CERES,Ceres,RENDEZVOUS,2,2034-06-15T00:00:00Z,2035-06-15T00:00:00Z,365,9.464749,6.780788,89.58147,899.227,REFINED_GROUPED_LAMBERT_GRID
2034,CERES,Ceres,LANDING_PROSPECTING,5,2034-06-15T00:00:00Z,2035-06-15T00:00:00Z,365,9.464749,6.780788,89.58147,1559.974,REFINED_GROUPED_LAMBERT_GRID
2034,CERES,Ceres,CARGO_DELIVERY,20,2034-07-15T00:00:00Z,2035-07-15T00:00:00Z,365,12.27227,6.462437,150.608622,3047.472,REFINED_GROUPED_LAMBERT_GRID
2034,CERES,Ceres,CREWED_TRANSPORT,100,2034-07-15T00:00:00Z,2035-07-15T00:00:00Z,365,12.27227,6.462437,150.608622,14125.899,REFINED_GROUPED_LAMBERT_GRID
2035,CERES,Ceres,FLYBY,1,2035-09-15T00:00:00Z,2036-03-13T00:00:00Z,180,11.466466,19.600405,131.479849,618.672,REFINED_GROUPED_LAMBERT_GRID
2035,CERES,Ceres,ORBITAL_RECON,2,2035-10-15T00:00:00Z,2036-10-14T00:00:00Z,365,12.749951,6.864112,162.561258,946.388,REFINED_GROUPED_LAMBERT_GRID
2035,CERES,Ceres,RENDEZVOUS,2,2035-10-15T00:00:00Z,2036-10-14T00:00:00Z,365,12.749951,6.864112,162.561258,946.388,REFINED_GROUPED_LAMBERT_GRID
2035,CERES,Ceres,LANDING_PROSPECTING,5,2035-10-15T00:00:00Z,2036-10-14T00:00:00Z,365,12.749951,6.864112,162.561258,1612.195,REFINED_GROUPED_LAMBERT_GRID
2035,CERES,Ceres,CARGO_DELIVERY,20,2035-10-15T00:00:00Z,2036-10-14T00:00:00Z,365,12.749951,6.864112,162.561258,3250.911,REFINED_GROUPED_LAMBERT_GRID
2035,CERES,Ceres,CREWED_TRANSPORT,100,2035-10-15T00:00:00Z,2036-10-14T00:00:00Z,365,12.749951,6.864112,162.561258,15114.409,REFINED_GROUPED_LAMBERT_GRID
2026,CHARON,Charon,FLYBY,1,2026-03-15T00:00:00Z,2034-03-13T00:00:00Z,2920,18.700014,19.42805,349.690511,1799.65,REFINED_GROUPED_LAMBERT_GRID
2026,CHARON,Charon,ORBITAL_RECON,2,2026-04-15T00:00:00Z,2034-04-13T00:00:00Z,2920,18.743758,19.267148,351.328468,4804.844,REFINED_GROUPED_LAMBERT_GRID
2026,CHARON,Charon,RENDEZVOUS,2,2026-04-15T00:00:00Z,2034-04-13T00:00:00Z,2920,18.743758,19.267148,351.328468,4804.844,REFINED_GROUPED_LAMBERT_GRID
2026,CHARON,Charon,LANDING_PROSPECTING,5,2026-05-15T00:00:00Z,2034-05-13T00:00:00Z,2920,25.7109,19.091694,661.05037,9445.311,REFINED_GROUPED_LAMBERT_GRID
2026,CHARON,Charon,CARGO_DELIVERY,20,2026-06-15T00:00:00Z,2034-06-13T00:00:00Z,2920,35.878406,18.948516,1287.26003,36366.786,REFINED_GROUPED_LAMBERT_GRID
2026,CHARON,Charon,CREWED_TRANSPORT,100,2026-07-15T00:00:00Z,2034-07-13T00:00:00Z,2920,46.217653,18.903601,2136.071435,175180.103,REFINED_GROUPED_LAMBERT_GRID
2027,CHARON,Charon,FLYBY,1,2027-04-15T00:00:00Z,2035-04-13T00:00:00Z,2920,18.651921,19.444118,347.894161,1798.572,REFINED_GROUPED_LAMBERT_GRID
2027,CHARON,Charon,ORBITAL_RECON,2,2027-04-15T00:00:00Z,2035-04-13T00:00:00Z,2920,18.651921,19.444118,347.894161,4918.871,REFINED_GROUPED_LAMBERT_GRID
2027,CHARON,Charon,RENDEZVOUS,2,2027-04-15T00:00:00Z,2035-04-13T00:00:00Z,2920,18.651921,19.444118,347.894161,4918.871,REFINED_GROUPED_LAMBERT_GRID
2027,CHARON,Charon,LANDING_PROSPECTING,5,2027-05-15T00:00:00Z,2035-05-13T00:00:00Z,2920,25.256033,19.267514,637.867201,9708.673,REFINED_GROUPED_LAMBERT_GRID
2027,CHARON,Charon,CARGO_DELIVERY,20,2027-06-15T00:00:00Z,2035-06-13T00:00:00Z,2920,35.30773,19.118814,1246.635766,37642.368,REFINED_GROUPED_LAMBERT_GRID
2027,CHARON,Charon,CREWED_TRANSPORT,100,2027-07-15T00:00:00Z,2035-07-13T00:00:00Z,2920,45.659736,19.065028,2084.811533,181243.331,REFINED_GROUPED_LAMBERT_GRID
2028,CHARON,Charon,FLYBY,1,2028-04-15T00:00:00Z,2036-04-13T00:00:00Z,2920,18.682373,19.612048,349.031073,1799.254,REFINED_GROUPED_LAMBERT_GRID
2028,CHARON,Charon,ORBITAL_RECON,2,2028-04-15T00:00:00Z,2036-04-13T00:00:00Z,2920,18.682373,19.612048,349.031073,5034.013,REFINED_GROUPED_LAMBERT_GRID
2028,CHARON,Charon,RENDEZVOUS,2,2028-04-15T00:00:00Z,2036-04-13T00:00:00Z,2920,18.682373,19.612048,349.031073,5034.013,REFINED_GROUPED_LAMBERT_GRID
2028,CHARON,Charon,LANDING_PROSPECTING,5,2028-05-15T00:00:00Z,2036-05-13T00:00:00Z,2920,25.065358,19.434353,628.272175,9976.232,REFINED_GROUPED_LAMBERT_GRID
2028,CHARON,Charon,CARGO_DELIVERY,20,2028-06-15T00:00:00Z,2036-06-13T00:00:00Z,2920,35.058991,19.282445,1229.132843,38928.142,REFINED_GROUPED_LAMBERT_GRID
2028,CHARON,Charon,CREWED_TRANSPORT,100,2028-07-15T00:00:00Z,2036-07-13T00:00:00Z,2920,45.431537,19.223856,2064.024592,187443.922,REFINED_GROUPED_LAMBERT_GRID
2029,CHARON,Charon,FLYBY,1,2029-04-15T00:00:00Z,2037-04-13T00:00:00Z,2920,18.631659,19.783275,347.138722,1798.119,REFINED_GROUPED_LAMBERT_GRID
2029,CHARON,Charon,ORBITAL_RECON,2,2029-04-15T00:00:00Z,2037-04-13T00:00:00Z,2920,18.631659,19.783275,347.138722,5154.067,REFINED_GROUPED_LAMBERT_GRID
2029,CHARON,Charon,RENDEZVOUS,2,2029-04-15T00:00:00Z,2037-04-13T00:00:00Z,2920,18.631659,19.783275,347.138722,5154.067,REFINED_GROUPED_LAMBERT_GRID
2029,CHARON,Charon,LANDING_PROSPECTING,5,2029-05-15T00:00:00Z,2037-05-13T00:00:00Z,2920,24.632358,19.604901,606.753041,10253.387,REFINED_GROUPED_LAMBERT_GRID
2029,CHARON,Charon,CARGO_DELIVERY,20,2029-07-15T00:00:00Z,2037-07-13T00:00:00Z,2920,44.903067,19.381172,2016.285416,40205.655,REFINED_GROUPED_LAMBERT_GRID
2029,CHARON,Charon,CREWED_TRANSPORT,100,2029-07-15T00:00:00Z,2037-07-13T00:00:00Z,2920,44.903067,19.381172,2016.285416,193789.188,REFINED_GROUPED_LAMBERT_GRID
2030,CHARON,Charon,FLYBY,1,2030-04-15T00:00:00Z,2038-04-13T00:00:00Z,2920,18.652442,19.953097,347.913602,1798.584,REFINED_GROUPED_LAMBERT_GRID
2030,CHARON,Charon,ORBITAL_RECON,2,2030-04-15T00:00:00Z,2038-04-13T00:00:00Z,2920,18.652442,19.953097,347.913602,5279.369,REFINED_GROUPED_LAMBERT_GRID
2030,CHARON,Charon,RENDEZVOUS,2,2030-04-15T00:00:00Z,2038-04-13T00:00:00Z,2920,18.652442,19.953097,347.913602,5279.369,REFINED_GROUPED_LAMBERT_GRID
2030,CHARON,Charon,LANDING_PROSPECTING,5,2030-05-15T00:00:00Z,2038-05-13T00:00:00Z,2920,24.23131,19.77458,587.156381,10541.336,REFINED_GROUPED_LAMBERT_GRID
2030,CHARON,Charon,CARGO_DELIVERY,20,2030-07-15T00:00:00Z,2038-07-13T00:00:00Z,2920,44.344675,19.539145,1966.450214,41501.5,REFINED_GROUPED_LAMBERT_GRID
2030,CHARON,Charon,CREWED_TRANSPORT,100,2030-07-15T00:00:00Z,2038-07-13T00:00:00Z,2920,44.344675,19.539145,1966.450214,200388.021,REFINED_GROUPED_LAMBERT_GRID
2031,CHARON,Charon,FLYBY,1,2031-04-15T00:00:00Z,2039-04-13T00:00:00Z,2920,18.680363,20.123687,348.955976,1799.209,REFINED_GROUPED_LAMBERT_GRID
2031,CHARON,Charon,ORBITAL_RECON,2,2031-05-15T00:00:00Z,2039-05-13T00:00:00Z,2920,23.817041,19.945191,567.251449,5405.055,REFINED_GROUPED_LAMBERT_GRID
2031,CHARON,Charon,RENDEZVOUS,2,2031-05-15T00:00:00Z,2039-05-13T00:00:00Z,2920,23.817041,19.945191,567.251449,5405.055,REFINED_GROUPED_LAMBERT_GRID
2031,CHARON,Charon,LANDING_PROSPECTING,5,2031-05-15T00:00:00Z,2039-05-13T00:00:00Z,2920,23.817041,19.945191,567.251449,10842.357,REFINED_GROUPED_LAMBERT_GRID
2031,CHARON,Charon,CARGO_DELIVERY,20,2031-07-15T00:00:00Z,2039-07-13T00:00:00Z,2920,43.7967,19.698625,1918.150964,42858.964,REFINED_GROUPED_LAMBERT_GRID
2031,CHARON,Charon,CREWED_TRANSPORT,100,2031-07-15T00:00:00Z,2039-07-13T00:00:00Z,2920,43.7967,19.698625,1918.150964,207291.258,REFINED_GROUPED_LAMBERT_GRID
2032,CHARON,Charon,FLYBY,1,2032-04-15T00:00:00Z,2040-04-13T00:00:00Z,2920,18.808438,20.290137,353.757327,1802.09,REFINED_GROUPED_LAMBERT_GRID
2032,CHARON,Charon,ORBITAL_RECON,2,2032-05-15T00:00:00Z,2040-05-13T00:00:00Z,2920,23.721643,20.111763,562.716368,5529.222,REFINED_GROUPED_LAMBERT_GRID
2032,CHARON,Charon,RENDEZVOUS,2,2032-05-15T00:00:00Z,2040-05-13T00:00:00Z,2920,23.721643,20.111763,562.716368,5529.222,REFINED_GROUPED_LAMBERT_GRID
2032,CHARON,Charon,LANDING_PROSPECTING,5,2032-05-15T00:00:00Z,2040-05-13T00:00:00Z,2920,23.721643,20.111763,562.716368,11156.857,REFINED_GROUPED_LAMBERT_GRID
2032,CHARON,Charon,CARGO_DELIVERY,20,2032-07-15T00:00:00Z,2040-07-13T00:00:00Z,2920,43.622464,19.859823,1902.919385,44302.038,REFINED_GROUPED_LAMBERT_GRID
2032,CHARON,Charon,CREWED_TRANSPORT,100,2032-07-15T00:00:00Z,2040-07-13T00:00:00Z,2920,43.622464,19.859823,1902.919385,214543.185,REFINED_GROUPED_LAMBERT_GRID
2033,CHARON,Charon,FLYBY,1,2033-04-15T00:00:00Z,2041-04-13T00:00:00Z,2920,18.928861,20.464146,358.301789,1804.817,REFINED_GROUPED_LAMBERT_GRID
2033,CHARON,Charon,ORBITAL_RECON,2,2033-05-15T00:00:00Z,2041-05-13T00:00:00Z,2920,23.369325,20.286381,546.125331,5657.424,REFINED_GROUPED_LAMBERT_GRID
2033,CHARON,Charon,RENDEZVOUS,2,2033-05-15T00:00:00Z,2041-05-13T00:00:00Z,2920,23.369325,20.286381,546.125331,5657.424,REFINED_GROUPED_LAMBERT_GRID
2033,CHARON,Charon,LANDING_PROSPECTING,5,2033-06-15T00:00:00Z,2041-06-13T00:00:00Z,2920,32.69074,20.116495,1068.684459,11469.621,REFINED_GROUPED_LAMBERT_GRID
2033,CHARON,Charon,CARGO_DELIVERY,20,2033-07-15T00:00:00Z,2041-07-13T00:00:00Z,2920,43.067994,20.024928,1854.852069,45815.529,REFINED_GROUPED_LAMBERT_GRID
2033,CHARON,Charon,CREWED_TRANSPORT,100,2033-07-15T00:00:00Z,2041-07-13T00:00:00Z,2920,43.067994,20.024928,1854.852069,222226.002,REFINED_GROUPED_LAMBERT_GRID
2034,CHARON,Charon,FLYBY,1,2034-04-15T00:00:00Z,2042-04-13T00:00:00Z,2920,19.059345,20.640658,363.258649,1807.791,REFINED_GROUPED_LAMBERT_GRID
2034,CHARON,Charon,ORBITAL_RECON,2,2034-05-15T00:00:00Z,2042-05-13T00:00:00Z,2920,23.024141,20.463631,530.111076,5793.647,REFINED_GROUPED_LAMBERT_GRID
2034,CHARON,Charon,RENDEZVOUS,2,2034-05-15T00:00:00Z,2042-05-13T00:00:00Z,2920,23.024141,20.463631,530.111076,5793.647,REFINED_GROUPED_LAMBERT_GRID
2034,CHARON,Charon,LANDING_PROSPECTING,5,2034-06-15T00:00:00Z,2042-06-13T00:00:00Z,2920,32.172597,20.290726,1035.076005,11794.432,REFINED_GROUPED_LAMBERT_GRID
2034,CHARON,Charon,CARGO_DELIVERY,20,2034-07-15T00:00:00Z,2042-07-13T00:00:00Z,2920,42.542829,20.192743,1809.892313,47415.29,REFINED_GROUPED_LAMBERT_GRID
2034,CHARON,Charon,CREWED_TRANSPORT,100,2034-07-15T00:00:00Z,2042-07-13T00:00:00Z,2920,42.542829,20.192743,1809.892313,230332.709,REFINED_GROUPED_LAMBERT_GRID
2035,CHARON,Charon,FLYBY,1,2035-04-15T00:00:00Z,2043-04-13T00:00:00Z,2920,19.255864,20.818905,370.788305,1812.309,REFINED_GROUPED_LAMBERT_GRID
2035,CHARON,Charon,ORBITAL_RECON,2,2035-05-15T00:00:00Z,2043-05-13T00:00:00Z,2920,22.743146,20.643029,517.250673,5939.497,REFINED_GROUPED_LAMBERT_GRID
2035,CHARON,Charon,RENDEZVOUS,2,2035-05-15T00:00:00Z,2043-05-13T00:00:00Z,2920,22.743146,20.643029,517.250673,5939.497,REFINED_GROUPED_LAMBERT_GRID
2035,CHARON,Charon,LANDING_PROSPECTING,5,2035-06-15T00:00:00Z,2043-06-13T00:00:00Z,2920,31.68506,20.467646,1003.943021,12139.991,REFINED_GROUPED_LAMBERT_GRID
2035,CHARON,Charon,CARGO_DELIVERY,20,2035-07-15T00:00:00Z,2043-07-13T00:00:00Z,2920,42.021215,20.363589,1765.782504,49108.438,REFINED_GROUPED_LAMBERT_GRID
2035,CHARON,Charon,CREWED_TRANSPORT,100,2035-07-15T00:00:00Z,2043-07-13T00:00:00Z,2920,42.021215,20.363589,1765.782504,238904.314,REFINED_GROUPED_LAMBERT_GRID
2026,CHIRON,2060 Chiron,FLYBY,1,2026-06-15T00:00:00Z,2030-06-14T00:00:00Z,1460,14.798717,19.054092,219.00203,701.319,REFINED_GROUPED_LAMBERT_GRID
2026,CHIRON,2060 Chiron,ORBITAL_RECON,2,2026-06-15T00:00:00Z,2034-06-13T00:00:00Z,2920,13.059536,7.396188,170.551493,1109.117,REFINED_GROUPED_LAMBERT_GRID
2026,CHIRON,2060 Chiron,RENDEZVOUS,2,2026-06-15T00:00:00Z,2034-06-13T00:00:00Z,2920,13.059536,7.396188,170.551493,1109.117,REFINED_GROUPED_LAMBERT_GRID
2026,CHIRON,2060 Chiron,LANDING_PROSPECTING,5,2026-06-15T00:00:00Z,2034-06-13T00:00:00Z,2920,13.059536,7.396188,170.551493,1809.541,REFINED_GROUPED_LAMBERT_GRID
2026,CHIRON,2060 Chiron,CARGO_DELIVERY,20,2026-07-15T00:00:00Z,2034-07-13T00:00:00Z,2920,16.592503,7.271703,275.311148,3671.315,REFINED_GROUPED_LAMBERT_GRID
2026,CHIRON,2060 Chiron,CREWED_TRANSPORT,100,2026-07-15T00:00:00Z,2034-07-13T00:00:00Z,2920,16.592503,7.271703,275.311148,17095.829,REFINED_GROUPED_LAMBERT_GRID
2027,CHIRON,2060 Chiron,FLYBY,1,2027-06-15T00:00:00Z,2031-06-14T00:00:00Z,1460,14.816477,18.730264,219.527977,701.635,REFINED_GROUPED_LAMBERT_GRID
2027,CHIRON,2060 Chiron,ORBITAL_RECON,2,2027-06-15T00:00:00Z,2035-06-13T00:00:00Z,2920,14.274051,7.282074,203.748541,1123.853,REFINED_GROUPED_LAMBERT_GRID
2027,CHIRON,2060 Chiron,RENDEZVOUS,2,2027-06-15T00:00:00Z,2035-06-13T00:00:00Z,2920,14.274051,7.282074,203.748541,1123.853,REFINED_GROUPED_LAMBERT_GRID
2027,CHIRON,2060 Chiron,LANDING_PROSPECTING,5,2027-06-15T00:00:00Z,2035-06-13T00:00:00Z,2920,14.274051,7.282074,203.748541,1816.505,REFINED_GROUPED_LAMBERT_GRID
2027,CHIRON,2060 Chiron,CARGO_DELIVERY,20,2027-07-15T00:00:00Z,2035-07-13T00:00:00Z,2920,15.777154,7.10259,248.918588,3562.671,REFINED_GROUPED_LAMBERT_GRID
2027,CHIRON,2060 Chiron,CREWED_TRANSPORT,100,2027-07-15T00:00:00Z,2035-07-13T00:00:00Z,2920,15.777154,7.10259,248.918588,16615.951,REFINED_GROUPED_LAMBERT_GRID
2028,CHIRON,2060 Chiron,FLYBY,1,2028-06-15T00:00:00Z,2032-06-14T00:00:00Z,1460,14.852609,18.336082,220.600001,702.278,REFINED_GROUPED_LAMBERT_GRID
2028,CHIRON,2060 Chiron,ORBITAL_RECON,2,2028-07-15T00:00:00Z,2036-07-13T00:00:00Z,2920,15.210153,6.918715,231.348759,1124.761,REFINED_GROUPED_LAMBERT_GRID
2028,CHIRON,2060 Chiron,RENDEZVOUS,2,2028-07-15T00:00:00Z,2036-07-13T00:00:00Z,2920,15.210153,6.918715,231.348759,1124.761,REFINED_GROUPED_LAMBERT_GRID
2028,CHIRON,2060 Chiron,LANDING_PROSPECTING,5,2028-07-15T00:00:00Z,2036-07-13T00:00:00Z,2920,15.210153,6.918715,231.348759,1793.936,REFINED_GROUPED_LAMBERT_GRID
2028,CHIRON,2060 Chiron,CARGO_DELIVERY,20,2028-07-15T00:00:00Z,2036-07-13T00:00:00Z,2920,15.210153,6.918715,231.348759,3455.098,REFINED_GROUPED_LAMBERT_GRID
2028,CHIRON,2060 Chiron,CREWED_TRANSPORT,100,2028-07-15T00:00:00Z,2036-07-13T00:00:00Z,2920,15.210153,6.918715,231.348759,16120.255,REFINED_GROUPED_LAMBERT_GRID
2029,CHIRON,2060 Chiron,FLYBY,1,2029-07-15T00:00:00Z,2033-07-14T00:00:00Z,1460,15.023524,17.548275,225.706279,705.342,REFINED_GROUPED_LAMBERT_GRID
2029,CHIRON,2060 Chiron,ORBITAL_RECON,2,2029-07-15T00:00:00Z,2037-07-13T00:00:00Z,2920,14.770369,6.740726,218.163802,1109.633,REFINED_GROUPED_LAMBERT_GRID
2029,CHIRON,2060 Chiron,RENDEZVOUS,2,2029-07-15T00:00:00Z,2037-07-13T00:00:00Z,2920,14.770369,6.740726,218.163802,1109.633,REFINED_GROUPED_LAMBERT_GRID
2029,CHIRON,2060 Chiron,LANDING_PROSPECTING,5,2029-07-15T00:00:00Z,2037-07-13T00:00:00Z,2920,14.770369,6.740726,218.163802,1767.98,REFINED_GROUPED_LAMBERT_GRID
2029,CHIRON,2060 Chiron,CARGO_DELIVERY,20,2029-07-15T00:00:00Z,2037-07-13T00:00:00Z,2920,14.770369,6.740726,218.163802,3356.965,REFINED_GROUPED_LAMBERT_GRID
2029,CHIRON,2060 Chiron,CREWED_TRANSPORT,100,2029-07-15T00:00:00Z,2037-07-13T00:00:00Z,2920,14.770369,6.740726,218.163802,15661.233,REFINED_GROUPED_LAMBERT_GRID
2030,CHIRON,2060 Chiron,FLYBY,1,2030-07-15T00:00:00Z,2034-07-14T00:00:00Z,1460,14.432658,17.052025,208.301622,694.899,REFINED_GROUPED_LAMBERT_GRID
2030,CHIRON,2060 Chiron,ORBITAL_RECON,2,2030-07-15T00:00:00Z,2038-07-13T00:00:00Z,2920,15.000013,6.601731,225.000399,1108.293,REFINED_GROUPED_LAMBERT_GRID
2030,CHIRON,2060 Chiron,RENDEZVOUS,2,2030-07-15T00:00:00Z,2038-07-13T00:00:00Z,2920,15.000013,6.601731,225.000399,1108.293,REFINED_GROUPED_LAMBERT_GRID
2030,CHIRON,2060 Chiron,LANDING_PROSPECTING,5,2030-07-15T00:00:00Z,2038-07-13T00:00:00Z,2920,15.000013,6.601731,225.000399,1758.479,REFINED_GROUPED_LAMBERT_GRID
2030,CHIRON,2060 Chiron,CARGO_DELIVERY,20,2030-07-15T00:00:00Z,2038-07-13T00:00:00Z,2920,15.000013,6.601731,225.000399,3293.051,REFINED_GROUPED_LAMBERT_GRID
2030,CHIRON,2060 Chiron,CREWED_TRANSPORT,100,2030-08-15T00:00:00Z,2038-08-13T00:00:00Z,2920,18.898696,6.524209,357.1607,15219.388,REFINED_GROUPED_LAMBERT_GRID
2031,CHIRON,2060 Chiron,FLYBY,1,2031-07-15T00:00:00Z,2035-07-14T00:00:00Z,1460,13.966444,16.492056,195.061557,686.955,REFINED_GROUPED_LAMBERT_GRID
2031,CHIRON,2060 Chiron,ORBITAL_RECON,2,2031-05-15T00:00:00Z,2039-05-13T00:00:00Z,2920,17.047739,6.455609,290.625413,1142.126,REFINED_GROUPED_LAMBERT_GRID
2031,CHIRON,2060 Chiron,RENDEZVOUS,2,2031-05-15T00:00:00Z,2039-05-13T00:00:00Z,2920,17.047739,6.455609,290.625413,1142.126,REFINED_GROUPED_LAMBERT_GRID
2031,CHIRON,2060 Chiron,LANDING_PROSPECTING,5,2031-05-15T00:00:00Z,2039-05-13T00:00:00Z,2920,17.047739,6.455609,290.625413,1783.999,REFINED_GROUPED_LAMBERT_GRID
2031,CHIRON,2060 Chiron,CARGO_DELIVERY,20,2031-08-15T00:00:00Z,2039-08-13T00:00:00Z,2920,17.639247,6.374735,311.143032,3238.076,REFINED_GROUPED_LAMBERT_GRID
2031,CHIRON,2060 Chiron,CREWED_TRANSPORT,100,2031-08-15T00:00:00Z,2039-08-13T00:00:00Z,2920,17.639247,6.374735,311.143032,14843.639,REFINED_GROUPED_LAMBERT_GRID
2032,CHIRON,2060 Chiron,FLYBY,1,2032-07-15T00:00:00Z,2036-07-14T00:00:00Z,1460,13.772392,15.85465,189.678779,683.725,REFINED_GROUPED_LAMBERT_GRID
2032,CHIRON,2060 Chiron,ORBITAL_RECON,2,2032-06-15T00:00:00Z,2040-06-13T00:00:00Z,2920,16.570741,6.399789,274.589441,1130.435,REFINED_GROUPED_LAMBERT_GRID
2032,CHIRON,2060 Chiron,RENDEZVOUS,2,2032-06-15T00:00:00Z,2040-06-13T00:00:00Z,2920,16.570741,6.399789,274.589441,1130.435,REFINED_GROUPED_LAMBERT_GRID
2032,CHIRON,2060 Chiron,LANDING_PROSPECTING,5,2032-08-15T00:00:00Z,2040-08-13T00:00:00Z,2920,16.780478,6.299433,281.584453,1764.255,REFINED_GROUPED_LAMBERT_GRID
2032,CHIRON,2060 Chiron,CARGO_DELIVERY,20,2032-08-15T00:00:00Z,2040-08-13T00:00:00Z,2920,16.780478,6.299433,281.584453,3186.131,REFINED_GROUPED_LAMBERT_GRID
2032,CHIRON,2060 Chiron,CREWED_TRANSPORT,100,2032-08-15T00:00:00Z,2040-08-13T00:00:00Z,2920,16.780478,6.299433,281.584453,14654.852,REFINED_GROUPED_LAMBERT_GRID
2033,CHIRON,2060 Chiron,FLYBY,1,2033-07-15T00:00:00Z,2037-07-14T00:00:00Z,1460,13.914581,15.166296,193.615556,686.087,REFINED_GROUPED_LAMBERT_GRID
2033,CHIRON,2060 Chiron,ORBITAL_RECON,2,2033-06-15T00:00:00Z,2041-06-13T00:00:00Z,2920,15.29717,6.305491,234.003397,1102.644,REFINED_GROUPED_LAMBERT_GRID
2033,CHIRON,2060 Chiron,RENDEZVOUS,2,2033-06-15T00:00:00Z,2041-06-13T00:00:00Z,2920,15.29717,6.305491,234.003397,1102.644,REFINED_GROUPED_LAMBERT_GRID
2033,CHIRON,2060 Chiron,LANDING_PROSPECTING,5,2033-06-15T00:00:00Z,2041-06-13T00:00:00Z,2920,15.29717,6.305491,234.003397,1736.253,REFINED_GROUPED_LAMBERT_GRID
2033,CHIRON,2060 Chiron,CARGO_DELIVERY,20,2033-06-15T00:00:00Z,2041-06-13T00:00:00Z,2920,15.29717,6.305491,234.003397,3160.314,REFINED_GROUPED_LAMBERT_GRID
2033,CHIRON,2060 Chiron,CREWED_TRANSPORT,100,2033-06-15T00:00:00Z,2041-06-13T00:00:00Z,2920,15.29717,6.305491,234.003397,14639.959,REFINED_GROUPED_LAMBERT_GRID
2034,CHIRON,2060 Chiron,FLYBY,1,2034-07-15T00:00:00Z,2038-07-14T00:00:00Z,1460,14.773225,14.425748,218.248175,700.867,REFINED_GROUPED_LAMBERT_GRID
2034,CHIRON,2060 Chiron,ORBITAL_RECON,2,2034-06-15T00:00:00Z,2042-06-13T00:00:00Z,2920,15.717406,6.457664,247.036861,1116.05,REFINED_GROUPED_LAMBERT_GRID
2034,CHIRON,2060 Chiron,RENDEZVOUS,2,2034-06-15T00:00:00Z,2042-06-13T00:00:00Z,2920,15.717406,6.457664,247.036861,1116.05,REFINED_GROUPED_LAMBERT_GRID
2034,CHIRON,2060 Chiron,LANDING_PROSPECTING,5,2034-06-15T00:00:00Z,2042-06-13T00:00:00Z,2920,15.717406,6.457664,247.036861,1758.038,REFINED_GROUPED_LAMBERT_GRID
2034,CHIRON,2060 Chiron,CARGO_DELIVERY,20,2034-06-15T00:00:00Z,2042-06-13T00:00:00Z,2920,15.717406,6.457664,247.036861,3237.957,REFINED_GROUPED_LAMBERT_GRID
2034,CHIRON,2060 Chiron,CREWED_TRANSPORT,100,2034-06-15T00:00:00Z,2042-06-13T00:00:00Z,2920,15.717406,6.457664,247.036861,14996.895,REFINED_GROUPED_LAMBERT_GRID
2035,CHIRON,2060 Chiron,FLYBY,1,2035-08-15T00:00:00Z,2039-08-14T00:00:00Z,1460,14.328869,13.221843,205.316489,693.108,REFINED_GROUPED_LAMBERT_GRID
2035,CHIRON,2060 Chiron,ORBITAL_RECON,2,2035-07-15T00:00:00Z,2043-07-13T00:00:00Z,2920,14.217032,6.836883,202.123999,1103.872,REFINED_GROUPED_LAMBERT_GRID
2035,CHIRON,2060 Chiron,RENDEZVOUS,2,2035-07-15T00:00:00Z,2043-07-13T00:00:00Z,2920,14.217032,6.836883,202.123999,1103.872,REFINED_GROUPED_LAMBERT_GRID
2035,CHIRON,2060 Chiron,LANDING_PROSPECTING,5,2035-07-15T00:00:00Z,2043-07-13T00:00:00Z,2920,14.217032,6.836883,202.123999,1768.016,REFINED_GROUPED_LAMBERT_GRID
2035,CHIRON,2060 Chiron,CARGO_DELIVERY,20,2035-07-15T00:00:00Z,2043-07-13T00:00:00Z,2920,14.217032,6.836883,202.123999,3395.64,REFINED_GROUPED_LAMBERT_GRID
2035,CHIRON,2060 Chiron,CREWED_TRANSPORT,100,2035-07-15T00:00:00Z,2043-07-13T00:00:00Z,2920,14.217032,6.836883,202.123999,15893.101,REFINED_GROUPED_LAMBERT_GRID
2026,COMET_67P,67P/Churyumov-Gerasimenko,FLYBY,1,2026-12-15T00:00:00Z,2027-12-15T00:00:00Z,365,9.661342,12.894081,93.341536,535.984,REFINED_GROUPED_LAMBERT_GRID
2026,COMET_67P,67P/Churyumov-Gerasimenko,ORBITAL_RECON,2,2026-01-15T00:00:00Z,2028-01-15T00:00:00Z,730,6.891831,4.883345,47.497331,766.857,REFINED_GROUPED_LAMBERT_GRID
2026,COMET_67P,67P/Churyumov-Gerasimenko,RENDEZVOUS,2,2026-01-15T00:00:00Z,2028-01-15T00:00:00Z,730,6.891831,4.883345,47.497331,766.857,REFINED_GROUPED_LAMBERT_GRID
2026,COMET_67P,67P/Churyumov-Gerasimenko,LANDING_PROSPECTING,5,2026-01-15T00:00:00Z,2028-01-15T00:00:00Z,730,6.891831,4.883345,47.497331,1334.457,REFINED_GROUPED_LAMBERT_GRID
2026,COMET_67P,67P/Churyumov-Gerasimenko,CARGO_DELIVERY,20,2026-01-15T00:00:00Z,2028-01-15T00:00:00Z,730,6.891831,4.883345,47.497331,2318.455,REFINED_GROUPED_LAMBERT_GRID
2026,COMET_67P,67P/Churyumov-Gerasimenko,CREWED_TRANSPORT,100,2026-01-15T00:00:00Z,2028-01-15T00:00:00Z,730,6.891831,4.883345,47.497331,10878.283,REFINED_GROUPED_LAMBERT_GRID
2027,COMET_67P,67P/Churyumov-Gerasimenko,FLYBY,1,2027-02-15T00:00:00Z,2028-02-15T00:00:00Z,365,3.263733,8.83559,10.65195,486.371,REFINED_GROUPED_LAMBERT_GRID
2027,COMET_67P,67P/Churyumov-Gerasimenko,ORBITAL_RECON,2,2027-11-15T00:00:00Z,2029-11-14T00:00:00Z,730,9.30668,4.797419,86.61429,788.088,REFINED_GROUPED_LAMBERT_GRID
2027,COMET_67P,67P/Churyumov-Gerasimenko,RENDEZVOUS,2,2027-11-15T00:00:00Z,2029-11-14T00:00:00Z,730,9.30668,4.797419,86.61429,788.088,REFINED_GROUPED_LAMBERT_GRID
2027,COMET_67P,67P/Churyumov-Gerasimenko,LANDING_PROSPECTING,5,2027-11-15T00:00:00Z,2031-11-14T00:00:00Z,1460,10.321861,2.000928,106.540809,1289.837,REFINED_GROUPED_LAMBERT_GRID
2027,COMET_67P,67P/Churyumov-Gerasimenko,CARGO_DELIVERY,20,2027-11-15T00:00:00Z,2031-11-14T00:00:00Z,1460,10.321861,2.000928,106.540809,1713.815,REFINED_GROUPED_LAMBERT_GRID
2027,COMET_67P,67P/Churyumov-Gerasimenko,CREWED_TRANSPORT,100,2027-11-15T00:00:00Z,2031-11-14T00:00:00Z,1460,10.321861,2.000928,106.540809,7713.377,REFINED_GROUPED_LAMBERT_GRID
2028,COMET_67P,67P/Churyumov-Gerasimenko,FLYBY,1,2028-12-15T00:00:00Z,2029-12-15T00:00:00Z,365,11.96516,10.381758,143.165049,565.878,REFINED_GROUPED_LAMBERT_GRID
2028,COMET_67P,67P/Churyumov-Gerasimenko,ORBITAL_RECON,2,2028-12-15T00:00:00Z,2030-12-15T00:00:00Z,730,10.04531,3.670337,100.908248,770.928,REFINED_GROUPED_LAMBERT_GRID
2028,COMET_67P,67P/Churyumov-Gerasimenko,RENDEZVOUS,2,2028-12-15T00:00:00Z,2030-12-15T00:00:00Z,730,10.04531,3.670337,100.908248,770.928,REFINED_GROUPED_LAMBERT_GRID
2028,COMET_67P,67P/Churyumov-Gerasimenko,LANDING_PROSPECTING,5,2028-11-15T00:00:00Z,2032-11-14T00:00:00Z,1460,9.864604,1.092902,97.310411,1255.794,REFINED_GROUPED_LAMBERT_GRID
2028,COMET_67P,67P/Churyumov-Gerasimenko,CARGO_DELIVERY,20,2028-11-15T00:00:00Z,2032-11-14T00:00:00Z,1460,9.864604,1.092902,97.310411,1565.754,REFINED_GROUPED_LAMBERT_GRID
2028,COMET_67P,67P/Churyumov-Gerasimenko,CREWED_TRANSPORT,100,2028-11-15T00:00:00Z,2032-11-14T00:00:00Z,1460,9.864604,1.092902,97.310411,6995.223,REFINED_GROUPED_LAMBERT_GRID
2029,COMET_67P,67P/Churyumov-Gerasimenko,FLYBY,1,2029-12-15T00:00:00Z,2031-12-15T00:00:00Z,730,10.262013,7.904914,105.308905,573.144,REFINED_GROUPED_LAMBERT_GRID
2029,COMET_67P,67P/Churyumov-Gerasimenko,ORBITAL_RECON,2,2029-12-15T00:00:00Z,2033-12-14T00:00:00Z,1460,9.635701,2.073763,92.846727,799.042,REFINED_GROUPED_LAMBERT_GRID
2029,COMET_67P,67P/Churyumov-Gerasimenko,RENDEZVOUS,2,2029-12-15T00:00:00Z,2033-12-14T00:00:00Z,1460,9.635701,2.073763,92.846727,799.042,REFINED_GROUPED_LAMBERT_GRID
2029,COMET_67P,67P/Churyumov-Gerasimenko,LANDING_PROSPECTING,5,2029-11-15T00:00:00Z,2033-11-14T00:00:00Z,1460,10.031147,1.832686,100.623904,1280.562,REFINED_GROUPED_LAMBERT_GRID
2029,COMET_67P,67P/Churyumov-Gerasimenko,CARGO_DELIVERY,20,2029-11-15T00:00:00Z,2033-11-14T00:00:00Z,1460,10.031147,1.832686,100.623904,1681.642,REFINED_GROUPED_LAMBERT_GRID
2029,COMET_67P,67P/Churyumov-Gerasimenko,CREWED_TRANSPORT,100,2029-11-15T00:00:00Z,2033-11-14T00:00:00Z,1460,10.031147,1.832686,100.623904,7566.714,REFINED_GROUPED_LAMBERT_GRID
2030,COMET_67P,67P/Churyumov-Gerasimenko,FLYBY,1,2030-01-15T00:00:00Z,2032-01-15T00:00:00Z,730,11.944555,7.367834,142.672404,595.562,REFINED_GROUPED_LAMBERT_GRID
2030,COMET_67P,67P/Churyumov-Gerasimenko,ORBITAL_RECON,2,2030-01-15T00:00:00Z,2032-01-15T00:00:00Z,730,11.944555,7.367834,142.672404,911.212,REFINED_GROUPED_LAMBERT_GRID
2030,COMET_67P,67P/Churyumov-Gerasimenko,RENDEZVOUS,2,2030-01-15T00:00:00Z,2032-01-15T00:00:00Z,730,11.944555,7.367834,142.672404,911.212,REFINED_GROUPED_LAMBERT_GRID
2030,COMET_67P,67P/Churyumov-Gerasimenko,LANDING_PROSPECTING,5,2030-02-15T00:00:00Z,2034-02-14T00:00:00Z,1460,18.266551,3.841842,333.666879,1504.96,REFINED_GROUPED_LAMBERT_GRID
2030,COMET_67P,67P/Churyumov-Gerasimenko,CARGO_DELIVERY,20,2030-02-15T00:00:00Z,2034-02-14T00:00:00Z,1460,18.266551,3.841842,333.666879,2244.328,REFINED_GROUPED_LAMBERT_GRID
2030,COMET_67P,67P/Churyumov-Gerasimenko,CREWED_TRANSPORT,100,2030-02-15T00:00:00Z,2034-02-14T00:00:00Z,1460,18.266551,3.841842,333.666879,9820.839,REFINED_GROUPED_LAMBERT_GRID
2031,COMET_67P,67P/Churyumov-Gerasimenko,FLYBY,1,2031-12-15T00:00:00Z,2033-12-14T00:00:00Z,730,9.001388,7.977695,81.024981,558.574,REFINED_GROUPED_LAMBERT_GRID
2031,COMET_67P,67P/Churyumov-Gerasimenko,ORBITAL_RECON,2,2031-12-15T00:00:00Z,2033-12-14T00:00:00Z,730,9.001388,7.977695,81.024981,904.071,REFINED_GROUPED_LAMBERT_GRID
2031,COMET_67P,67P/Churyumov-Gerasimenko,RENDEZVOUS,2,2031-12-15T00:00:00Z,2033-12-14T00:00:00Z,730,9.001388,7.977695,81.024981,904.071,REFINED_GROUPED_LAMBERT_GRID
2031,COMET_67P,67P/Churyumov-Gerasimenko,LANDING_PROSPECTING,5,2031-11-15T00:00:00Z,2039-11-13T00:00:00Z,2920,10.206948,3.833724,104.181794,1486.764,REFINED_GROUPED_LAMBERT_GRID
2031,COMET_67P,67P/Churyumov-Gerasimenko,CARGO_DELIVERY,20,2031-11-15T00:00:00Z,2039-11-13T00:00:00Z,2920,10.206948,3.833724,104.181794,2224.438,REFINED_GROUPED_LAMBERT_GRID
2031,COMET_67P,67P/Churyumov-Gerasimenko,CREWED_TRANSPORT,100,2031-11-15T00:00:00Z,2039-11-13T00:00:00Z,2920,10.206948,3.833724,104.181794,10272.155,REFINED_GROUPED_LAMBERT_GRID
2032,COMET_67P,67P/Churyumov-Gerasimenko,FLYBY,1,2032-02-15T00:00:00Z,2033-02-14T00:00:00Z,365,12.190899,22.707644,148.618014,569.15,REFINED_GROUPED_LAMBERT_GRID
2032,COMET_67P,67P/Churyumov-Gerasimenko,ORBITAL_RECON,2,2032-02-15T00:00:00Z,2034-02-14T00:00:00Z,730,13.011764,6.543121,169.306002,892.755,REFINED_GROUPED_LAMBERT_GRID
2032,COMET_67P,67P/Churyumov-Gerasimenko,RENDEZVOUS,2,2032-02-15T00:00:00Z,2034-02-14T00:00:00Z,730,13.011764,6.543121,169.306002,892.755,REFINED_GROUPED_LAMBERT_GRID
2032,COMET_67P,67P/Churyumov-Gerasimenko,LANDING_PROSPECTING,5,2032-11-15T00:00:00Z,2040-11-13T00:00:00Z,2920,10.552938,3.56398,111.364502,1477.434,REFINED_GROUPED_LAMBERT_GRID
2032,COMET_67P,67P/Churyumov-Gerasimenko,CARGO_DELIVERY,20,2032-11-15T00:00:00Z,2040-11-13T00:00:00Z,2920,10.552938,3.56398,111.364502,2160.553,REFINED_GROUPED_LAMBERT_GRID
2032,COMET_67P,67P/Churyumov-Gerasimenko,CREWED_TRANSPORT,100,2032-11-15T00:00:00Z,2040-11-13T00:00:00Z,2920,10.552938,3.56398,111.364502,9935.491,REFINED_GROUPED_LAMBERT_GRID
2033,COMET_67P,67P/Churyumov-Gerasimenko,FLYBY,1,2033-02-15T00:00:00Z,2034-02-15T00:00:00Z,365,8.804023,17.05824,77.510816,526.486,REFINED_GROUPED_LAMBERT_GRID
2033,COMET_67P,67P/Churyumov-Gerasimenko,ORBITAL_RECON,2,2033-10-15T00:00:00Z,2037-10-14T00:00:00Z,1460,10.488639,4.282234,110.011546,849.52,REFINED_GROUPED_LAMBERT_GRID
2033,COMET_67P,67P/Churyumov-Gerasimenko,RENDEZVOUS,2,2033-10-15T00:00:00Z,2037-10-14T00:00:00Z,1460,10.488639,4.282234,110.011546,849.52,REFINED_GROUPED_LAMBERT_GRID
2033,COMET_67P,67P/Churyumov-Gerasimenko,LANDING_PROSPECTING,5,2033-10-15T00:00:00Z,2037-10-14T00:00:00Z,1460,10.488639,4.282234,110.011546,1394.912,REFINED_GROUPED_LAMBERT_GRID
2033,COMET_67P,67P/Churyumov-Gerasimenko,CARGO_DELIVERY,20,2033-10-15T00:00:00Z,2037-10-14T00:00:00Z,1460,10.488639,4.282234,110.011546,2230.86,REFINED_GROUPED_LAMBERT_GRID
2033,COMET_67P,67P/Churyumov-Gerasimenko,CREWED_TRANSPORT,100,2033-12-15T00:00:00Z,2037-12-14T00:00:00Z,1460,13.344877,4.169562,178.085731,10171.014,REFINED_GROUPED_LAMBERT_GRID
2034,COMET_67P,67P/Churyumov-Gerasimenko,FLYBY,1,2034-04-15T00:00:00Z,2034-10-12T00:00:00Z,180,8.451403,14.392463,71.426215,507.64,REFINED_GROUPED_LAMBERT_GRID
2034,COMET_67P,67P/Churyumov-Gerasimenko,ORBITAL_RECON,2,2034-11-15T00:00:00Z,2035-11-15T00:00:00Z,365,8.944131,1.346302,79.997483,691.928,REFINED_GROUPED_LAMBERT_GRID
2034,COMET_67P,67P/Churyumov-Gerasimenko,RENDEZVOUS,2,2034-11-15T00:00:00Z,2035-11-15T00:00:00Z,365,8.944131,1.346302,79.997483,691.928,REFINED_GROUPED_LAMBERT_GRID
2034,COMET_67P,67P/Churyumov-Gerasimenko,LANDING_PROSPECTING,5,2034-11-15T00:00:00Z,2035-11-15T00:00:00Z,365,8.944131,1.346302,79.997483,1162.853,REFINED_GROUPED_LAMBERT_GRID
2034,COMET_67P,67P/Churyumov-Gerasimenko,CARGO_DELIVERY,20,2034-11-15T00:00:00Z,2035-11-15T00:00:00Z,365,8.944131,1.346302,79.997483,1502.353,REFINED_GROUPED_LAMBERT_GRID
2034,COMET_67P,67P/Churyumov-Gerasimenko,CREWED_TRANSPORT,100,2034-11-15T00:00:00Z,2035-11-15T00:00:00Z,365,8.944131,1.346302,79.997483,6719.771,REFINED_GROUPED_LAMBERT_GRID
2035,COMET_67P,67P/Churyumov-Gerasimenko,FLYBY,1,2035-12-15T00:00:00Z,2037-12-14T00:00:00Z,730,9.769791,5.75522,95.448815,567.228,REFINED_GROUPED_LAMBERT_GRID
2035,COMET_67P,67P/Churyumov-Gerasimenko,ORBITAL_RECON,2,2035-11-15T00:00:00Z,2039-11-14T00:00:00Z,1460,9.988842,1.472171,99.776973,795.264,REFINED_GROUPED_LAMBERT_GRID
2035,COMET_67P,67P/Churyumov-Gerasimenko,RENDEZVOUS,2,2035-11-15T00:00:00Z,2039-11-14T00:00:00Z,1460,9.988842,1.472171,99.776973,795.264,REFINED_GROUPED_LAMBERT_GRID
2035,COMET_67P,67P/Churyumov-Gerasimenko,LANDING_PROSPECTING,5,2035-11-15T00:00:00Z,2039-11-14T00:00:00Z,1460,9.988842,1.472171,99.776973,1268.485,REFINED_GROUPED_LAMBERT_GRID
2035,COMET_67P,67P/Churyumov-Gerasimenko,CARGO_DELIVERY,20,2035-11-15T00:00:00Z,2039-11-14T00:00:00Z,1460,9.988842,1.472171,99.776973,1623.288,REFINED_GROUPED_LAMBERT_GRID
2035,COMET_67P,67P/Churyumov-Gerasimenko,CREWED_TRANSPORT,100,2035-11-15T00:00:00Z,2039-11-14T00:00:00Z,1460,9.988842,1.472171,99.776973,7276.976,REFINED_GROUPED_LAMBERT_GRID
2026,COMET_HALLEY,1P/Halley,FLYBY,1,2026-09-15T00:00:00Z,2034-09-13T00:00:00Z,2920,20.378215,19.117119,415.271647,938.999,REFINED_GROUPED_LAMBERT_GRID
2026,COMET_HALLEY,1P/Halley,ORBITAL_RECON,2,2026-10-15T00:00:00Z,2034-10-13T00:00:00Z,2920,23.053949,18.913618,531.484548,3794.264,REFINED_GROUPED_LAMBERT_GRID
2026,COMET_HALLEY,1P/Halley,RENDEZVOUS,2,2026-10-15T00:00:00Z,2034-10-13T00:00:00Z,2920,23.053949,18.913618,531.484548,3794.264,REFINED_GROUPED_LAMBERT_GRID
2026,COMET_HALLEY,1P/Halley,LANDING_PROSPECTING,5,2026-11-15T00:00:00Z,2034-11-13T00:00:00Z,2920,31.550983,18.657047,995.464506,8105.257,REFINED_GROUPED_LAMBERT_GRID
2026,COMET_HALLEY,1P/Halley,CARGO_DELIVERY,20,2026-12-15T00:00:00Z,2034-12-13T00:00:00Z,2920,41.563555,18.432123,1727.529064,32076.88,REFINED_GROUPED_LAMBERT_GRID
2026,COMET_HALLEY,1P/Halley,CREWED_TRANSPORT,100,2026-01-15T00:00:00Z,2034-01-13T00:00:00Z,2920,51.702511,18.368085,2673.149611,154082.639,REFINED_GROUPED_LAMBERT_GRID
2027,COMET_HALLEY,1P/Halley,FLYBY,1,2027-09-15T00:00:00Z,2035-09-13T00:00:00Z,2920,20.296858,19.033912,411.962449,937.013,REFINED_GROUPED_LAMBERT_GRID
2027,COMET_HALLEY,1P/Halley,ORBITAL_RECON,2,2027-10-15T00:00:00Z,2035-10-13T00:00:00Z,2920,23.064229,18.828417,531.958658,3744.368,REFINED_GROUPED_LAMBERT_GRID
2027,COMET_HALLEY,1P/Halley,RENDEZVOUS,2,2027-10-15T00:00:00Z,2035-10-13T00:00:00Z,2920,23.064229,18.828417,531.958658,3744.368,REFINED_GROUPED_LAMBERT_GRID
2027,COMET_HALLEY,1P/Halley,LANDING_PROSPECTING,5,2027-11-15T00:00:00Z,2035-11-13T00:00:00Z,2920,31.566383,18.569816,996.436545,7984.545,REFINED_GROUPED_LAMBERT_GRID
2027,COMET_HALLEY,1P/Halley,CARGO_DELIVERY,20,2027-12-15T00:00:00Z,2035-12-13T00:00:00Z,2920,41.545847,18.343072,1726.057415,31487.165,REFINED_GROUPED_LAMBERT_GRID
2027,COMET_HALLEY,1P/Halley,CREWED_TRANSPORT,100,2027-01-15T00:00:00Z,2035-01-13T00:00:00Z,2920,51.682062,18.294511,2671.035546,151679.171,REFINED_GROUPED_LAMBERT_GRID
2028,COMET_HALLEY,1P/Halley,FLYBY,1,2028-09-15T00:00:00Z,2036-09-13T00:00:00Z,2920,20.14133,18.9279,405.673171,933.24,REFINED_GROUPED_LAMBERT_GRID
2028,COMET_HALLEY,1P/Halley,ORBITAL_RECON,2,2028-10-15T00:00:00Z,2036-10-13T00:00:00Z,2920,23.2709,18.717796,541.534794,3686.363,REFINED_GROUPED_LAMBERT_GRID
2028,COMET_HALLEY,1P/Halley,RENDEZVOUS,2,2028-10-15T00:00:00Z,2036-10-13T00:00:00Z,2920,23.2709,18.717796,541.534794,3686.363,REFINED_GROUPED_LAMBERT_GRID
2028,COMET_HALLEY,1P/Halley,LANDING_PROSPECTING,5,2028-11-15T00:00:00Z,2036-11-13T00:00:00Z,2920,31.909553,18.45666,1018.219597,7843.734,REFINED_GROUPED_LAMBERT_GRID
2028,COMET_HALLEY,1P/Halley,CARGO_DELIVERY,20,2028-12-15T00:00:00Z,2036-12-13T00:00:00Z,2920,41.886347,18.230072,1754.466041,30773.606,REFINED_GROUPED_LAMBERT_GRID
2028,COMET_HALLEY,1P/Halley,CREWED_TRANSPORT,100,2028-01-15T00:00:00Z,2036-01-13T00:00:00Z,2920,51.619133,18.20384,2664.534911,148768.393,REFINED_GROUPED_LAMBERT_GRID
2029,COMET_HALLEY,1P/Halley,FLYBY,1,2029-09-15T00:00:00Z,2037-09-13T00:00:00Z,2920,20.054898,18.808852,402.198924,931.155,REFINED_GROUPED_LAMBERT_GRID
2029,COMET_HALLEY,1P/Halley,ORBITAL_RECON,2,2029-10-15T00:00:00Z,2037-10-13T00:00:00Z,2920,23.306036,18.596055,543.171302,3618.973,REFINED_GROUPED_LAMBERT_GRID
2029,COMET_HALLEY,1P/Halley,RENDEZVOUS,2,2029-10-15T00:00:00Z,2037-10-13T00:00:00Z,2920,23.306036,18.596055,543.171302,3618.973,REFINED_GROUPED_LAMBERT_GRID
2029,COMET_HALLEY,1P/Halley,LANDING_PROSPECTING,5,2029-11-15T00:00:00Z,2037-11-13T00:00:00Z,2920,31.957643,18.332205,1021.290928,7680.738,REFINED_GROUPED_LAMBERT_GRID
2029,COMET_HALLEY,1P/Halley,CARGO_DELIVERY,20,2029-12-15T00:00:00Z,2037-12-13T00:00:00Z,2920,41.894129,18.103274,1755.118068,29975.734,REFINED_GROUPED_LAMBERT_GRID
2029,COMET_HALLEY,1P/Halley,CREWED_TRANSPORT,100,2029-12-15T00:00:00Z,2037-12-13T00:00:00Z,2920,41.894129,18.103274,1755.118068,145066.387,REFINED_GROUPED_LAMBERT_GRID
2030,COMET_HALLEY,1P/Halley,FLYBY,1,2030-09-15T00:00:00Z,2038-09-13T00:00:00Z,2920,19.962147,18.668539,398.48733,928.928,REFINED_GROUPED_LAMBERT_GRID
2030,COMET_HALLEY,1P/Halley,ORBITAL_RECON,2,2030-10-15T00:00:00Z,2038-10-13T00:00:00Z,2920,23.318424,18.452952,543.748892,3541.281,REFINED_GROUPED_LAMBERT_GRID
2030,COMET_HALLEY,1P/Halley,RENDEZVOUS,2,2030-10-15T00:00:00Z,2038-10-13T00:00:00Z,2920,23.318424,18.452952,543.748892,3541.281,REFINED_GROUPED_LAMBERT_GRID
2030,COMET_HALLEY,1P/Halley,LANDING_PROSPECTING,5,2030-11-15T00:00:00Z,2038-11-13T00:00:00Z,2920,31.97681,18.186161,1022.516393,7493.766,REFINED_GROUPED_LAMBERT_GRID
2030,COMET_HALLEY,1P/Halley,CARGO_DELIVERY,20,2030-12-15T00:00:00Z,2038-12-13T00:00:00Z,2920,41.874963,17.954438,1753.512548,29066.011,REFINED_GROUPED_LAMBERT_GRID
2030,COMET_HALLEY,1P/Halley,CREWED_TRANSPORT,100,2030-12-15T00:00:00Z,2038-12-13T00:00:00Z,2920,41.874963,17.954438,1753.512548,140521.623,REFINED_GROUPED_LAMBERT_GRID
2031,COMET_HALLEY,1P/Halley,FLYBY,1,2031-09-15T00:00:00Z,2039-09-13T00:00:00Z,2920,19.85114,18.504825,394.067758,926.276,REFINED_GROUPED_LAMBERT_GRID
2031,COMET_HALLEY,1P/Halley,ORBITAL_RECON,2,2031-10-15T00:00:00Z,2039-10-13T00:00:00Z,2920,23.340705,18.285942,544.788521,3453.911,REFINED_GROUPED_LAMBERT_GRID
2031,COMET_HALLEY,1P/Halley,RENDEZVOUS,2,2031-10-15T00:00:00Z,2039-10-13T00:00:00Z,2920,23.340705,18.285942,544.788521,3453.911,REFINED_GROUPED_LAMBERT_GRID
2031,COMET_HALLEY,1P/Halley,LANDING_PROSPECTING,5,2031-11-15T00:00:00Z,2039-11-13T00:00:00Z,2920,32.028908,18.015828,1025.850961,7284.399,REFINED_GROUPED_LAMBERT_GRID
2031,COMET_HALLEY,1P/Halley,CARGO_DELIVERY,20,2031-12-15T00:00:00Z,2039-12-13T00:00:00Z,2920,41.893832,17.78112,1755.093174,28045.916,REFINED_GROUPED_LAMBERT_GRID
2031,COMET_HALLEY,1P/Halley,CREWED_TRANSPORT,100,2031-12-15T00:00:00Z,2039-12-13T00:00:00Z,2920,41.893832,17.78112,1755.093174,135417.355,REFINED_GROUPED_LAMBERT_GRID
2032,COMET_HALLEY,1P/Halley,FLYBY,1,2032-09-15T00:00:00Z,2040-09-13T00:00:00Z,2920,19.759368,18.310379,390.432607,924.095,REFINED_GROUPED_LAMBERT_GRID
2032,COMET_HALLEY,1P/Halley,ORBITAL_RECON,2,2032-10-15T00:00:00Z,2040-10-13T00:00:00Z,2920,23.625777,18.0856,558.177338,3360.609,REFINED_GROUPED_LAMBERT_GRID
2032,COMET_HALLEY,1P/Halley,RENDEZVOUS,2,2032-10-15T00:00:00Z,2040-10-13T00:00:00Z,2920,23.625777,18.0856,558.177338,3360.609,REFINED_GROUPED_LAMBERT_GRID
2032,COMET_HALLEY,1P/Halley,LANDING_PROSPECTING,5,2032-11-15T00:00:00Z,2040-11-13T00:00:00Z,2920,32.40525,17.811426,1050.100228,7055.643,REFINED_GROUPED_LAMBERT_GRID
2032,COMET_HALLEY,1P/Halley,CARGO_DELIVERY,20,2032-12-15T00:00:00Z,2040-12-13T00:00:00Z,2920,42.224306,17.575327,1782.891982,26900.211,REFINED_GROUPED_LAMBERT_GRID
2032,COMET_HALLEY,1P/Halley,CREWED_TRANSPORT,100,2032-12-15T00:00:00Z,2040-12-13T00:00:00Z,2920,42.224306,17.575327,1782.891982,129622.113,REFINED_GROUPED_LAMBERT_GRID
2033,COMET_HALLEY,1P/Halley,FLYBY,1,2033-09-15T00:00:00Z,2041-09-13T00:00:00Z,2920,19.661257,18.095979,386.565045,921.775,REFINED_GROUPED_LAMBERT_GRID
2033,COMET_HALLEY,1P/Halley,ORBITAL_RECON,2,2033-10-15T00:00:00Z,2041-10-13T00:00:00Z,2920,23.656382,17.867537,559.624421,3256.187,REFINED_GROUPED_LAMBERT_GRID
2033,COMET_HALLEY,1P/Halley,RENDEZVOUS,2,2033-10-15T00:00:00Z,2041-10-13T00:00:00Z,2920,23.656382,17.867537,559.624421,3256.187,REFINED_GROUPED_LAMBERT_GRID
2033,COMET_HALLEY,1P/Halley,LANDING_PROSPECTING,5,2033-11-15T00:00:00Z,2041-11-13T00:00:00Z,2920,32.447141,17.589484,1052.816963,6805.309,REFINED_GROUPED_LAMBERT_GRID
2033,COMET_HALLEY,1P/Halley,CARGO_DELIVERY,20,2033-12-15T00:00:00Z,2041-12-13T00:00:00Z,2920,42.21965,17.349708,1782.498866,25685.235,REFINED_GROUPED_LAMBERT_GRID
2033,COMET_HALLEY,1P/Halley,CREWED_TRANSPORT,100,2033-12-15T00:00:00Z,2041-12-13T00:00:00Z,2920,42.21965,17.349708,1782.498866,123548.177,REFINED_GROUPED_LAMBERT_GRID
2034,COMET_HALLEY,1P/Halley,FLYBY,1,2034-09-15T00:00:00Z,2042-09-13T00:00:00Z,2920,19.573457,17.855513,383.120225,919.708,REFINED_GROUPED_LAMBERT_GRID
2034,COMET_HALLEY,1P/Halley,ORBITAL_RECON,2,2034-09-15T00:00:00Z,2042-09-13T00:00:00Z,2920,19.573457,17.855513,383.120225,3144.626,REFINED_GROUPED_LAMBERT_GRID
2034,COMET_HALLEY,1P/Halley,RENDEZVOUS,2,2034-09-15T00:00:00Z,2042-09-13T00:00:00Z,2920,19.573457,17.855513,383.120225,3144.626,REFINED_GROUPED_LAMBERT_GRID
2034,COMET_HALLEY,1P/Halley,LANDING_PROSPECTING,5,2034-11-15T00:00:00Z,2042-11-13T00:00:00Z,2920,32.537918,17.340431,1058.716139,6540.514,REFINED_GROUPED_LAMBERT_GRID
2034,COMET_HALLEY,1P/Halley,CARGO_DELIVERY,20,2034-12-15T00:00:00Z,2042-12-13T00:00:00Z,2920,42.254938,17.096738,1785.479781,24395.519,REFINED_GROUPED_LAMBERT_GRID
2034,COMET_HALLEY,1P/Halley,CREWED_TRANSPORT,100,2034-12-15T00:00:00Z,2042-12-13T00:00:00Z,2920,42.254938,17.096738,1785.479781,117092.445,REFINED_GROUPED_LAMBERT_GRID
2035,COMET_HALLEY,1P/Halley,FLYBY,1,2035-09-15T00:00:00Z,2043-09-13T00:00:00Z,2920,19.511276,17.588746,380.68988,918.25,REFINED_GROUPED_LAMBERT_GRID
2035,COMET_HALLEY,1P/Halley,ORBITAL_RECON,2,2035-09-15T00:00:00Z,2043-09-13T00:00:00Z,2920,19.511276,17.588746,380.68988,3021.436,REFINED_GROUPED_LAMBERT_GRID
2035,COMET_HALLEY,1P/Halley,RENDEZVOUS,2,2035-09-15T00:00:00Z,2043-09-13T00:00:00Z,2920,19.511276,17.588746,380.68988,3021.436,REFINED_GROUPED_LAMBERT_GRID
2035,COMET_HALLEY,1P/Halley,LANDING_PROSPECTING,5,2035-10-15T00:00:00Z,2043-10-13T00:00:00Z,2920,23.817598,17.351822,567.277959,6257.602,REFINED_GROUPED_LAMBERT_GRID
2035,COMET_HALLEY,1P/Halley,CARGO_DELIVERY,20,2035-12-15T00:00:00Z,2043-12-13T00:00:00Z,2920,42.26154,16.816634,1786.037758,23048.026,REFINED_GROUPED_LAMBERT_GRID
2035,COMET_HALLEY,1P/Halley,CREWED_TRANSPORT,100,2035-12-15T00:00:00Z,2043-12-13T00:00:00Z,2920,42.26154,16.816634,1786.037758,110353.638,REFINED_GROUPED_LAMBERT_GRID
2026,DACTYL,Dactyl,FLYBY,1,,,,,,,,NO_TRAJECTORY
2026,DACTYL,Dactyl,ORBITAL_RECON,2,,,,,,,,NO_TRAJECTORY
2026,DACTYL,Dactyl,RENDEZVOUS,2,,,,,,,,NO_TRAJECTORY
2026,DACTYL,Dactyl,LANDING_PROSPECTING,5,,,,,,,,NO_TRAJECTORY
2026,DACTYL,Dactyl,CARGO_DELIVERY,20,,,,,,,,NO_TRAJECTORY
2026,DACTYL,Dactyl,CREWED_TRANSPORT,100,,,,,,,,NO_TRAJECTORY
2027,DACTYL,Dactyl,FLYBY,1,,,,,,,,NO_TRAJECTORY
2027,DACTYL,Dactyl,ORBITAL_RECON,2,,,,,,,,NO_TRAJECTORY
2027,DACTYL,Dactyl,RENDEZVOUS,2,,,,,,,,NO_TRAJECTORY
2027,DACTYL,Dactyl,LANDING_PROSPECTING,5,,,,,,,,NO_TRAJECTORY
2027,DACTYL,Dactyl,CARGO_DELIVERY,20,,,,,,,,NO_TRAJECTORY
2027,DACTYL,Dactyl,CREWED_TRANSPORT,100,,,,,,,,NO_TRAJECTORY
2028,DACTYL,Dactyl,FLYBY,1,,,,,,,,NO_TRAJECTORY
2028,DACTYL,Dactyl,ORBITAL_RECON,2,,,,,,,,NO_TRAJECTORY
2028,DACTYL,Dactyl,RENDEZVOUS,2,,,,,,,,NO_TRAJECTORY
2028,DACTYL,Dactyl,LANDING_PROSPECTING,5,,,,,,,,NO_TRAJECTORY
2028,DACTYL,Dactyl,CARGO_DELIVERY,20,,,,,,,,NO_TRAJECTORY
2028,DACTYL,Dactyl,CREWED_TRANSPORT,100,,,,,,,,NO_TRAJECTORY
2029,DACTYL,Dactyl,FLYBY,1,,,,,,,,NO_TRAJECTORY
2029,DACTYL,Dactyl,ORBITAL_RECON,2,,,,,,,,NO_TRAJECTORY
2029,DACTYL,Dactyl,RENDEZVOUS,2,,,,,,,,NO_TRAJECTORY
2029,DACTYL,Dactyl,LANDING_PROSPECTING,5,,,,,,,,NO_TRAJECTORY
2029,DACTYL,Dactyl,CARGO_DELIVERY,20,,,,,,,,NO_TRAJECTORY
2029,DACTYL,Dactyl,CREWED_TRANSPORT,100,,,,,,,,NO_TRAJECTORY
2030,DACTYL,Dactyl,FLYBY,1,,,,,,,,NO_TRAJECTORY
2030,DACTYL,Dactyl,ORBITAL_RECON,2,,,,,,,,NO_TRAJECTORY
2030,DACTYL,Dactyl,RENDEZVOUS,2,,,,,,,,NO_TRAJECTORY
2030,DACTYL,Dactyl,LANDING_PROSPECTING,5,,,,,,,,NO_TRAJECTORY
2030,DACTYL,Dactyl,CARGO_DELIVERY,20,,,,,,,,NO_TRAJECTORY
2030,DACTYL,Dactyl,CREWED_TRANSPORT,100,,,,,,,,NO_TRAJECTORY
2031,DACTYL,Dactyl,FLYBY,1,,,,,,,,NO_TRAJECTORY
2031,DACTYL,Dactyl,ORBITAL_RECON,2,,,,,,,,NO_TRAJECTORY
2031,DACTYL,Dactyl,RENDEZVOUS,2,,,,,,,,NO_TRAJECTORY
2031,DACTYL,Dactyl,LANDING_PROSPECTING,5,,,,,,,,NO_TRAJECTORY
2031,DACTYL,Dactyl,CARGO_DELIVERY,20,,,,,,,,NO_TRAJECTORY
2031,DACTYL,Dactyl,CREWED_TRANSPORT,100,,,,,,,,NO_TRAJECTORY
2032,DACTYL,Dactyl,FLYBY,1,,,,,,,,NO_TRAJECTORY
2032,DACTYL,Dactyl,ORBITAL_RECON,2,,,,,,,,NO_TRAJECTORY
2032,DACTYL,Dactyl,RENDEZVOUS,2,,,,,,,,NO_TRAJECTORY
2032,DACTYL,Dactyl,LANDING_PROSPECTING,5,,,,,,,,NO_TRAJECTORY
2032,DACTYL,Dactyl,CARGO_DELIVERY,20,,,,,,,,NO_TRAJECTORY
2032,DACTYL,Dactyl,CREWED_TRANSPORT,100,,,,,,,,NO_TRAJECTORY
2033,DACTYL,Dactyl,FLYBY,1,,,,,,,,NO_TRAJECTORY
2033,DACTYL,Dactyl,ORBITAL_RECON,2,,,,,,,,NO_TRAJECTORY
2033,DACTYL,Dactyl,RENDEZVOUS,2,,,,,,,,NO_TRAJECTORY
2033,DACTYL,Dactyl,LANDING_PROSPECTING,5,,,,,,,,NO_TRAJECTORY
2033,DACTYL,Dactyl,CARGO_DELIVERY,20,,,,,,,,NO_TRAJECTORY
2033,DACTYL,Dactyl,CREWED_TRANSPORT,100,,,,,,,,NO_TRAJECTORY
2034,DACTYL,Dactyl,FLYBY,1,,,,,,,,NO_TRAJECTORY
2034,DACTYL,Dactyl,ORBITAL_RECON,2,,,,,,,,NO_TRAJECTORY
2034,DACTYL,Dactyl,RENDEZVOUS,2,,,,,,,,NO_TRAJECTORY
2034,DACTYL,Dactyl,LANDING_PROSPECTING,5,,,,,,,,NO_TRAJECTORY
2034,DACTYL,Dactyl,CARGO_DELIVERY,20,,,,,,,,NO_TRAJECTORY
2034,DACTYL,Dactyl,CREWED_TRANSPORT,100,,,,,,,,NO_TRAJECTORY
2035,DACTYL,Dactyl,FLYBY,1,,,,,,,,NO_TRAJECTORY
2035,DACTYL,Dactyl,ORBITAL_RECON,2,,,,,,,,NO_TRAJECTORY
2035,DACTYL,Dactyl,RENDEZVOUS,2,,,,,,,,NO_TRAJECTORY
2035,DACTYL,Dactyl,LANDING_PROSPECTING,5,,,,,,,,NO_TRAJECTORY
2035,DACTYL,Dactyl,CARGO_DELIVERY,20,,,,,,,,NO_TRAJECTORY
2035,DACTYL,Dactyl,CREWED_TRANSPORT,100,,,,,,,,NO_TRAJECTORY
2026,DAVIDA,511 Davida,FLYBY,1,2026-01-15T00:00:00Z,2028-01-15T00:00:00Z,730,14.307881,5.08331,204.715459,632.788,EXISTING_SCREEN_SINGLE_CANDIDATE
2026,DAVIDA,511 Davida,ORBITAL_RECON,2,2026-01-15T00:00:00Z,2028-01-15T00:00:00Z,730,14.307881,5.08331,204.715459,866.568,EXISTING_SCREEN_SINGLE_CANDIDATE
2026,DAVIDA,511 Davida,RENDEZVOUS,2,2026-01-15T00:00:00Z,2028-01-15T00:00:00Z,730,14.307881,5.08331,204.715459,866.568,EXISTING_SCREEN_SINGLE_CANDIDATE
2026,DAVIDA,511 Davida,LANDING_PROSPECTING,5,2026-01-15T00:00:00Z,2028-01-15T00:00:00Z,730,14.307881,5.08331,204.715459,1442.238,EXISTING_SCREEN_SINGLE_CANDIDATE
2026,DAVIDA,511 Davida,CARGO_DELIVERY,20,2026-01-15T00:00:00Z,2028-01-15T00:00:00Z,730,14.307881,5.08331,204.715459,2480.035,EXISTING_SCREEN_SINGLE_CANDIDATE
2026,DAVIDA,511 Davida,CREWED_TRANSPORT,100,2026-01-15T00:00:00Z,2028-01-15T00:00:00Z,730,14.307881,5.08331,204.715459,11308.859,EXISTING_SCREEN_SINGLE_CANDIDATE
2027,DAVIDA,511 Davida,FLYBY,1,2027-01-15T00:00:00Z,2029-01-14T00:00:00Z,730,16.356655,4.667429,267.540163,670.483,EXISTING_SCREEN_SINGLE_CANDIDATE
2027,DAVIDA,511 Davida,ORBITAL_RECON,2,2027-01-15T00:00:00Z,2029-01-14T00:00:00Z,730,16.356655,4.667429,267.540163,893.336,EXISTING_SCREEN_SINGLE_CANDIDATE
2027,DAVIDA,511 Davida,RENDEZVOUS,2,2027-01-15T00:00:00Z,2029-01-14T00:00:00Z,730,16.356655,4.667429,267.540163,893.336,EXISTING_SCREEN_SINGLE_CANDIDATE
2027,DAVIDA,511 Davida,LANDING_PROSPECTING,5,2027-01-15T00:00:00Z,2029-01-14T00:00:00Z,730,16.356655,4.667429,267.540163,1452.615,EXISTING_SCREEN_SINGLE_CANDIDATE
2027,DAVIDA,511 Davida,CARGO_DELIVERY,20,2027-01-15T00:00:00Z,2029-01-14T00:00:00Z,730,16.356655,4.667429,267.540163,2381.145,EXISTING_SCREEN_SINGLE_CANDIDATE
2027,DAVIDA,511 Davida,CREWED_TRANSPORT,100,2027-01-15T00:00:00Z,2029-01-14T00:00:00Z,730,16.356655,4.667429,267.540163,10663.63,EXISTING_SCREEN_SINGLE_CANDIDATE
2028,DAVIDA,511 Davida,FLYBY,1,2028-01-15T00:00:00Z,2030-01-14T00:00:00Z,730,15.676913,6.258402,245.765601,657.418,EXISTING_SCREEN_SINGLE_CANDIDATE
2028,DAVIDA,511 Davida,ORBITAL_RECON,2,2028-01-15T00:00:00Z,2030-01-14T00:00:00Z,730,15.676913,6.258402,245.765601,928.134,EXISTING_SCREEN_SINGLE_CANDIDATE
2028,DAVIDA,511 Davida,RENDEZVOUS,2,2028-01-15T00:00:00Z,2030-01-14T00:00:00Z,730,15.676913,6.258402,245.765601,928.134,EXISTING_SCREEN_SINGLE_CANDIDATE
2028,DAVIDA,511 Davida,LANDING_PROSPECTING,5,2028-01-15T00:00:00Z,2030-01-14T00:00:00Z,730,15.676913,6.258402,245.765601,1559.207,EXISTING_SCREEN_SINGLE_CANDIDATE
2028,DAVIDA,511 Davida,CARGO_DELIVERY,20,2028-01-15T00:00:00Z,2030-01-14T00:00:00Z,730,15.676913,6.258402,245.765601,2966.362,EXISTING_SCREEN_SINGLE_CANDIDATE
2028,DAVIDA,511 Davida,CREWED_TRANSPORT,100,2028-01-15T00:00:00Z,2030-01-14T00:00:00Z,730,15.676913,6.258402,245.765601,13641.97,EXISTING_SCREEN_SINGLE_CANDIDATE
2029,DAVIDA,511 Davida,FLYBY,1,2029-07-15T00:00:00Z,2031-07-15T00:00:00Z,730,12.719168,9.996505,161.777235,607.025,EXISTING_SCREEN_SINGLE_CANDIDATE
2029,DAVIDA,511 Davida,ORBITAL_RECON,2,2029-07-15T00:00:00Z,2031-07-15T00:00:00Z,730,12.719168,9.996505,161.777235,1085.851,EXISTING_SCREEN_SINGLE_CANDIDATE
2029,DAVIDA,511 Davida,RENDEZVOUS,2,2029-07-15T00:00:00Z,2031-07-15T00:00:00Z,730,12.719168,9.996505,161.777235,1085.851,EXISTING_SCREEN_SINGLE_CANDIDATE
2029,DAVIDA,511 Davida,LANDING_PROSPECTING,5,2029-07-15T00:00:00Z,2031-07-15T00:00:00Z,730,12.719168,9.996505,161.777235,2029.09,EXISTING_SCREEN_SINGLE_CANDIDATE
2029,DAVIDA,511 Davida,CARGO_DELIVERY,20,2029-07-15T00:00:00Z,2031-07-15T00:00:00Z,730,12.719168,9.996505,161.777235,5517.35,EXISTING_SCREEN_SINGLE_CANDIDATE
2029,DAVIDA,511 Davida,CREWED_TRANSPORT,100,2029-07-15T00:00:00Z,2031-07-15T00:00:00Z,730,12.719168,9.996505,161.777235,26598.486,EXISTING_SCREEN_SINGLE_CANDIDATE
2030,DAVIDA,511 Davida,FLYBY,1,2030-07-15T00:00:00Z,2031-07-15T00:00:00Z,365,15.247542,6.826091,232.487537,619.472,EXISTING_SCREEN_SINGLE_CANDIDATE
2030,DAVIDA,511 Davida,ORBITAL_RECON,2,2030-07-15T00:00:00Z,2031-07-15T00:00:00Z,365,15.247542,6.826091,232.487537,911.797,EXISTING_SCREEN_SINGLE_CANDIDATE
2030,DAVIDA,511 Davida,RENDEZVOUS,2,2030-07-15T00:00:00Z,2031-07-15T00:00:00Z,365,15.247542,6.826091,232.487537,911.797,EXISTING_SCREEN_SINGLE_CANDIDATE
2030,DAVIDA,511 Davida,LANDING_PROSPECTING,5,2030-07-15T00:00:00Z,2031-07-15T00:00:00Z,365,15.247542,6.826091,232.487537,1575.283,EXISTING_SCREEN_SINGLE_CANDIDATE
2030,DAVIDA,511 Davida,CARGO_DELIVERY,20,2030-07-15T00:00:00Z,2031-07-15T00:00:00Z,365,15.247542,6.826091,232.487537,3198.529,EXISTING_SCREEN_SINGLE_CANDIDATE
2030,DAVIDA,511 Davida,CREWED_TRANSPORT,100,2030-07-15T00:00:00Z,2031-07-15T00:00:00Z,365,15.247542,6.826091,232.487537,14834.677,EXISTING_SCREEN_SINGLE_CANDIDATE
2031,DAVIDA,511 Davida,FLYBY,1,2031-01-15T00:00:00Z,2035-01-14T00:00:00Z,1460,14.146309,8.109269,200.118058,689.989,EXISTING_SCREEN_SINGLE_CANDIDATE
2031,DAVIDA,511 Davida,ORBITAL_RECON,2,2031-01-15T00:00:00Z,2035-01-14T00:00:00Z,1460,14.146309,8.109269,200.118058,1042.474,EXISTING_SCREEN_SINGLE_CANDIDATE
2031,DAVIDA,511 Davida,RENDEZVOUS,2,2031-01-15T00:00:00Z,2035-01-14T00:00:00Z,1460,14.146309,8.109269,200.118058,1042.474,EXISTING_SCREEN_SINGLE_CANDIDATE
2031,DAVIDA,511 Davida,LANDING_PROSPECTING,5,2031-01-15T00:00:00Z,2035-01-14T00:00:00Z,1460,14.146309,8.109269,200.118058,1796.201,EXISTING_SCREEN_SINGLE_CANDIDATE
2031,DAVIDA,511 Davida,CARGO_DELIVERY,20,2031-01-15T00:00:00Z,2035-01-14T00:00:00Z,1460,14.146309,8.109269,200.118058,4021.049,EXISTING_SCREEN_SINGLE_CANDIDATE
2031,DAVIDA,511 Davida,CREWED_TRANSPORT,100,2031-01-15T00:00:00Z,2035-01-14T00:00:00Z,1460,14.146309,8.109269,200.118058,19024.963,EXISTING_SCREEN_SINGLE_CANDIDATE
2032,DAVIDA,511 Davida,FLYBY,1,2032-01-15T00:00:00Z,2034-01-14T00:00:00Z,730,11.111762,4.415026,123.471255,584.042,EXISTING_SCREEN_SINGLE_CANDIDATE
2032,DAVIDA,511 Davida,ORBITAL_RECON,2,2032-01-15T00:00:00Z,2034-01-14T00:00:00Z,730,11.111762,4.415026,123.471255,800.739,EXISTING_SCREEN_SINGLE_CANDIDATE
2032,DAVIDA,511 Davida,RENDEZVOUS,2,2032-01-15T00:00:00Z,2034-01-14T00:00:00Z,730,11.111762,4.415026,123.471255,800.739,EXISTING_SCREEN_SINGLE_CANDIDATE
2032,DAVIDA,511 Davida,LANDING_PROSPECTING,5,2032-01-15T00:00:00Z,2034-01-14T00:00:00Z,730,11.111762,4.415026,123.471255,1350.785,EXISTING_SCREEN_SINGLE_CANDIDATE
2032,DAVIDA,511 Davida,CARGO_DELIVERY,20,2032-01-15T00:00:00Z,2034-01-14T00:00:00Z,730,11.111762,4.415026,123.471255,2217.759,EXISTING_SCREEN_SINGLE_CANDIDATE
2032,DAVIDA,511 Davida,CREWED_TRANSPORT,100,2032-01-15T00:00:00Z,2034-01-14T00:00:00Z,730,11.111762,4.415026,123.471255,10192.462,EXISTING_SCREEN_SINGLE_CANDIDATE
2033,DAVIDA,511 Davida,FLYBY,1,2033-01-15T00:00:00Z,2035-01-15T00:00:00Z,730,13.852897,4.691433,191.902755,625.101,EXISTING_SCREEN_SINGLE_CANDIDATE
2033,DAVIDA,511 Davida,ORBITAL_RECON,2,2033-01-15T00:00:00Z,2035-01-15T00:00:00Z,730,13.852897,4.691433,191.902755,848.557,EXISTING_SCREEN_SINGLE_CANDIDATE
2033,DAVIDA,511 Davida,RENDEZVOUS,2,2033-01-15T00:00:00Z,2035-01-15T00:00:00Z,730,13.852897,4.691433,191.902755,848.557,EXISTING_SCREEN_SINGLE_CANDIDATE
2033,DAVIDA,511 Davida,LANDING_PROSPECTING,5,2033-01-15T00:00:00Z,2035-01-15T00:00:00Z,730,13.852897,4.691433,191.902755,1408.742,EXISTING_SCREEN_SINGLE_CANDIDATE
2033,DAVIDA,511 Davida,CARGO_DELIVERY,20,2033-01-15T00:00:00Z,2035-01-15T00:00:00Z,730,13.852897,4.691433,191.902755,2343.308,EXISTING_SCREEN_SINGLE_CANDIDATE
2033,DAVIDA,511 Davida,CREWED_TRANSPORT,100,2033-01-15T00:00:00Z,2035-01-15T00:00:00Z,730,13.852897,4.691433,191.902755,10655.972,EXISTING_SCREEN_SINGLE_CANDIDATE
2034,DAVIDA,511 Davida,FLYBY,1,2034-07-15T00:00:00Z,2036-07-14T00:00:00Z,730,16.698895,11.095387,278.853094,677.271,EXISTING_SCREEN_SINGLE_CANDIDATE
2034,DAVIDA,511 Davida,ORBITAL_RECON,2,2034-07-15T00:00:00Z,2036-07-14T00:00:00Z,730,16.698895,11.095387,278.853094,1258.112,EXISTING_SCREEN_SINGLE_CANDIDATE
2034,DAVIDA,511 Davida,RENDEZVOUS,2,2034-07-15T00:00:00Z,2036-07-14T00:00:00Z,730,16.698895,11.095387,278.853094,1258.112,EXISTING_SCREEN_SINGLE_CANDIDATE
2034,DAVIDA,511 Davida,LANDING_PROSPECTING,5,2034-07-15T00:00:00Z,2036-07-14T00:00:00Z,730,16.698895,11.095387,278.853094,2354.374,EXISTING_SCREEN_SINGLE_CANDIDATE
2034,DAVIDA,511 Davida,CARGO_DELIVERY,20,2034-07-15T00:00:00Z,2036-07-14T00:00:00Z,730,16.698895,11.095387,278.853094,6862.787,EXISTING_SCREEN_SINGLE_CANDIDATE
2034,DAVIDA,511 Davida,CREWED_TRANSPORT,100,2034-07-15T00:00:00Z,2036-07-14T00:00:00Z,730,16.698895,11.095387,278.853094,33044.685,EXISTING_SCREEN_SINGLE_CANDIDATE
2035,DAVIDA,511 Davida,FLYBY,1,2035-07-15T00:00:00Z,2036-07-14T00:00:00Z,365,10.614973,6.722234,112.677652,547.586,EXISTING_SCREEN_SINGLE_CANDIDATE
2035,DAVIDA,511 Davida,ORBITAL_RECON,2,2035-07-15T00:00:00Z,2036-07-14T00:00:00Z,365,10.614973,6.722234,112.677652,835.751,EXISTING_SCREEN_SINGLE_CANDIDATE
2035,DAVIDA,511 Davida,RENDEZVOUS,2,2035-07-15T00:00:00Z,2036-07-14T00:00:00Z,365,10.614973,6.722234,112.677652,835.751,EXISTING_SCREEN_SINGLE_CANDIDATE
2035,DAVIDA,511 Davida,LANDING_PROSPECTING,5,2035-07-15T00:00:00Z,2036-07-14T00:00:00Z,365,10.614973,6.722234,112.677652,1492.998,EXISTING_SCREEN_SINGLE_CANDIDATE
2035,DAVIDA,511 Davida,CARGO_DELIVERY,20,2035-07-15T00:00:00Z,2036-07-14T00:00:00Z,365,10.614973,6.722234,112.677652,3074.647,EXISTING_SCREEN_SINGLE_CANDIDATE
2035,DAVIDA,511 Davida,CREWED_TRANSPORT,100,2035-07-15T00:00:00Z,2036-07-14T00:00:00Z,365,10.614973,6.722234,112.677652,14502.807,EXISTING_SCREEN_SINGLE_CANDIDATE
2026,DEIMOS,Deimos,FLYBY,1,2026-11-15T00:00:00Z,2027-05-14T00:00:00Z,180,4.274978,7.271316,18.275436,475.75,REFINED_GROUPED_LAMBERT_GRID
2026,DEIMOS,Deimos,ORBITAL_RECON,2,2026-10-15T00:00:00Z,2027-10-15T00:00:00Z,365,3.627291,3.147599,13.157243,657.262,REFINED_GROUPED_LAMBERT_GRID
2026,DEIMOS,Deimos,RENDEZVOUS,2,2026-10-15T00:00:00Z,2027-10-15T00:00:00Z,365,3.627291,3.147599,13.157243,657.262,REFINED_GROUPED_LAMBERT_GRID
2026,DEIMOS,Deimos,LANDING_PROSPECTING,5,2026-10-15T00:00:00Z,2027-10-15T00:00:00Z,365,3.627291,3.147599,13.157243,1136.345,REFINED_GROUPED_LAMBERT_GRID
2026,DEIMOS,Deimos,CARGO_DELIVERY,20,2026-10-15T00:00:00Z,2027-10-15T00:00:00Z,365,3.627291,3.147599,13.157243,1530.232,REFINED_GROUPED_LAMBERT_GRID
2026,DEIMOS,Deimos,CREWED_TRANSPORT,100,2026-09-15T00:00:00Z,2027-09-15T00:00:00Z,365,5.113331,3.09195,26.14615,7002.254,REFINED_GROUPED_LAMBERT_GRID
2027,DEIMOS,Deimos,FLYBY,1,2027-01-15T00:00:00Z,2028-01-15T00:00:00Z,365,5.399391,6.356331,29.153419,497.472,REFINED_GROUPED_LAMBERT_GRID
2027,DEIMOS,Deimos,ORBITAL_RECON,2,2027-01-15T00:00:00Z,2027-07-14T00:00:00Z,180,9.750546,4.334336,95.073155,701.712,REFINED_GROUPED_LAMBERT_GRID
2027,DEIMOS,Deimos,RENDEZVOUS,2,2027-01-15T00:00:00Z,2027-07-14T00:00:00Z,180,9.750546,4.334336,95.073155,701.712,REFINED_GROUPED_LAMBERT_GRID
2027,DEIMOS,Deimos,LANDING_PROSPECTING,5,2027-01-15T00:00:00Z,2027-07-14T00:00:00Z,180,9.750546,4.334336,95.073155,1196.538,REFINED_GROUPED_LAMBERT_GRID
2027,DEIMOS,Deimos,CARGO_DELIVERY,20,2027-01-15T00:00:00Z,2027-07-14T00:00:00Z,180,9.750546,4.334336,95.073155,1695.377,REFINED_GROUPED_LAMBERT_GRID
2027,DEIMOS,Deimos,CREWED_TRANSPORT,100,2027-01-15T00:00:00Z,2027-07-14T00:00:00Z,180,9.750546,4.334336,95.073155,7648.71,REFINED_GROUPED_LAMBERT_GRID
2028,DEIMOS,Deimos,FLYBY,1,2028-12-15T00:00:00Z,2029-06-13T00:00:00Z,180,3.676456,7.50442,13.516329,472.894,REFINED_GROUPED_LAMBERT_GRID
2028,DEIMOS,Deimos,ORBITAL_RECON,2,2028-11-15T00:00:00Z,2029-11-15T00:00:00Z,365,3.908012,4.371095,15.272561,669.414,REFINED_GROUPED_LAMBERT_GRID
2028,DEIMOS,Deimos,RENDEZVOUS,2,2028-11-15T00:00:00Z,2029-11-15T00:00:00Z,365,3.908012,4.371095,15.272561,669.414,REFINED_GROUPED_LAMBERT_GRID
2028,DEIMOS,Deimos,LANDING_PROSPECTING,5,2028-10-15T00:00:00Z,2029-10-15T00:00:00Z,365,5.186506,4.05267,26.899842,1163.739,REFINED_GROUPED_LAMBERT_GRID
2028,DEIMOS,Deimos,CARGO_DELIVERY,20,2028-10-15T00:00:00Z,2029-10-15T00:00:00Z,365,5.186506,4.05267,26.899842,1634.216,REFINED_GROUPED_LAMBERT_GRID
2028,DEIMOS,Deimos,CREWED_TRANSPORT,100,2028-10-15T00:00:00Z,2029-10-15T00:00:00Z,365,5.186506,4.05267,26.899842,7506.52,REFINED_GROUPED_LAMBERT_GRID
2029,DEIMOS,Deimos,FLYBY,1,2029-01-15T00:00:00Z,2029-07-14T00:00:00Z,180,4.85899,5.306034,23.609783,478.95,REFINED_GROUPED_LAMBERT_GRID
2029,DEIMOS,Deimos,ORBITAL_RECON,2,2029-01-15T00:00:00Z,2029-07-14T00:00:00Z,180,4.85899,5.306034,23.609783,670.44,REFINED_GROUPED_LAMBERT_GRID
2029,DEIMOS,Deimos,RENDEZVOUS,2,2029-01-15T00:00:00Z,2029-07-14T00:00:00Z,180,4.85899,5.306034,23.609783,670.44,REFINED_GROUPED_LAMBERT_GRID
2029,DEIMOS,Deimos,LANDING_PROSPECTING,5,2029-02-15T00:00:00Z,2029-08-14T00:00:00Z,180,8.249255,4.385012,68.050214,1181.66,REFINED_GROUPED_LAMBERT_GRID
2029,DEIMOS,Deimos,CARGO_DELIVERY,20,2029-02-15T00:00:00Z,2029-08-14T00:00:00Z,180,8.249255,4.385012,68.050214,1685.842,REFINED_GROUPED_LAMBERT_GRID
2029,DEIMOS,Deimos,CREWED_TRANSPORT,100,2029-02-15T00:00:00Z,2029-08-14T00:00:00Z,180,8.249255,4.385012,68.050214,7665.892,REFINED_GROUPED_LAMBERT_GRID
2030,DEIMOS,Deimos,FLYBY,1,2030-12-15T00:00:00Z,2031-06-13T00:00:00Z,180,5.856396,9.47221,34.297372,485.363,REFINED_GROUPED_LAMBERT_GRID
2030,DEIMOS,Deimos,ORBITAL_RECON,2,2030-12-15T00:00:00Z,2031-12-15T00:00:00Z,365,5.533014,6.194159,30.614247,703.223,REFINED_GROUPED_LAMBERT_GRID
2030,DEIMOS,Deimos,RENDEZVOUS,2,2030-12-15T00:00:00Z,2031-12-15T00:00:00Z,365,5.533014,6.194159,30.614247,703.223,REFINED_GROUPED_LAMBERT_GRID
2030,DEIMOS,Deimos,LANDING_PROSPECTING,5,2030-11-15T00:00:00Z,2031-11-15T00:00:00Z,365,6.538204,6.008824,42.748109,1235.23,REFINED_GROUPED_LAMBERT_GRID
2030,DEIMOS,Deimos,CARGO_DELIVERY,20,2030-11-15T00:00:00Z,2031-11-15T00:00:00Z,365,6.538204,6.008824,42.748109,1953.636,REFINED_GROUPED_LAMBERT_GRID
2030,DEIMOS,Deimos,CREWED_TRANSPORT,100,2030-11-15T00:00:00Z,2031-11-15T00:00:00Z,365,6.538204,6.008824,42.748109,9065.584,REFINED_GROUPED_LAMBERT_GRID
2031,DEIMOS,Deimos,FLYBY,1,2031-02-15T00:00:00Z,2031-08-14T00:00:00Z,180,3.442859,5.04673,11.853277,471.896,REFINED_GROUPED_LAMBERT_GRID
2031,DEIMOS,Deimos,ORBITAL_RECON,2,2031-03-15T00:00:00Z,2031-09-11T00:00:00Z,180,5.37091,4.072316,28.846669,659.331,REFINED_GROUPED_LAMBERT_GRID
2031,DEIMOS,Deimos,RENDEZVOUS,2,2031-03-15T00:00:00Z,2031-09-11T00:00:00Z,180,5.37091,4.072316,28.846669,659.331,REFINED_GROUPED_LAMBERT_GRID
2031,DEIMOS,Deimos,LANDING_PROSPECTING,5,2031-03-15T00:00:00Z,2031-09-11T00:00:00Z,180,5.37091,4.072316,28.846669,1150.188,REFINED_GROUPED_LAMBERT_GRID
2031,DEIMOS,Deimos,CARGO_DELIVERY,20,2031-03-15T00:00:00Z,2031-09-11T00:00:00Z,180,5.37091,4.072316,28.846669,1622.571,REFINED_GROUPED_LAMBERT_GRID
2031,DEIMOS,Deimos,CREWED_TRANSPORT,100,2031-03-15T00:00:00Z,2031-09-11T00:00:00Z,180,5.37091,4.072316,28.846669,7443.624,REFINED_GROUPED_LAMBERT_GRID
2032,DEIMOS,Deimos,FLYBY,1,2032-03-15T00:00:00Z,2034-03-15T00:00:00Z,730,5.808399,12.971863,33.737498,530.201,REFINED_GROUPED_LAMBERT_GRID
2032,DEIMOS,Deimos,ORBITAL_RECON,2,2032-12-15T00:00:00Z,2033-12-15T00:00:00Z,365,9.792099,8.671729,95.885203,798.199,REFINED_GROUPED_LAMBERT_GRID
2032,DEIMOS,Deimos,RENDEZVOUS,2,2032-12-15T00:00:00Z,2033-12-15T00:00:00Z,365,9.792099,8.671729,95.885203,798.199,REFINED_GROUPED_LAMBERT_GRID
2032,DEIMOS,Deimos,LANDING_PROSPECTING,5,2032-12-15T00:00:00Z,2033-12-15T00:00:00Z,365,9.792099,8.671729,95.885203,1414.231,REFINED_GROUPED_LAMBERT_GRID
2032,DEIMOS,Deimos,CARGO_DELIVERY,20,2032-12-15T00:00:00Z,2033-12-15T00:00:00Z,365,9.792099,8.671729,95.885203,2721.115,REFINED_GROUPED_LAMBERT_GRID
2032,DEIMOS,Deimos,CREWED_TRANSPORT,100,2032-12-15T00:00:00Z,2033-12-15T00:00:00Z,365,9.792099,8.671729,95.885203,12775.45,REFINED_GROUPED_LAMBERT_GRID
2033,DEIMOS,Deimos,FLYBY,1,2033-04-15T00:00:00Z,2033-10-12T00:00:00Z,180,2.989431,3.603242,8.9367,470.146,REFINED_GROUPED_LAMBERT_GRID
2033,DEIMOS,Deimos,ORBITAL_RECON,2,2033-04-15T00:00:00Z,2033-10-12T00:00:00Z,180,2.989431,3.603242,8.9367,643.122,REFINED_GROUPED_LAMBERT_GRID
2033,DEIMOS,Deimos,RENDEZVOUS,2,2033-04-15T00:00:00Z,2033-10-12T00:00:00Z,180,2.989431,3.603242,8.9367,643.122,REFINED_GROUPED_LAMBERT_GRID
2033,DEIMOS,Deimos,LANDING_PROSPECTING,5,2033-04-15T00:00:00Z,2033-10-12T00:00:00Z,180,2.989431,3.603242,8.9367,1127.585,REFINED_GROUPED_LAMBERT_GRID
2033,DEIMOS,Deimos,CARGO_DELIVERY,20,2033-04-15T00:00:00Z,2033-10-12T00:00:00Z,180,2.989431,3.603242,8.9367,1557.338,REFINED_GROUPED_LAMBERT_GRID
2033,DEIMOS,Deimos,CREWED_TRANSPORT,100,2033-05-15T00:00:00Z,2033-11-11T00:00:00Z,180,4.147395,3.556807,17.200887,7145.826,REFINED_GROUPED_LAMBERT_GRID
2034,DEIMOS,Deimos,FLYBY,1,2034-05-15T00:00:00Z,2036-05-14T00:00:00Z,730,6.100878,11.605978,37.220715,532.291,REFINED_GROUPED_LAMBERT_GRID
2034,DEIMOS,Deimos,ORBITAL_RECON,2,2034-12-15T00:00:00Z,2035-06-13T00:00:00Z,180,11.234987,11.136089,126.224944,897.289,REFINED_GROUPED_LAMBERT_GRID
2034,DEIMOS,Deimos,RENDEZVOUS,2,2034-12-15T00:00:00Z,2035-06-13T00:00:00Z,180,11.234987,11.136089,126.224944,897.289,REFINED_GROUPED_LAMBERT_GRID
2034,DEIMOS,Deimos,LANDING_PROSPECTING,5,2034-12-15T00:00:00Z,2035-06-13T00:00:00Z,180,11.234987,11.136089,126.224944,1657.442,REFINED_GROUPED_LAMBERT_GRID
2034,DEIMOS,Deimos,CARGO_DELIVERY,20,2034-12-15T00:00:00Z,2035-06-13T00:00:00Z,180,11.234987,11.136089,126.224944,3925.134,REFINED_GROUPED_LAMBERT_GRID
2034,DEIMOS,Deimos,CREWED_TRANSPORT,100,2034-12-15T00:00:00Z,2035-06-13T00:00:00Z,180,11.234987,11.136089,126.224944,18722.732,REFINED_GROUPED_LAMBERT_GRID
2035,DEIMOS,Deimos,FLYBY,1,2035-06-15T00:00:00Z,2035-12-12T00:00:00Z,180,3.315058,3.122274,10.989609,471.378,REFINED_GROUPED_LAMBERT_GRID
2035,DEIMOS,Deimos,ORBITAL_RECON,2,2035-07-15T00:00:00Z,2036-01-11T00:00:00Z,180,3.723969,2.692261,13.867947,639.43,REFINED_GROUPED_LAMBERT_GRID
2035,DEIMOS,Deimos,RENDEZVOUS,2,2035-07-15T00:00:00Z,2036-01-11T00:00:00Z,180,3.723969,2.692261,13.867947,639.43,REFINED_GROUPED_LAMBERT_GRID
2035,DEIMOS,Deimos,LANDING_PROSPECTING,5,2035-07-15T00:00:00Z,2036-01-11T00:00:00Z,180,3.723969,2.692261,13.867947,1113.916,REFINED_GROUPED_LAMBERT_GRID
2035,DEIMOS,Deimos,CARGO_DELIVERY,20,2035-07-15T00:00:00Z,2036-01-11T00:00:00Z,180,3.723969,2.692261,13.867947,1477.159,REFINED_GROUPED_LAMBERT_GRID
2035,DEIMOS,Deimos,CREWED_TRANSPORT,100,2035-07-15T00:00:00Z,2036-01-11T00:00:00Z,180,3.723969,2.692261,13.867947,6752.514,REFINED_GROUPED_LAMBERT_GRID
2026,DIDYMOS,65803 Didymos,FLYBY,1,2026-02-15T00:00:00Z,2026-08-14T00:00:00Z,180,4.306558,14.834613,18.546444,475.912,REFINED_GROUPED_LAMBERT_GRID
2026,DIDYMOS,65803 Didymos,ORBITAL_RECON,2,2026-10-15T00:00:00Z,2028-10-14T00:00:00Z,730,5.936425,1.583043,35.241144,697.968,REFINED_GROUPED_LAMBERT_GRID
2026,DIDYMOS,65803 Didymos,RENDEZVOUS,2,2026-10-15T00:00:00Z,2028-10-14T00:00:00Z,730,5.936425,1.583043,35.241144,697.968,REFINED_GROUPED_LAMBERT_GRID
2026,DIDYMOS,65803 Didymos,LANDING_PROSPECTING,5,2026-10-15T00:00:00Z,2028-10-14T00:00:00Z,730,5.936425,1.583043,35.241144,1173.264,REFINED_GROUPED_LAMBERT_GRID
2026,DIDYMOS,65803 Didymos,CARGO_DELIVERY,20,2026-11-15T00:00:00Z,2028-11-14T00:00:00Z,730,6.996481,1.510659,48.950749,1538.79,REFINED_GROUPED_LAMBERT_GRID
2026,DIDYMOS,65803 Didymos,CREWED_TRANSPORT,100,2026-11-15T00:00:00Z,2028-11-14T00:00:00Z,730,6.996481,1.510659,48.950749,6976.47,REFINED_GROUPED_LAMBERT_GRID
2027,DIDYMOS,65803 Didymos,FLYBY,1,2027-12-15T00:00:00Z,2028-12-14T00:00:00Z,365,3.386586,4.430773,11.468964,486.861,REFINED_GROUPED_LAMBERT_GRID
2027,DIDYMOS,65803 Didymos,ORBITAL_RECON,2,2027-12-15T00:00:00Z,2028-12-14T00:00:00Z,365,3.386586,4.430773,11.468964,703.932,REFINED_GROUPED_LAMBERT_GRID
2027,DIDYMOS,65803 Didymos,RENDEZVOUS,2,2027-12-15T00:00:00Z,2028-12-14T00:00:00Z,365,3.386586,4.430773,11.468964,703.932,REFINED_GROUPED_LAMBERT_GRID
2027,DIDYMOS,65803 Didymos,LANDING_PROSPECTING,5,2027-12-15T00:00:00Z,2028-12-14T00:00:00Z,365,3.386586,4.430773,11.468964,1254.539,REFINED_GROUPED_LAMBERT_GRID
2027,DIDYMOS,65803 Didymos,CARGO_DELIVERY,20,2027-12-15T00:00:00Z,2028-12-14T00:00:00Z,365,3.386586,4.430773,11.468964,2125.253,REFINED_GROUPED_LAMBERT_GRID
2027,DIDYMOS,65803 Didymos,CREWED_TRANSPORT,100,2027-12-15T00:00:00Z,2028-12-14T00:00:00Z,365,3.386586,4.430773,11.468964,9998.74,REFINED_GROUPED_LAMBERT_GRID
2028,DIDYMOS,65803 Didymos,FLYBY,1,2028-02-15T00:00:00Z,2028-08-13T00:00:00Z,180,5.347892,14.640058,28.599946,481.944,REFINED_GROUPED_LAMBERT_GRID
2028,DIDYMOS,65803 Didymos,ORBITAL_RECON,2,2028-01-15T00:00:00Z,2029-01-14T00:00:00Z,365,4.739916,3.637199,22.466807,693.22,REFINED_GROUPED_LAMBERT_GRID
2028,DIDYMOS,65803 Didymos,RENDEZVOUS,2,2028-01-15T00:00:00Z,2029-01-14T00:00:00Z,365,4.739916,3.637199,22.466807,693.22,REFINED_GROUPED_LAMBERT_GRID
2028,DIDYMOS,65803 Didymos,LANDING_PROSPECTING,5,2028-10-15T00:00:00Z,2030-10-15T00:00:00Z,730,5.981198,2.044834,35.774729,1188.948,REFINED_GROUPED_LAMBERT_GRID
2028,DIDYMOS,65803 Didymos,CARGO_DELIVERY,20,2028-10-15T00:00:00Z,2030-10-15T00:00:00Z,730,5.981198,2.044834,35.774729,1619.044,REFINED_GROUPED_LAMBERT_GRID
2028,DIDYMOS,65803 Didymos,CREWED_TRANSPORT,100,2028-11-15T00:00:00Z,2030-11-15T00:00:00Z,730,7.548604,2.028586,56.981417,7407.89,REFINED_GROUPED_LAMBERT_GRID
2029,DIDYMOS,65803 Didymos,FLYBY,1,2029-12-15T00:00:00Z,2030-12-15T00:00:00Z,365,4.108188,4.890091,16.877212,490.106,REFINED_GROUPED_LAMBERT_GRID
2029,DIDYMOS,65803 Didymos,ORBITAL_RECON,2,2029-12-15T00:00:00Z,2030-12-15T00:00:00Z,365,4.108188,4.890091,16.877212,718.683,REFINED_GROUPED_LAMBERT_GRID
2029,DIDYMOS,65803 Didymos,RENDEZVOUS,2,2029-12-15T00:00:00Z,2030-12-15T00:00:00Z,365,4.108188,4.890091,16.877212,718.683,REFINED_GROUPED_LAMBERT_GRID
2029,DIDYMOS,65803 Didymos,LANDING_PROSPECTING,5,2029-12-15T00:00:00Z,2030-12-15T00:00:00Z,365,4.108188,4.890091,16.877212,1286.549,REFINED_GROUPED_LAMBERT_GRID
2029,DIDYMOS,65803 Didymos,CARGO_DELIVERY,20,2029-12-15T00:00:00Z,2030-12-15T00:00:00Z,365,4.108188,4.890091,16.877212,2272.324,REFINED_GROUPED_LAMBERT_GRID
2029,DIDYMOS,65803 Didymos,CREWED_TRANSPORT,100,2029-12-15T00:00:00Z,2030-12-15T00:00:00Z,365,4.108188,4.890091,16.877212,10721.115,REFINED_GROUPED_LAMBERT_GRID
2030,DIDYMOS,65803 Didymos,FLYBY,1,2030-02-15T00:00:00Z,2030-08-14T00:00:00Z,180,7.220455,13.843212,52.134973,496.065,REFINED_GROUPED_LAMBERT_GRID
2030,DIDYMOS,65803 Didymos,ORBITAL_RECON,2,2030-01-15T00:00:00Z,2031-01-15T00:00:00Z,365,6.756042,3.887821,45.644103,712.267,REFINED_GROUPED_LAMBERT_GRID
2030,DIDYMOS,65803 Didymos,RENDEZVOUS,2,2030-01-15T00:00:00Z,2031-01-15T00:00:00Z,365,6.756042,3.887821,45.644103,712.267,REFINED_GROUPED_LAMBERT_GRID
2030,DIDYMOS,65803 Didymos,LANDING_PROSPECTING,5,2030-10-15T00:00:00Z,2032-10-14T00:00:00Z,730,6.149144,2.771137,37.811975,1217.761,REFINED_GROUPED_LAMBERT_GRID
2030,DIDYMOS,65803 Didymos,CARGO_DELIVERY,20,2030-10-15T00:00:00Z,2032-10-14T00:00:00Z,730,6.149144,2.771137,37.811975,1758.222,REFINED_GROUPED_LAMBERT_GRID
2030,DIDYMOS,65803 Didymos,CREWED_TRANSPORT,100,2030-10-15T00:00:00Z,2032-10-14T00:00:00Z,730,6.149144,2.771137,37.811975,8100.362,REFINED_GROUPED_LAMBERT_GRID
2031,DIDYMOS,65803 Didymos,FLYBY,1,2031-11-15T00:00:00Z,2032-11-14T00:00:00Z,365,4.543641,5.969972,20.644678,492.366,REFINED_GROUPED_LAMBERT_GRID
2031,DIDYMOS,65803 Didymos,ORBITAL_RECON,2,2031-12-15T00:00:00Z,2032-12-14T00:00:00Z,365,4.904325,4.991813,24.052402,725.699,REFINED_GROUPED_LAMBERT_GRID
2031,DIDYMOS,65803 Didymos,RENDEZVOUS,2,2031-12-15T00:00:00Z,2032-12-14T00:00:00Z,365,4.904325,4.991813,24.052402,725.699,REFINED_GROUPED_LAMBERT_GRID
2031,DIDYMOS,65803 Didymos,LANDING_PROSPECTING,5,2031-12-15T00:00:00Z,2032-12-14T00:00:00Z,365,4.904325,4.991813,24.052402,1297.632,REFINED_GROUPED_LAMBERT_GRID
2031,DIDYMOS,65803 Didymos,CARGO_DELIVERY,20,2031-12-15T00:00:00Z,2032-12-14T00:00:00Z,365,4.904325,4.991813,24.052402,2310.516,REFINED_GROUPED_LAMBERT_GRID
2031,DIDYMOS,65803 Didymos,CREWED_TRANSPORT,100,2031-08-15T00:00:00Z,2032-08-14T00:00:00Z,365,16.375001,4.672344,268.140671,10521.802,REFINED_GROUPED_LAMBERT_GRID
2032,DIDYMOS,65803 Didymos,FLYBY,1,2032-01-15T00:00:00Z,2032-07-13T00:00:00Z,180,7.694061,16.03134,59.19857,500.304,REFINED_GROUPED_LAMBERT_GRID
2032,DIDYMOS,65803 Didymos,ORBITAL_RECON,2,2032-10-15T00:00:00Z,2034-10-15T00:00:00Z,730,6.458567,3.692825,41.713086,735.864,REFINED_GROUPED_LAMBERT_GRID
2032,DIDYMOS,65803 Didymos,RENDEZVOUS,2,2032-10-15T00:00:00Z,2034-10-15T00:00:00Z,730,6.458567,3.692825,41.713086,735.864,REFINED_GROUPED_LAMBERT_GRID
2032,DIDYMOS,65803 Didymos,LANDING_PROSPECTING,5,2032-10-15T00:00:00Z,2034-10-15T00:00:00Z,730,6.458567,3.692825,41.713086,1262.179,REFINED_GROUPED_LAMBERT_GRID
2032,DIDYMOS,65803 Didymos,CARGO_DELIVERY,20,2032-10-15T00:00:00Z,2034-10-15T00:00:00Z,730,6.458567,3.692825,41.713086,1970.95,REFINED_GROUPED_LAMBERT_GRID
2032,DIDYMOS,65803 Didymos,CREWED_TRANSPORT,100,2032-10-15T00:00:00Z,2034-10-15T00:00:00Z,730,6.458567,3.692825,41.713086,9154.636,REFINED_GROUPED_LAMBERT_GRID
2033,DIDYMOS,65803 Didymos,FLYBY,1,2033-11-15T00:00:00Z,2034-11-15T00:00:00Z,365,4.693294,5.577605,22.027009,493.196,REFINED_GROUPED_LAMBERT_GRID
2033,DIDYMOS,65803 Didymos,ORBITAL_RECON,2,2033-11-15T00:00:00Z,2034-11-15T00:00:00Z,365,4.693294,5.577605,22.027009,741.347,REFINED_GROUPED_LAMBERT_GRID
2033,DIDYMOS,65803 Didymos,RENDEZVOUS,2,2033-11-15T00:00:00Z,2034-11-15T00:00:00Z,365,4.693294,5.577605,22.027009,741.347,REFINED_GROUPED_LAMBERT_GRID
2033,DIDYMOS,65803 Didymos,LANDING_PROSPECTING,5,2033-12-15T00:00:00Z,2034-12-15T00:00:00Z,365,7.58666,5.195169,57.557415,1331.752,REFINED_GROUPED_LAMBERT_GRID
2033,DIDYMOS,65803 Didymos,CARGO_DELIVERY,20,2033-08-15T00:00:00Z,2034-08-15T00:00:00Z,365,15.697315,4.140036,246.4057,2182.478,REFINED_GROUPED_LAMBERT_GRID
2033,DIDYMOS,65803 Didymos,CREWED_TRANSPORT,100,2033-07-15T00:00:00Z,2034-07-15T00:00:00Z,365,20.39166,3.957215,415.819797,9572.909,REFINED_GROUPED_LAMBERT_GRID
2034,DIDYMOS,65803 Didymos,FLYBY,1,2034-01-15T00:00:00Z,2034-07-14T00:00:00Z,180,7.954742,14.165113,63.27792,502.751,REFINED_GROUPED_LAMBERT_GRID
2034,DIDYMOS,65803 Didymos,ORBITAL_RECON,2,2034-01-15T00:00:00Z,2035-01-15T00:00:00Z,365,8.917088,4.530538,79.514458,747.16,REFINED_GROUPED_LAMBERT_GRID
2034,DIDYMOS,65803 Didymos,RENDEZVOUS,2,2034-01-15T00:00:00Z,2035-01-15T00:00:00Z,365,8.917088,4.530538,79.514458,747.16,REFINED_GROUPED_LAMBERT_GRID
2034,DIDYMOS,65803 Didymos,LANDING_PROSPECTING,5,2034-01-15T00:00:00Z,2035-01-15T00:00:00Z,365,8.917088,4.530538,79.514458,1301.367,REFINED_GROUPED_LAMBERT_GRID
2034,DIDYMOS,65803 Didymos,CARGO_DELIVERY,20,2034-02-15T00:00:00Z,2035-02-15T00:00:00Z,365,12.359463,3.959112,152.756336,2076.845,REFINED_GROUPED_LAMBERT_GRID
2034,DIDYMOS,65803 Didymos,CREWED_TRANSPORT,100,2034-02-15T00:00:00Z,2035-02-15T00:00:00Z,365,12.359463,3.959112,152.756336,9417.611,REFINED_GROUPED_LAMBERT_GRID
2035,DIDYMOS,65803 Didymos,FLYBY,1,2035-11-15T00:00:00Z,2036-11-14T00:00:00Z,365,4.944086,5.027219,24.443983,494.646,REFINED_GROUPED_LAMBERT_GRID
2035,DIDYMOS,65803 Didymos,ORBITAL_RECON,2,2035-12-15T00:00:00Z,2036-12-14T00:00:00Z,365,5.731145,4.23478,32.846018,712.195,REFINED_GROUPED_LAMBERT_GRID
2035,DIDYMOS,65803 Didymos,RENDEZVOUS,2,2035-12-15T00:00:00Z,2036-12-14T00:00:00Z,365,5.731145,4.23478,32.846018,712.195,REFINED_GROUPED_LAMBERT_GRID
2035,DIDYMOS,65803 Didymos,LANDING_PROSPECTING,5,2035-12-15T00:00:00Z,2036-12-14T00:00:00Z,365,5.731145,4.23478,32.846018,1255.957,REFINED_GROUPED_LAMBERT_GRID
2035,DIDYMOS,65803 Didymos,CARGO_DELIVERY,20,2035-08-15T00:00:00Z,2036-08-14T00:00:00Z,365,14.939928,3.374672,223.201451,1972.323,REFINED_GROUPED_LAMBERT_GRID
2035,DIDYMOS,65803 Didymos,CREWED_TRANSPORT,100,2035-08-15T00:00:00Z,2036-08-14T00:00:00Z,365,14.939928,3.374672,223.201451,8725.933,REFINED_GROUPED_LAMBERT_GRID
2026,DINKINESH,152830 Dinkinesh,FLYBY,1,2026-01-15T00:00:00Z,2028-01-15T00:00:00Z,730,18.606754,11.346838,346.211294,717.686,EXISTING_SCREEN_SINGLE_CANDIDATE
2026,DINKINESH,152830 Dinkinesh,ORBITAL_RECON,2,2026-01-15T00:00:00Z,2028-01-15T00:00:00Z,730,18.606754,11.346838,346.211294,1325.586,EXISTING_SCREEN_SINGLE_CANDIDATE
2026,DINKINESH,152830 Dinkinesh,RENDEZVOUS,2,2026-01-15T00:00:00Z,2028-01-15T00:00:00Z,730,18.606754,11.346838,346.211294,1325.586,EXISTING_SCREEN_SINGLE_CANDIDATE
2026,DINKINESH,152830 Dinkinesh,LANDING_PROSPECTING,5,2026-01-15T00:00:00Z,2028-01-15T00:00:00Z,730,18.606754,11.346838,346.211294,2462.435,EXISTING_SCREEN_SINGLE_CANDIDATE
2026,DINKINESH,152830 Dinkinesh,CARGO_DELIVERY,20,2026-01-15T00:00:00Z,2028-01-15T00:00:00Z,730,18.606754,11.346838,346.211294,7241.434,EXISTING_SCREEN_SINGLE_CANDIDATE
2026,DINKINESH,152830 Dinkinesh,CREWED_TRANSPORT,100,2026-01-15T00:00:00Z,2028-01-15T00:00:00Z,730,18.606754,11.346838,346.211294,34776.264,EXISTING_SCREEN_SINGLE_CANDIDATE
2027,DINKINESH,152830 Dinkinesh,FLYBY,1,2027-01-15T00:00:00Z,2029-01-14T00:00:00Z,730,12.483468,9.858692,155.836973,603.461,EXISTING_SCREEN_SINGLE_CANDIDATE
2027,DINKINESH,152830 Dinkinesh,ORBITAL_RECON,2,2027-01-15T00:00:00Z,2029-01-14T00:00:00Z,730,12.483468,9.858692,155.836973,1071.163,EXISTING_SCREEN_SINGLE_CANDIDATE
2027,DINKINESH,152830 Dinkinesh,RENDEZVOUS,2,2027-01-15T00:00:00Z,2029-01-14T00:00:00Z,730,12.483468,9.858692,155.836973,1071.163,EXISTING_SCREEN_SINGLE_CANDIDATE
2027,DINKINESH,152830 Dinkinesh,LANDING_PROSPECTING,5,2027-01-15T00:00:00Z,2029-01-14T00:00:00Z,730,12.483468,9.858692,155.836973,1997.716,EXISTING_SCREEN_SINGLE_CANDIDATE
2027,DINKINESH,152830 Dinkinesh,CARGO_DELIVERY,20,2027-01-15T00:00:00Z,2029-01-14T00:00:00Z,730,12.483468,9.858692,155.836973,5374.735,EXISTING_SCREEN_SINGLE_CANDIDATE
2027,DINKINESH,152830 Dinkinesh,CREWED_TRANSPORT,100,2027-01-15T00:00:00Z,2029-01-14T00:00:00Z,730,12.483468,9.858692,155.836973,25899.664,EXISTING_SCREEN_SINGLE_CANDIDATE
2028,DINKINESH,152830 Dinkinesh,FLYBY,1,2028-07-15T00:00:00Z,2029-07-15T00:00:00Z,365,10.393049,7.932037,108.015468,544.789,EXISTING_SCREEN_SINGLE_CANDIDATE
2028,DINKINESH,152830 Dinkinesh,ORBITAL_RECON,2,2028-07-15T00:00:00Z,2029-07-15T00:00:00Z,365,10.393049,7.932037,108.015468,887.909,EXISTING_SCREEN_SINGLE_CANDIDATE
2028,DINKINESH,152830 Dinkinesh,RENDEZVOUS,2,2028-07-15T00:00:00Z,2029-07-15T00:00:00Z,365,10.393049,7.932037,108.015468,887.909,EXISTING_SCREEN_SINGLE_CANDIDATE
2028,DINKINESH,152830 Dinkinesh,LANDING_PROSPECTING,5,2028-07-15T00:00:00Z,2029-07-15T00:00:00Z,365,10.393049,7.932037,108.015468,1627.589,EXISTING_SCREEN_SINGLE_CANDIDATE
2028,DINKINESH,152830 Dinkinesh,CARGO_DELIVERY,20,2028-07-15T00:00:00Z,2029-07-15T00:00:00Z,365,10.393049,7.932037,108.015468,3758.792,EXISTING_SCREEN_SINGLE_CANDIDATE
2028,DINKINESH,152830 Dinkinesh,CREWED_TRANSPORT,100,2028-07-15T00:00:00Z,2029-07-15T00:00:00Z,365,10.393049,7.932037,108.015468,17934.721,EXISTING_SCREEN_SINGLE_CANDIDATE
2029,DINKINESH,152830 Dinkinesh,FLYBY,1,2029-01-15T00:00:00Z,2031-01-15T00:00:00Z,730,14.641157,10.341473,214.363478,638.577,EXISTING_SCREEN_SINGLE_CANDIDATE
2029,DINKINESH,152830 Dinkinesh,ORBITAL_RECON,2,2029-01-15T00:00:00Z,2031-01-15T00:00:00Z,730,14.641157,10.341473,214.363478,1146.789,EXISTING_SCREEN_SINGLE_CANDIDATE
2029,DINKINESH,152830 Dinkinesh,RENDEZVOUS,2,2029-01-15T00:00:00Z,2031-01-15T00:00:00Z,730,14.641157,10.341473,214.363478,1146.789,EXISTING_SCREEN_SINGLE_CANDIDATE
2029,DINKINESH,152830 Dinkinesh,LANDING_PROSPECTING,5,2029-01-15T00:00:00Z,2031-01-15T00:00:00Z,730,14.641157,10.341473,214.363478,2134.107,EXISTING_SCREEN_SINGLE_CANDIDATE
2029,DINKINESH,152830 Dinkinesh,CARGO_DELIVERY,20,2029-01-15T00:00:00Z,2031-01-15T00:00:00Z,730,14.641157,10.341473,214.363478,5916.227,EXISTING_SCREEN_SINGLE_CANDIDATE
2029,DINKINESH,152830 Dinkinesh,CREWED_TRANSPORT,100,2029-01-15T00:00:00Z,2031-01-15T00:00:00Z,730,14.641157,10.341473,214.363478,28466.664,EXISTING_SCREEN_SINGLE_CANDIDATE
2030,DINKINESH,152830 Dinkinesh,FLYBY,1,2030-01-15T00:00:00Z,2031-01-15T00:00:00Z,365,7.084804,3.953145,50.194448,510.096,EXISTING_SCREEN_SINGLE_CANDIDATE
2030,DINKINESH,152830 Dinkinesh,ORBITAL_RECON,2,2030-01-15T00:00:00Z,2031-01-15T00:00:00Z,365,7.084804,3.953145,50.194448,716.385,EXISTING_SCREEN_SINGLE_CANDIDATE
2030,DINKINESH,152830 Dinkinesh,RENDEZVOUS,2,2030-01-15T00:00:00Z,2031-01-15T00:00:00Z,365,7.084804,3.953145,50.194448,716.385,EXISTING_SCREEN_SINGLE_CANDIDATE
2030,DINKINESH,152830 Dinkinesh,LANDING_PROSPECTING,5,2030-01-15T00:00:00Z,2031-01-15T00:00:00Z,365,7.084804,3.953145,50.194448,1250.819,EXISTING_SCREEN_SINGLE_CANDIDATE
2030,DINKINESH,152830 Dinkinesh,CARGO_DELIVERY,20,2030-01-15T00:00:00Z,2031-01-15T00:00:00Z,365,7.084804,3.953145,50.194448,2013.711,EXISTING_SCREEN_SINGLE_CANDIDATE
2030,DINKINESH,152830 Dinkinesh,CREWED_TRANSPORT,100,2030-01-15T00:00:00Z,2031-01-15T00:00:00Z,365,7.084804,3.953145,50.194448,9348.089,EXISTING_SCREEN_SINGLE_CANDIDATE
2031,DINKINESH,152830 Dinkinesh,FLYBY,1,2031-07-15T00:00:00Z,2032-07-14T00:00:00Z,365,10.951044,7.069634,119.925365,551.935,EXISTING_SCREEN_SINGLE_CANDIDATE
2031,DINKINESH,152830 Dinkinesh,ORBITAL_RECON,2,2031-07-15T00:00:00Z,2032-07-14T00:00:00Z,365,10.951044,7.069634,119.925365,854.399,EXISTING_SCREEN_SINGLE_CANDIDATE
2031,DINKINESH,152830 Dinkinesh,RENDEZVOUS,2,2031-07-15T00:00:00Z,2032-07-14T00:00:00Z,365,10.951044,7.069634,119.925365,854.399,EXISTING_SCREEN_SINGLE_CANDIDATE
2031,DINKINESH,152830 Dinkinesh,LANDING_PROSPECTING,5,2031-07-15T00:00:00Z,2032-07-14T00:00:00Z,365,10.951044,7.069634,119.925365,1533.095,EXISTING_SCREEN_SINGLE_CANDIDATE
2031,DINKINESH,152830 Dinkinesh,CARGO_DELIVERY,20,2031-07-15T00:00:00Z,2032-07-14T00:00:00Z,365,10.951044,7.069634,119.925365,3257.735,EXISTING_SCREEN_SINGLE_CANDIDATE
2031,DINKINESH,152830 Dinkinesh,CREWED_TRANSPORT,100,2031-07-15T00:00:00Z,2032-07-14T00:00:00Z,365,10.951044,7.069634,119.925365,15400.854,EXISTING_SCREEN_SINGLE_CANDIDATE
2032,DINKINESH,152830 Dinkinesh,FLYBY,1,2032-07-15T00:00:00Z,2033-07-15T00:00:00Z,365,15.688791,6.208079,246.138163,627.662,EXISTING_SCREEN_SINGLE_CANDIDATE
2032,DINKINESH,152830 Dinkinesh,ORBITAL_RECON,2,2032-07-15T00:00:00Z,2033-07-15T00:00:00Z,365,15.688791,6.208079,246.138163,896.591,EXISTING_SCREEN_SINGLE_CANDIDATE
2032,DINKINESH,152830 Dinkinesh,RENDEZVOUS,2,2032-07-15T00:00:00Z,2033-07-15T00:00:00Z,365,15.688791,6.208079,246.138163,896.591,EXISTING_SCREEN_SINGLE_CANDIDATE
2032,DINKINESH,152830 Dinkinesh,LANDING_PROSPECTING,5,2032-07-15T00:00:00Z,2033-07-15T00:00:00Z,365,15.688791,6.208079,246.138163,1524.983,EXISTING_SCREEN_SINGLE_CANDIDATE
2032,DINKINESH,152830 Dinkinesh,CARGO_DELIVERY,20,2032-07-15T00:00:00Z,2033-07-15T00:00:00Z,365,15.688791,6.208079,246.138163,2914.265,EXISTING_SCREEN_SINGLE_CANDIDATE
2032,DINKINESH,152830 Dinkinesh,CREWED_TRANSPORT,100,2032-07-15T00:00:00Z,2033-07-15T00:00:00Z,365,15.688791,6.208079,246.138163,13380.593,EXISTING_SCREEN_SINGLE_CANDIDATE
2033,DINKINESH,152830 Dinkinesh,FLYBY,1,2033-01-15T00:00:00Z,2035-01-15T00:00:00Z,730,6.419465,7.032838,41.209531,534.685,EXISTING_SCREEN_SINGLE_CANDIDATE
2033,DINKINESH,152830 Dinkinesh,ORBITAL_RECON,2,2033-01-15T00:00:00Z,2035-01-15T00:00:00Z,730,6.419465,7.032838,41.209531,835.581,EXISTING_SCREEN_SINGLE_CANDIDATE
2033,DINKINESH,152830 Dinkinesh,RENDEZVOUS,2,2033-01-15T00:00:00Z,2035-01-15T00:00:00Z,730,6.419465,7.032838,41.209531,835.581,EXISTING_SCREEN_SINGLE_CANDIDATE
2033,DINKINESH,152830 Dinkinesh,LANDING_PROSPECTING,5,2033-01-15T00:00:00Z,2035-01-15T00:00:00Z,730,6.419465,7.032838,41.209531,1511.926,EXISTING_SCREEN_SINGLE_CANDIDATE
2033,DINKINESH,152830 Dinkinesh,CARGO_DELIVERY,20,2033-01-15T00:00:00Z,2035-01-15T00:00:00Z,730,6.419465,7.032838,41.209531,3220.893,EXISTING_SCREEN_SINGLE_CANDIDATE
2033,DINKINESH,152830 Dinkinesh,CREWED_TRANSPORT,100,2033-01-15T00:00:00Z,2035-01-15T00:00:00Z,730,6.419465,7.032838,41.209531,15405.563,EXISTING_SCREEN_SINGLE_CANDIDATE
2034,DINKINESH,152830 Dinkinesh,FLYBY,1,2034-01-15T00:00:00Z,2035-01-15T00:00:00Z,365,10.149828,5.906468,103.019008,541.791,EXISTING_SCREEN_SINGLE_CANDIDATE
2034,DINKINESH,152830 Dinkinesh,ORBITAL_RECON,2,2034-01-15T00:00:00Z,2035-01-15T00:00:00Z,365,10.149828,5.906468,103.019008,800.416,EXISTING_SCREEN_SINGLE_CANDIDATE
2034,DINKINESH,152830 Dinkinesh,RENDEZVOUS,2,2034-01-15T00:00:00Z,2035-01-15T00:00:00Z,365,10.149828,5.906468,103.019008,800.416,EXISTING_SCREEN_SINGLE_CANDIDATE
2034,DINKINESH,152830 Dinkinesh,LANDING_PROSPECTING,5,2034-01-15T00:00:00Z,2035-01-15T00:00:00Z,365,10.149828,5.906468,103.019008,1413.354,EXISTING_SCREEN_SINGLE_CANDIDATE
2034,DINKINESH,152830 Dinkinesh,CARGO_DELIVERY,20,2034-01-15T00:00:00Z,2035-01-15T00:00:00Z,365,10.149828,5.906468,103.019008,2699.606,EXISTING_SCREEN_SINGLE_CANDIDATE
2034,DINKINESH,152830 Dinkinesh,CREWED_TRANSPORT,100,2034-01-15T00:00:00Z,2035-01-15T00:00:00Z,365,10.149828,5.906468,103.019008,12650.786,EXISTING_SCREEN_SINGLE_CANDIDATE
2035,DINKINESH,152830 Dinkinesh,FLYBY,1,2035-07-15T00:00:00Z,2036-07-14T00:00:00Z,365,10.731199,5.4034,115.158632,549.075,EXISTING_SCREEN_SINGLE_CANDIDATE
2035,DINKINESH,152830 Dinkinesh,ORBITAL_RECON,2,2035-07-15T00:00:00Z,2036-07-14T00:00:00Z,365,10.731199,5.4034,115.158632,791.98,EXISTING_SCREEN_SINGLE_CANDIDATE
2035,DINKINESH,152830 Dinkinesh,RENDEZVOUS,2,2035-07-15T00:00:00Z,2036-07-14T00:00:00Z,365,10.731199,5.4034,115.158632,791.98,EXISTING_SCREEN_SINGLE_CANDIDATE
2035,DINKINESH,152830 Dinkinesh,LANDING_PROSPECTING,5,2035-07-15T00:00:00Z,2036-07-14T00:00:00Z,365,10.731199,5.4034,115.158632,1381.337,EXISTING_SCREEN_SINGLE_CANDIDATE
2035,DINKINESH,152830 Dinkinesh,CARGO_DELIVERY,20,2035-07-15T00:00:00Z,2036-07-14T00:00:00Z,365,10.731199,5.4034,115.158632,2510.388,EXISTING_SCREEN_SINGLE_CANDIDATE
2035,DINKINESH,152830 Dinkinesh,CREWED_TRANSPORT,100,2035-07-15T00:00:00Z,2036-07-14T00:00:00Z,365,10.731199,5.4034,115.158632,11675.559,EXISTING_SCREEN_SINGLE_CANDIDATE
2026,DIONE,Dione,FLYBY,1,2026-06-15T00:00:00Z,2028-06-14T00:00:00Z,730,14.210476,18.661071,201.937625,1031.122,REFINED_GROUPED_LAMBERT_GRID
2026,DIONE,Dione,ORBITAL_RECON,2,2026-06-15T00:00:00Z,2030-06-14T00:00:00Z,1460,11.294616,7.169161,127.568357,1334.367,REFINED_GROUPED_LAMBERT_GRID
2026,DIONE,Dione,RENDEZVOUS,2,2026-06-15T00:00:00Z,2030-06-14T00:00:00Z,1460,11.294616,7.169161,127.568357,1334.367,REFINED_GROUPED_LAMBERT_GRID
2026,DIONE,Dione,LANDING_PROSPECTING,5,2026-06-15T00:00:00Z,2030-06-14T00:00:00Z,1460,11.294616,7.169161,127.568357,1991.23,REFINED_GROUPED_LAMBERT_GRID
2026,DIONE,Dione,CARGO_DELIVERY,20,2026-06-15T00:00:00Z,2030-06-14T00:00:00Z,1460,11.294616,7.169161,127.568357,3570.315,REFINED_GROUPED_LAMBERT_GRID
2026,DIONE,Dione,CREWED_TRANSPORT,100,2026-06-15T00:00:00Z,2030-06-14T00:00:00Z,1460,11.294616,7.169161,127.568357,16145.412,REFINED_GROUPED_LAMBERT_GRID
2027,DIONE,Dione,FLYBY,1,2027-06-15T00:00:00Z,2029-06-14T00:00:00Z,730,14.765455,18.652111,218.018662,1040.77,REFINED_GROUPED_LAMBERT_GRID
2027,DIONE,Dione,ORBITAL_RECON,2,2027-06-15T00:00:00Z,2031-06-14T00:00:00Z,1460,11.722274,7.158517,137.411707,1340.187,REFINED_GROUPED_LAMBERT_GRID
2027,DIONE,Dione,RENDEZVOUS,2,2027-06-15T00:00:00Z,2031-06-14T00:00:00Z,1460,11.722274,7.158517,137.411707,1340.187,REFINED_GROUPED_LAMBERT_GRID
2027,DIONE,Dione,LANDING_PROSPECTING,5,2027-06-15T00:00:00Z,2031-06-14T00:00:00Z,1460,11.722274,7.158517,137.411707,1996.92,REFINED_GROUPED_LAMBERT_GRID
2027,DIONE,Dione,CARGO_DELIVERY,20,2027-06-15T00:00:00Z,2031-06-14T00:00:00Z,1460,11.722274,7.158517,137.411707,3575.142,REFINED_GROUPED_LAMBERT_GRID
2027,DIONE,Dione,CREWED_TRANSPORT,100,2027-07-15T00:00:00Z,2031-07-14T00:00:00Z,1460,12.821415,7.027342,164.388681,16096.444,REFINED_GROUPED_LAMBERT_GRID
2028,DIONE,Dione,FLYBY,1,2028-07-15T00:00:00Z,2030-07-15T00:00:00Z,730,14.026102,18.002957,196.731529,1027.998,REFINED_GROUPED_LAMBERT_GRID
2028,DIONE,Dione,ORBITAL_RECON,2,2028-07-15T00:00:00Z,2032-07-14T00:00:00Z,1460,11.189939,6.97094,125.214738,1331.374,REFINED_GROUPED_LAMBERT_GRID
2028,DIONE,Dione,RENDEZVOUS,2,2028-07-15T00:00:00Z,2032-07-14T00:00:00Z,1460,11.189939,6.97094,125.214738,1331.374,REFINED_GROUPED_LAMBERT_GRID
2028,DIONE,Dione,LANDING_PROSPECTING,5,2028-07-15T00:00:00Z,2032-07-14T00:00:00Z,1460,11.189939,6.97094,125.214738,1985.865,REFINED_GROUPED_LAMBERT_GRID
2028,DIONE,Dione,CARGO_DELIVERY,20,2028-07-15T00:00:00Z,2032-07-14T00:00:00Z,1460,11.189939,6.97094,125.214738,3549.139,REFINED_GROUPED_LAMBERT_GRID
2028,DIONE,Dione,CREWED_TRANSPORT,100,2028-07-15T00:00:00Z,2032-07-14T00:00:00Z,1460,11.189939,6.97094,125.214738,16045.182,REFINED_GROUPED_LAMBERT_GRID
2029,DIONE,Dione,FLYBY,1,2029-07-15T00:00:00Z,2031-07-15T00:00:00Z,730,14.264756,18.082014,203.483261,1032.049,REFINED_GROUPED_LAMBERT_GRID
2029,DIONE,Dione,ORBITAL_RECON,2,2029-07-15T00:00:00Z,2033-07-14T00:00:00Z,1460,10.638613,6.952675,113.180085,1324.01,REFINED_GROUPED_LAMBERT_GRID
2029,DIONE,Dione,RENDEZVOUS,2,2029-07-15T00:00:00Z,2033-07-14T00:00:00Z,1460,10.638613,6.952675,113.180085,1324.01,REFINED_GROUPED_LAMBERT_GRID
2029,DIONE,Dione,LANDING_PROSPECTING,5,2029-07-15T00:00:00Z,2033-07-14T00:00:00Z,1460,10.638613,6.952675,113.180085,1978.287,REFINED_GROUPED_LAMBERT_GRID
2029,DIONE,Dione,CARGO_DELIVERY,20,2029-07-15T00:00:00Z,2033-07-14T00:00:00Z,1460,10.638613,6.952675,113.180085,3540.133,REFINED_GROUPED_LAMBERT_GRID
2029,DIONE,Dione,CREWED_TRANSPORT,100,2029-07-15T00:00:00Z,2033-07-14T00:00:00Z,1460,10.638613,6.952675,113.180085,16029.033,REFINED_GROUPED_LAMBERT_GRID
2030,DIONE,Dione,FLYBY,1,2030-08-15T00:00:00Z,2032-08-14T00:00:00Z,730,13.947618,17.548328,194.536054,1026.681,REFINED_GROUPED_LAMBERT_GRID
2030,DIONE,Dione,ORBITAL_RECON,2,2030-08-15T00:00:00Z,2034-08-14T00:00:00Z,1460,11.241886,6.85885,126.379996,1331.204,REFINED_GROUPED_LAMBERT_GRID
2030,DIONE,Dione,RENDEZVOUS,2,2030-08-15T00:00:00Z,2034-08-14T00:00:00Z,1460,11.241886,6.85885,126.379996,1331.204,REFINED_GROUPED_LAMBERT_GRID
2030,DIONE,Dione,LANDING_PROSPECTING,5,2030-08-15T00:00:00Z,2034-08-14T00:00:00Z,1460,11.241886,6.85885,126.379996,1984.391,REFINED_GROUPED_LAMBERT_GRID
2030,DIONE,Dione,CARGO_DELIVERY,20,2030-08-15T00:00:00Z,2034-08-14T00:00:00Z,1460,11.241886,6.85885,126.379996,3538.974,REFINED_GROUPED_LAMBERT_GRID
2030,DIONE,Dione,CREWED_TRANSPORT,100,2030-08-15T00:00:00Z,2034-08-14T00:00:00Z,1460,11.241886,6.85885,126.379996,15991.557,REFINED_GROUPED_LAMBERT_GRID
2031,DIONE,Dione,FLYBY,1,2031-08-15T00:00:00Z,2033-08-14T00:00:00Z,730,14.011726,17.764301,196.328453,1027.756,REFINED_GROUPED_LAMBERT_GRID
2031,DIONE,Dione,ORBITAL_RECON,2,2031-08-15T00:00:00Z,2035-08-14T00:00:00Z,1460,10.672954,6.898477,113.911949,1324.029,REFINED_GROUPED_LAMBERT_GRID
2031,DIONE,Dione,RENDEZVOUS,2,2031-08-15T00:00:00Z,2035-08-14T00:00:00Z,1460,10.672954,6.898477,113.911949,1324.029,REFINED_GROUPED_LAMBERT_GRID
2031,DIONE,Dione,LANDING_PROSPECTING,5,2031-08-15T00:00:00Z,2035-08-14T00:00:00Z,1460,10.672954,6.898477,113.911949,1977.674,REFINED_GROUPED_LAMBERT_GRID
2031,DIONE,Dione,CARGO_DELIVERY,20,2031-08-15T00:00:00Z,2035-08-14T00:00:00Z,1460,10.672954,6.898477,113.911949,3535.309,REFINED_GROUPED_LAMBERT_GRID
2031,DIONE,Dione,CREWED_TRANSPORT,100,2031-08-15T00:00:00Z,2035-08-14T00:00:00Z,1460,10.672954,6.898477,113.911949,16003.154,REFINED_GROUPED_LAMBERT_GRID
2032,DIONE,Dione,FLYBY,1,2032-09-15T00:00:00Z,2034-09-15T00:00:00Z,730,14.079926,17.359122,198.244305,1028.906,REFINED_GROUPED_LAMBERT_GRID
2032,DIONE,Dione,ORBITAL_RECON,2,2032-09-15T00:00:00Z,2036-09-14T00:00:00Z,1460,11.634799,6.834169,135.368537,1336.408,REFINED_GROUPED_LAMBERT_GRID
2032,DIONE,Dione,RENDEZVOUS,2,2032-09-15T00:00:00Z,2036-09-14T00:00:00Z,1460,11.634799,6.834169,135.368537,1336.408,REFINED_GROUPED_LAMBERT_GRID
2032,DIONE,Dione,LANDING_PROSPECTING,5,2032-09-15T00:00:00Z,2036-09-14T00:00:00Z,1460,11.634799,6.834169,135.368537,1989.312,REFINED_GROUPED_LAMBERT_GRID
2032,DIONE,Dione,CARGO_DELIVERY,20,2032-09-15T00:00:00Z,2036-09-14T00:00:00Z,1460,11.634799,6.834169,135.368537,3542.005,REFINED_GROUPED_LAMBERT_GRID
2032,DIONE,Dione,CREWED_TRANSPORT,100,2032-09-15T00:00:00Z,2036-09-14T00:00:00Z,1460,11.634799,6.834169,135.368537,15985.138,REFINED_GROUPED_LAMBERT_GRID
2033,DIONE,Dione,FLYBY,1,2033-09-15T00:00:00Z,2035-09-15T00:00:00Z,730,13.958473,17.735541,194.838981,1026.862,REFINED_GROUPED_LAMBERT_GRID
2033,DIONE,Dione,ORBITAL_RECON,2,2033-09-15T00:00:00Z,2037-09-14T00:00:00Z,1460,11.228749,6.934397,126.084814,1331.611,REFINED_GROUPED_LAMBERT_GRID
2033,DIONE,Dione,RENDEZVOUS,2,2033-09-15T00:00:00Z,2037-09-14T00:00:00Z,1460,11.228749,6.934397,126.084814,1331.611,REFINED_GROUPED_LAMBERT_GRID
2033,DIONE,Dione,LANDING_PROSPECTING,5,2033-09-15T00:00:00Z,2037-09-14T00:00:00Z,1460,11.228749,6.934397,126.084814,1985.674,REFINED_GROUPED_LAMBERT_GRID
2033,DIONE,Dione,CARGO_DELIVERY,20,2033-09-15T00:00:00Z,2037-09-14T00:00:00Z,1460,11.228749,6.934397,126.084814,3546.095,REFINED_GROUPED_LAMBERT_GRID
2033,DIONE,Dione,CREWED_TRANSPORT,100,2033-10-15T00:00:00Z,2037-10-14T00:00:00Z,1460,13.949778,6.833892,194.596316,16020.543,REFINED_GROUPED_LAMBERT_GRID
2034,DIONE,Dione,FLYBY,1,2034-10-15T00:00:00Z,2036-10-14T00:00:00Z,730,14.273632,17.519575,203.736557,1032.201,REFINED_GROUPED_LAMBERT_GRID
2034,DIONE,Dione,ORBITAL_RECON,2,2034-10-15T00:00:00Z,2038-10-14T00:00:00Z,1460,11.966928,6.895516,143.207356,1341.583,REFINED_GROUPED_LAMBERT_GRID
2034,DIONE,Dione,RENDEZVOUS,2,2034-10-15T00:00:00Z,2038-10-14T00:00:00Z,1460,11.966928,6.895516,143.207356,1341.583,REFINED_GROUPED_LAMBERT_GRID
2034,DIONE,Dione,LANDING_PROSPECTING,5,2034-10-15T00:00:00Z,2038-10-14T00:00:00Z,1460,11.966928,6.895516,143.207356,1995.194,REFINED_GROUPED_LAMBERT_GRID
2034,DIONE,Dione,CARGO_DELIVERY,20,2034-10-15T00:00:00Z,2038-10-14T00:00:00Z,1460,11.966928,6.895516,143.207356,3552.6,REFINED_GROUPED_LAMBERT_GRID
2034,DIONE,Dione,CREWED_TRANSPORT,100,2034-10-15T00:00:00Z,2038-10-14T00:00:00Z,1460,11.966928,6.895516,143.207356,16019.301,REFINED_GROUPED_LAMBERT_GRID
2035,DIONE,Dione,FLYBY,1,2035-10-15T00:00:00Z,2037-10-14T00:00:00Z,730,14.161977,18.032618,200.561603,1030.296,REFINED_GROUPED_LAMBERT_GRID
2035,DIONE,Dione,ORBITAL_RECON,2,2035-10-15T00:00:00Z,2039-10-14T00:00:00Z,1460,11.557067,7.038877,133.565804,1336.92,REFINED_GROUPED_LAMBERT_GRID
2035,DIONE,Dione,RENDEZVOUS,2,2035-10-15T00:00:00Z,2039-10-14T00:00:00Z,1460,11.557067,7.038877,133.565804,1336.92,REFINED_GROUPED_LAMBERT_GRID
2035,DIONE,Dione,LANDING_PROSPECTING,5,2035-10-15T00:00:00Z,2039-10-14T00:00:00Z,1460,11.557067,7.038877,133.565804,1992.215,REFINED_GROUPED_LAMBERT_GRID
2035,DIONE,Dione,CARGO_DELIVERY,20,2035-10-15T00:00:00Z,2039-10-14T00:00:00Z,1460,11.557067,7.038877,133.565804,3560.844,REFINED_GROUPED_LAMBERT_GRID
2035,DIONE,Dione,CREWED_TRANSPORT,100,2035-11-15T00:00:00Z,2039-11-14T00:00:00Z,1460,14.677087,6.929889,215.416896,16079.279,REFINED_GROUPED_LAMBERT_GRID
2026,DONALDJOHANSON,52246 Donaldjohanson,FLYBY,1,2026-01-15T00:00:00Z,2027-01-15T00:00:00Z,365,12.387227,7.706095,153.443393,572.046,EXISTING_SCREEN_SINGLE_CANDIDATE
2026,DONALDJOHANSON,52246 Donaldjohanson,ORBITAL_RECON,2,2026-01-15T00:00:00Z,2027-01-15T00:00:00Z,365,12.387227,7.706095,153.443393,903.75,EXISTING_SCREEN_SINGLE_CANDIDATE
2026,DONALDJOHANSON,52246 Donaldjohanson,RENDEZVOUS,2,2026-01-15T00:00:00Z,2027-01-15T00:00:00Z,365,12.387227,7.706095,153.443393,903.75,EXISTING_SCREEN_SINGLE_CANDIDATE
2026,DONALDJOHANSON,52246 Donaldjohanson,LANDING_PROSPECTING,5,2026-01-15T00:00:00Z,2027-01-15T00:00:00Z,365,12.387227,7.706095,153.443393,1626.307,EXISTING_SCREEN_SINGLE_CANDIDATE
2026,DONALDJOHANSON,52246 Donaldjohanson,CARGO_DELIVERY,20,2026-01-15T00:00:00Z,2027-01-15T00:00:00Z,365,12.387227,7.706095,153.443393,3643.351,EXISTING_SCREEN_SINGLE_CANDIDATE
2026,DONALDJOHANSON,52246 Donaldjohanson,CREWED_TRANSPORT,100,2026-01-15T00:00:00Z,2027-01-15T00:00:00Z,365,12.387227,7.706095,153.443393,17248.489,EXISTING_SCREEN_SINGLE_CANDIDATE
2027,DONALDJOHANSON,52246 Donaldjohanson,FLYBY,1,2027-07-15T00:00:00Z,2028-07-14T00:00:00Z,365,9.423374,8.570901,88.799978,533.259,EXISTING_SCREEN_SINGLE_CANDIDATE
2027,DONALDJOHANSON,52246 Donaldjohanson,ORBITAL_RECON,2,2027-07-15T00:00:00Z,2028-07-14T00:00:00Z,365,9.423374,8.570901,88.799978,911.94,EXISTING_SCREEN_SINGLE_CANDIDATE
2027,DONALDJOHANSON,52246 Donaldjohanson,RENDEZVOUS,2,2027-07-15T00:00:00Z,2028-07-14T00:00:00Z,365,9.423374,8.570901,88.799978,911.94,EXISTING_SCREEN_SINGLE_CANDIDATE
2027,DONALDJOHANSON,52246 Donaldjohanson,LANDING_PROSPECTING,5,2027-07-15T00:00:00Z,2028-07-14T00:00:00Z,365,9.423374,8.570901,88.799978,1704.961,EXISTING_SCREEN_SINGLE_CANDIDATE
2027,DONALDJOHANSON,52246 Donaldjohanson,CARGO_DELIVERY,20,2027-07-15T00:00:00Z,2028-07-14T00:00:00Z,365,9.423374,8.570901,88.799978,4191.77,EXISTING_SCREEN_SINGLE_CANDIDATE
2027,DONALDJOHANSON,52246 Donaldjohanson,CREWED_TRANSPORT,100,2027-07-15T00:00:00Z,2028-07-14T00:00:00Z,365,9.423374,8.570901,88.799978,20145.728,EXISTING_SCREEN_SINGLE_CANDIDATE
2028,DONALDJOHANSON,52246 Donaldjohanson,FLYBY,1,2028-01-15T00:00:00Z,2030-01-14T00:00:00Z,730,13.348313,10.034347,178.17746,616.865,EXISTING_SCREEN_SINGLE_CANDIDATE
2028,DONALDJOHANSON,52246 Donaldjohanson,ORBITAL_RECON,2,2028-01-15T00:00:00Z,2030-01-14T00:00:00Z,730,13.348313,10.034347,178.17746,1098.806,EXISTING_SCREEN_SINGLE_CANDIDATE
2028,DONALDJOHANSON,52246 Donaldjohanson,RENDEZVOUS,2,2028-01-15T00:00:00Z,2030-01-14T00:00:00Z,730,13.348313,10.034347,178.17746,1098.806,EXISTING_SCREEN_SINGLE_CANDIDATE
2028,DONALDJOHANSON,52246 Donaldjohanson,LANDING_PROSPECTING,5,2028-01-15T00:00:00Z,2030-01-14T00:00:00Z,730,13.348313,10.034347,178.17746,2046.717,EXISTING_SCREEN_SINGLE_CANDIDATE
2028,DONALDJOHANSON,52246 Donaldjohanson,CARGO_DELIVERY,20,2028-01-15T00:00:00Z,2030-01-14T00:00:00Z,730,13.348313,10.034347,178.17746,5566.124,EXISTING_SCREEN_SINGLE_CANDIDATE
2028,DONALDJOHANSON,52246 Donaldjohanson,CREWED_TRANSPORT,100,2028-01-15T00:00:00Z,2030-01-14T00:00:00Z,730,13.348313,10.034347,178.17746,26802.993,EXISTING_SCREEN_SINGLE_CANDIDATE
2029,DONALDJOHANSON,52246 Donaldjohanson,FLYBY,1,2029-01-15T00:00:00Z,2030-01-15T00:00:00Z,365,6.638744,4.004017,44.072922,506.423,EXISTING_SCREEN_SINGLE_CANDIDATE
2029,DONALDJOHANSON,52246 Donaldjohanson,ORBITAL_RECON,2,2029-01-15T00:00:00Z,2030-01-15T00:00:00Z,365,6.638744,4.004017,44.072922,713.807,EXISTING_SCREEN_SINGLE_CANDIDATE
2029,DONALDJOHANSON,52246 Donaldjohanson,RENDEZVOUS,2,2029-01-15T00:00:00Z,2030-01-15T00:00:00Z,365,6.638744,4.004017,44.072922,713.807,EXISTING_SCREEN_SINGLE_CANDIDATE
2029,DONALDJOHANSON,52246 Donaldjohanson,LANDING_PROSPECTING,5,2029-01-15T00:00:00Z,2030-01-15T00:00:00Z,365,6.638744,4.004017,44.072922,1249.883,EXISTING_SCREEN_SINGLE_CANDIDATE
2029,DONALDJOHANSON,52246 Donaldjohanson,CARGO_DELIVERY,20,2029-01-15T00:00:00Z,2030-01-15T00:00:00Z,365,6.638744,4.004017,44.072922,2023.722,EXISTING_SCREEN_SINGLE_CANDIDATE
2029,DONALDJOHANSON,52246 Donaldjohanson,CREWED_TRANSPORT,100,2029-01-15T00:00:00Z,2030-01-15T00:00:00Z,365,6.638744,4.004017,44.072922,9412.836,EXISTING_SCREEN_SINGLE_CANDIDATE
2030,DONALDJOHANSON,52246 Donaldjohanson,FLYBY,1,2030-07-15T00:00:00Z,2032-07-14T00:00:00Z,730,7.904218,12.390954,62.476662,547.445,EXISTING_SCREEN_SINGLE_CANDIDATE
2030,DONALDJOHANSON,52246 Donaldjohanson,ORBITAL_RECON,2,2030-07-15T00:00:00Z,2032-07-14T00:00:00Z,730,7.904218,12.390954,62.476662,1285.372,EXISTING_SCREEN_SINGLE_CANDIDATE
2030,DONALDJOHANSON,52246 Donaldjohanson,RENDEZVOUS,2,2030-07-15T00:00:00Z,2032-07-14T00:00:00Z,730,7.904218,12.390954,62.476662,1285.372,EXISTING_SCREEN_SINGLE_CANDIDATE
2030,DONALDJOHANSON,52246 Donaldjohanson,LANDING_PROSPECTING,5,2030-07-15T00:00:00Z,2032-07-14T00:00:00Z,730,7.904218,12.390954,62.476662,2617.264,EXISTING_SCREEN_SINGLE_CANDIDATE
2030,DONALDJOHANSON,52246 Donaldjohanson,CARGO_DELIVERY,20,2030-07-15T00:00:00Z,2032-07-14T00:00:00Z,730,7.904218,12.390954,62.476662,8696.539,EXISTING_SCREEN_SINGLE_CANDIDATE
2030,DONALDJOHANSON,52246 Donaldjohanson,CREWED_TRANSPORT,100,2030-07-15T00:00:00Z,2032-07-14T00:00:00Z,730,7.904218,12.390954,62.476662,42732.752,EXISTING_SCREEN_SINGLE_CANDIDATE
2031,DONALDJOHANSON,52246 Donaldjohanson,FLYBY,1,2031-07-15T00:00:00Z,2032-07-14T00:00:00Z,365,7.761217,6.216352,60.236489,516.121,EXISTING_SCREEN_SINGLE_CANDIDATE
2031,DONALDJOHANSON,52246 Donaldjohanson,ORBITAL_RECON,2,2031-07-15T00:00:00Z,2032-07-14T00:00:00Z,365,7.761217,6.216352,60.236489,785.342,EXISTING_SCREEN_SINGLE_CANDIDATE
2031,DONALDJOHANSON,52246 Donaldjohanson,RENDEZVOUS,2,2031-07-15T00:00:00Z,2032-07-14T00:00:00Z,365,7.761217,6.216352,60.236489,785.342,EXISTING_SCREEN_SINGLE_CANDIDATE
2031,DONALDJOHANSON,52246 Donaldjohanson,LANDING_PROSPECTING,5,2031-07-15T00:00:00Z,2032-07-14T00:00:00Z,365,7.761217,6.216352,60.236489,1414.173,EXISTING_SCREEN_SINGLE_CANDIDATE
2031,DONALDJOHANSON,52246 Donaldjohanson,CARGO_DELIVERY,20,2031-07-15T00:00:00Z,2032-07-14T00:00:00Z,365,7.761217,6.216352,60.236489,2806.38,EXISTING_SCREEN_SINGLE_CANDIDATE
2031,DONALDJOHANSON,52246 Donaldjohanson,CREWED_TRANSPORT,100,2031-07-15T00:00:00Z,2032-07-14T00:00:00Z,365,7.761217,6.216352,60.236489,13287.33,EXISTING_SCREEN_SINGLE_CANDIDATE
2032,DONALDJOHANSON,52246 Donaldjohanson,FLYBY,1,2032-07-15T00:00:00Z,2036-07-14T00:00:00Z,1460,9.109705,17.187821,82.986725,619.71,EXISTING_SCREEN_SINGLE_CANDIDATE
2032,DONALDJOHANSON,52246 Donaldjohanson,ORBITAL_RECON,2,2032-07-15T00:00:00Z,2036-07-14T00:00:00Z,1460,9.109705,17.187821,82.986725,2552.995,EXISTING_SCREEN_SINGLE_CANDIDATE
2032,DONALDJOHANSON,52246 Donaldjohanson,RENDEZVOUS,2,2032-07-15T00:00:00Z,2036-07-14T00:00:00Z,1460,9.109705,17.187821,82.986725,2552.995,EXISTING_SCREEN_SINGLE_CANDIDATE
2032,DONALDJOHANSON,52246 Donaldjohanson,LANDING_PROSPECTING,5,2032-07-15T00:00:00Z,2036-07-14T00:00:00Z,1460,9.109705,17.187821,82.986725,5677.923,EXISTING_SCREEN_SINGLE_CANDIDATE
2032,DONALDJOHANSON,52246 Donaldjohanson,CARGO_DELIVERY,20,2032-07-15T00:00:00Z,2036-07-14T00:00:00Z,1460,9.109705,17.187821,82.986725,23710.775,EXISTING_SCREEN_SINGLE_CANDIDATE
2032,DONALDJOHANSON,52246 Donaldjohanson,CREWED_TRANSPORT,100,2032-07-15T00:00:00Z,2036-07-14T00:00:00Z,1460,9.109705,17.187821,82.986725,117754.709,EXISTING_SCREEN_SINGLE_CANDIDATE
2033,DONALDJOHANSON,52246 Donaldjohanson,FLYBY,1,2033-01-15T00:00:00Z,2035-01-15T00:00:00Z,730,9.938341,5.608392,98.770622,569.221,EXISTING_SCREEN_SINGLE_CANDIDATE
2033,DONALDJOHANSON,52246 Donaldjohanson,ORBITAL_RECON,2,2033-01-15T00:00:00Z,2035-01-15T00:00:00Z,730,9.938341,5.608392,98.770622,818.321,EXISTING_SCREEN_SINGLE_CANDIDATE
2033,DONALDJOHANSON,52246 Donaldjohanson,RENDEZVOUS,2,2033-01-15T00:00:00Z,2035-01-15T00:00:00Z,730,9.938341,5.608392,98.770622,818.321,EXISTING_SCREEN_SINGLE_CANDIDATE
2033,DONALDJOHANSON,52246 Donaldjohanson,LANDING_PROSPECTING,5,2033-01-15T00:00:00Z,2035-01-15T00:00:00Z,730,9.938341,5.608392,98.770622,1416.97,EXISTING_SCREEN_SINGLE_CANDIDATE
2033,DONALDJOHANSON,52246 Donaldjohanson,CARGO_DELIVERY,20,2033-01-15T00:00:00Z,2035-01-15T00:00:00Z,730,9.938341,5.608392,98.770622,2607.964,EXISTING_SCREEN_SINGLE_CANDIDATE
2033,DONALDJOHANSON,52246 Donaldjohanson,CREWED_TRANSPORT,100,2033-01-15T00:00:00Z,2035-01-15T00:00:00Z,730,9.938341,5.608392,98.770622,12202.77,EXISTING_SCREEN_SINGLE_CANDIDATE
2034,DONALDJOHANSON,52246 Donaldjohanson,FLYBY,1,2034-07-15T00:00:00Z,2035-07-15T00:00:00Z,365,13.165456,6.50322,173.329232,583.977,EXISTING_SCREEN_SINGLE_CANDIDATE
2034,DONALDJOHANSON,52246 Donaldjohanson,ORBITAL_RECON,2,2034-07-15T00:00:00Z,2035-07-15T00:00:00Z,365,13.165456,6.50322,173.329232,863.678,EXISTING_SCREEN_SINGLE_CANDIDATE
2034,DONALDJOHANSON,52246 Donaldjohanson,RENDEZVOUS,2,2034-07-15T00:00:00Z,2035-07-15T00:00:00Z,365,13.165456,6.50322,173.329232,863.678,EXISTING_SCREEN_SINGLE_CANDIDATE
2034,DONALDJOHANSON,52246 Donaldjohanson,LANDING_PROSPECTING,5,2034-07-15T00:00:00Z,2035-07-15T00:00:00Z,365,13.165456,6.50322,173.329232,1508.23,EXISTING_SCREEN_SINGLE_CANDIDATE
2034,DONALDJOHANSON,52246 Donaldjohanson,CARGO_DELIVERY,20,2034-07-15T00:00:00Z,2035-07-15T00:00:00Z,365,13.165456,6.50322,173.329232,3005.242,EXISTING_SCREEN_SINGLE_CANDIDATE
2034,DONALDJOHANSON,52246 Donaldjohanson,CREWED_TRANSPORT,100,2034-07-15T00:00:00Z,2035-07-15T00:00:00Z,365,13.165456,6.50322,173.329232,14010.222,EXISTING_SCREEN_SINGLE_CANDIDATE
2035,DONALDJOHANSON,52246 Donaldjohanson,FLYBY,1,2035-07-15T00:00:00Z,2036-07-14T00:00:00Z,365,14.397363,7.05955,207.284061,604.35,EXISTING_SCREEN_SINGLE_CANDIDATE
2035,DONALDJOHANSON,52246 Donaldjohanson,ORBITAL_RECON,2,2035-07-15T00:00:00Z,2036-07-14T00:00:00Z,365,14.397363,7.05955,207.284061,906.383,EXISTING_SCREEN_SINGLE_CANDIDATE
2035,DONALDJOHANSON,52246 Donaldjohanson,RENDEZVOUS,2,2035-07-15T00:00:00Z,2036-07-14T00:00:00Z,365,14.397363,7.05955,207.284061,906.383,EXISTING_SCREEN_SINGLE_CANDIDATE
2035,DONALDJOHANSON,52246 Donaldjohanson,LANDING_PROSPECTING,5,2035-07-15T00:00:00Z,2036-07-14T00:00:00Z,365,14.397363,7.05955,207.284061,1584.433,EXISTING_SCREEN_SINGLE_CANDIDATE
2035,DONALDJOHANSON,52246 Donaldjohanson,CARGO_DELIVERY,20,2035-07-15T00:00:00Z,2036-07-14T00:00:00Z,365,14.397363,7.05955,207.284061,3304.765,EXISTING_SCREEN_SINGLE_CANDIDATE
2035,DONALDJOHANSON,52246 Donaldjohanson,CREWED_TRANSPORT,100,2035-07-15T00:00:00Z,2036-07-14T00:00:00Z,365,14.397363,7.05955,207.284061,15426.344,EXISTING_SCREEN_SINGLE_CANDIDATE
2026,ENCELADUS,Enceladus,FLYBY,1,2026-06-15T00:00:00Z,2028-06-14T00:00:00Z,730,14.210476,18.661071,201.937625,1031.122,REFINED_GROUPED_LAMBERT_GRID
2026,ENCELADUS,Enceladus,ORBITAL_RECON,2,2026-06-15T00:00:00Z,2030-06-14T00:00:00Z,1460,11.294616,7.169161,127.568357,1334.367,REFINED_GROUPED_LAMBERT_GRID
2026,ENCELADUS,Enceladus,RENDEZVOUS,2,2026-06-15T00:00:00Z,2030-06-14T00:00:00Z,1460,11.294616,7.169161,127.568357,1334.367,REFINED_GROUPED_LAMBERT_GRID
2026,ENCELADUS,Enceladus,LANDING_PROSPECTING,5,2026-06-15T00:00:00Z,2030-06-14T00:00:00Z,1460,11.294616,7.169161,127.568357,1991.23,REFINED_GROUPED_LAMBERT_GRID
2026,ENCELADUS,Enceladus,CARGO_DELIVERY,20,2026-06-15T00:00:00Z,2030-06-14T00:00:00Z,1460,11.294616,7.169161,127.568357,3570.315,REFINED_GROUPED_LAMBERT_GRID
2026,ENCELADUS,Enceladus,CREWED_TRANSPORT,100,2026-06-15T00:00:00Z,2030-06-14T00:00:00Z,1460,11.294616,7.169161,127.568357,16145.412,REFINED_GROUPED_LAMBERT_GRID
2027,ENCELADUS,Enceladus,FLYBY,1,2027-06-15T00:00:00Z,2029-06-14T00:00:00Z,730,14.765455,18.652111,218.018662,1040.77,REFINED_GROUPED_LAMBERT_GRID
2027,ENCELADUS,Enceladus,ORBITAL_RECON,2,2027-06-15T00:00:00Z,2031-06-14T00:00:00Z,1460,11.722274,7.158517,137.411707,1340.187,REFINED_GROUPED_LAMBERT_GRID
2027,ENCELADUS,Enceladus,RENDEZVOUS,2,2027-06-15T00:00:00Z,2031-06-14T00:00:00Z,1460,11.722274,7.158517,137.411707,1340.187,REFINED_GROUPED_LAMBERT_GRID
2027,ENCELADUS,Enceladus,LANDING_PROSPECTING,5,2027-06-15T00:00:00Z,2031-06-14T00:00:00Z,1460,11.722274,7.158517,137.411707,1996.92,REFINED_GROUPED_LAMBERT_GRID
2027,ENCELADUS,Enceladus,CARGO_DELIVERY,20,2027-06-15T00:00:00Z,2031-06-14T00:00:00Z,1460,11.722274,7.158517,137.411707,3575.142,REFINED_GROUPED_LAMBERT_GRID
2027,ENCELADUS,Enceladus,CREWED_TRANSPORT,100,2027-07-15T00:00:00Z,2031-07-14T00:00:00Z,1460,12.821415,7.027342,164.388681,16096.444,REFINED_GROUPED_LAMBERT_GRID
2028,ENCELADUS,Enceladus,FLYBY,1,2028-07-15T00:00:00Z,2030-07-15T00:00:00Z,730,14.026102,18.002957,196.731529,1027.998,REFINED_GROUPED_LAMBERT_GRID
2028,ENCELADUS,Enceladus,ORBITAL_RECON,2,2028-07-15T00:00:00Z,2032-07-14T00:00:00Z,1460,11.189939,6.97094,125.214738,1331.374,REFINED_GROUPED_LAMBERT_GRID
2028,ENCELADUS,Enceladus,RENDEZVOUS,2,2028-07-15T00:00:00Z,2032-07-14T00:00:00Z,1460,11.189939,6.97094,125.214738,1331.374,REFINED_GROUPED_LAMBERT_GRID
2028,ENCELADUS,Enceladus,LANDING_PROSPECTING,5,2028-07-15T00:00:00Z,2032-07-14T00:00:00Z,1460,11.189939,6.97094,125.214738,1985.865,REFINED_GROUPED_LAMBERT_GRID
2028,ENCELADUS,Enceladus,CARGO_DELIVERY,20,2028-07-15T00:00:00Z,2032-07-14T00:00:00Z,1460,11.189939,6.97094,125.214738,3549.139,REFINED_GROUPED_LAMBERT_GRID
2028,ENCELADUS,Enceladus,CREWED_TRANSPORT,100,2028-07-15T00:00:00Z,2032-07-14T00:00:00Z,1460,11.189939,6.97094,125.214738,16045.182,REFINED_GROUPED_LAMBERT_GRID
2029,ENCELADUS,Enceladus,FLYBY,1,2029-07-15T00:00:00Z,2031-07-15T00:00:00Z,730,14.264756,18.082014,203.483261,1032.049,REFINED_GROUPED_LAMBERT_GRID
2029,ENCELADUS,Enceladus,ORBITAL_RECON,2,2029-07-15T00:00:00Z,2033-07-14T00:00:00Z,1460,10.638613,6.952675,113.180085,1324.01,REFINED_GROUPED_LAMBERT_GRID
2029,ENCELADUS,Enceladus,RENDEZVOUS,2,2029-07-15T00:00:00Z,2033-07-14T00:00:00Z,1460,10.638613,6.952675,113.180085,1324.01,REFINED_GROUPED_LAMBERT_GRID
2029,ENCELADUS,Enceladus,LANDING_PROSPECTING,5,2029-07-15T00:00:00Z,2033-07-14T00:00:00Z,1460,10.638613,6.952675,113.180085,1978.287,REFINED_GROUPED_LAMBERT_GRID
2029,ENCELADUS,Enceladus,CARGO_DELIVERY,20,2029-07-15T00:00:00Z,2033-07-14T00:00:00Z,1460,10.638613,6.952675,113.180085,3540.133,REFINED_GROUPED_LAMBERT_GRID
2029,ENCELADUS,Enceladus,CREWED_TRANSPORT,100,2029-07-15T00:00:00Z,2033-07-14T00:00:00Z,1460,10.638613,6.952675,113.180085,16029.033,REFINED_GROUPED_LAMBERT_GRID
2030,ENCELADUS,Enceladus,FLYBY,1,2030-08-15T00:00:00Z,2032-08-14T00:00:00Z,730,13.947618,17.548328,194.536054,1026.681,REFINED_GROUPED_LAMBERT_GRID
2030,ENCELADUS,Enceladus,ORBITAL_RECON,2,2030-08-15T00:00:00Z,2034-08-14T00:00:00Z,1460,11.241886,6.85885,126.379996,1331.204,REFINED_GROUPED_LAMBERT_GRID
2030,ENCELADUS,Enceladus,RENDEZVOUS,2,2030-08-15T00:00:00Z,2034-08-14T00:00:00Z,1460,11.241886,6.85885,126.379996,1331.204,REFINED_GROUPED_LAMBERT_GRID
2030,ENCELADUS,Enceladus,LANDING_PROSPECTING,5,2030-08-15T00:00:00Z,2034-08-14T00:00:00Z,1460,11.241886,6.85885,126.379996,1984.391,REFINED_GROUPED_LAMBERT_GRID
2030,ENCELADUS,Enceladus,CARGO_DELIVERY,20,2030-08-15T00:00:00Z,2034-08-14T00:00:00Z,1460,11.241886,6.85885,126.379996,3538.974,REFINED_GROUPED_LAMBERT_GRID
2030,ENCELADUS,Enceladus,CREWED_TRANSPORT,100,2030-08-15T00:00:00Z,2034-08-14T00:00:00Z,1460,11.241886,6.85885,126.379996,15991.557,REFINED_GROUPED_LAMBERT_GRID
2031,ENCELADUS,Enceladus,FLYBY,1,2031-08-15T00:00:00Z,2033-08-14T00:00:00Z,730,14.011726,17.764301,196.328453,1027.756,REFINED_GROUPED_LAMBERT_GRID
2031,ENCELADUS,Enceladus,ORBITAL_RECON,2,2031-08-15T00:00:00Z,2035-08-14T00:00:00Z,1460,10.672954,6.898477,113.911949,1324.029,REFINED_GROUPED_LAMBERT_GRID
2031,ENCELADUS,Enceladus,RENDEZVOUS,2,2031-08-15T00:00:00Z,2035-08-14T00:00:00Z,1460,10.672954,6.898477,113.911949,1324.029,REFINED_GROUPED_LAMBERT_GRID
2031,ENCELADUS,Enceladus,LANDING_PROSPECTING,5,2031-08-15T00:00:00Z,2035-08-14T00:00:00Z,1460,10.672954,6.898477,113.911949,1977.674,REFINED_GROUPED_LAMBERT_GRID
2031,ENCELADUS,Enceladus,CARGO_DELIVERY,20,2031-08-15T00:00:00Z,2035-08-14T00:00:00Z,1460,10.672954,6.898477,113.911949,3535.309,REFINED_GROUPED_LAMBERT_GRID
2031,ENCELADUS,Enceladus,CREWED_TRANSPORT,100,2031-08-15T00:00:00Z,2035-08-14T00:00:00Z,1460,10.672954,6.898477,113.911949,16003.154,REFINED_GROUPED_LAMBERT_GRID
2032,ENCELADUS,Enceladus,FLYBY,1,2032-09-15T00:00:00Z,2034-09-15T00:00:00Z,730,14.079926,17.359122,198.244305,1028.906,REFINED_GROUPED_LAMBERT_GRID
2032,ENCELADUS,Enceladus,ORBITAL_RECON,2,2032-09-15T00:00:00Z,2036-09-14T00:00:00Z,1460,11.634799,6.834169,135.368537,1336.408,REFINED_GROUPED_LAMBERT_GRID
2032,ENCELADUS,Enceladus,RENDEZVOUS,2,2032-09-15T00:00:00Z,2036-09-14T00:00:00Z,1460,11.634799,6.834169,135.368537,1336.408,REFINED_GROUPED_LAMBERT_GRID
2032,ENCELADUS,Enceladus,LANDING_PROSPECTING,5,2032-09-15T00:00:00Z,2036-09-14T00:00:00Z,1460,11.634799,6.834169,135.368537,1989.312,REFINED_GROUPED_LAMBERT_GRID
2032,ENCELADUS,Enceladus,CARGO_DELIVERY,20,2032-09-15T00:00:00Z,2036-09-14T00:00:00Z,1460,11.634799,6.834169,135.368537,3542.005,REFINED_GROUPED_LAMBERT_GRID
2032,ENCELADUS,Enceladus,CREWED_TRANSPORT,100,2032-09-15T00:00:00Z,2036-09-14T00:00:00Z,1460,11.634799,6.834169,135.368537,15985.138,REFINED_GROUPED_LAMBERT_GRID
2033,ENCELADUS,Enceladus,FLYBY,1,2033-09-15T00:00:00Z,2035-09-15T00:00:00Z,730,13.958473,17.735541,194.838981,1026.862,REFINED_GROUPED_LAMBERT_GRID
2033,ENCELADUS,Enceladus,ORBITAL_RECON,2,2033-09-15T00:00:00Z,2037-09-14T00:00:00Z,1460,11.228749,6.934397,126.084814,1331.611,REFINED_GROUPED_LAMBERT_GRID
2033,ENCELADUS,Enceladus,RENDEZVOUS,2,2033-09-15T00:00:00Z,2037-09-14T00:00:00Z,1460,11.228749,6.934397,126.084814,1331.611,REFINED_GROUPED_LAMBERT_GRID
2033,ENCELADUS,Enceladus,LANDING_PROSPECTING,5,2033-09-15T00:00:00Z,2037-09-14T00:00:00Z,1460,11.228749,6.934397,126.084814,1985.674,REFINED_GROUPED_LAMBERT_GRID
2033,ENCELADUS,Enceladus,CARGO_DELIVERY,20,2033-09-15T00:00:00Z,2037-09-14T00:00:00Z,1460,11.228749,6.934397,126.084814,3546.095,REFINED_GROUPED_LAMBERT_GRID
2033,ENCELADUS,Enceladus,CREWED_TRANSPORT,100,2033-10-15T00:00:00Z,2037-10-14T00:00:00Z,1460,13.949778,6.833892,194.596316,16020.543,REFINED_GROUPED_LAMBERT_GRID
2034,ENCELADUS,Enceladus,FLYBY,1,2034-10-15T00:00:00Z,2036-10-14T00:00:00Z,730,14.273632,17.519575,203.736557,1032.201,REFINED_GROUPED_LAMBERT_GRID
2034,ENCELADUS,Enceladus,ORBITAL_RECON,2,2034-10-15T00:00:00Z,2038-10-14T00:00:00Z,1460,11.966928,6.895516,143.207356,1341.583,REFINED_GROUPED_LAMBERT_GRID
2034,ENCELADUS,Enceladus,RENDEZVOUS,2,2034-10-15T00:00:00Z,2038-10-14T00:00:00Z,1460,11.966928,6.895516,143.207356,1341.583,REFINED_GROUPED_LAMBERT_GRID
2034,ENCELADUS,Enceladus,LANDING_PROSPECTING,5,2034-10-15T00:00:00Z,2038-10-14T00:00:00Z,1460,11.966928,6.895516,143.207356,1995.194,REFINED_GROUPED_LAMBERT_GRID
2034,ENCELADUS,Enceladus,CARGO_DELIVERY,20,2034-10-15T00:00:00Z,2038-10-14T00:00:00Z,1460,11.966928,6.895516,143.207356,3552.6,REFINED_GROUPED_LAMBERT_GRID
2034,ENCELADUS,Enceladus,CREWED_TRANSPORT,100,2034-10-15T00:00:00Z,2038-10-14T00:00:00Z,1460,11.966928,6.895516,143.207356,16019.301,REFINED_GROUPED_LAMBERT_GRID
2035,ENCELADUS,Enceladus,FLYBY,1,2035-10-15T00:00:00Z,2037-10-14T00:00:00Z,730,14.161977,18.032618,200.561603,1030.296,REFINED_GROUPED_LAMBERT_GRID
2035,ENCELADUS,Enceladus,ORBITAL_RECON,2,2035-10-15T00:00:00Z,2039-10-14T00:00:00Z,1460,11.557067,7.038877,133.565804,1336.92,REFINED_GROUPED_LAMBERT_GRID
2035,ENCELADUS,Enceladus,RENDEZVOUS,2,2035-10-15T00:00:00Z,2039-10-14T00:00:00Z,1460,11.557067,7.038877,133.565804,1336.92,REFINED_GROUPED_LAMBERT_GRID
2035,ENCELADUS,Enceladus,LANDING_PROSPECTING,5,2035-10-15T00:00:00Z,2039-10-14T00:00:00Z,1460,11.557067,7.038877,133.565804,1992.215,REFINED_GROUPED_LAMBERT_GRID
2035,ENCELADUS,Enceladus,CARGO_DELIVERY,20,2035-10-15T00:00:00Z,2039-10-14T00:00:00Z,1460,11.557067,7.038877,133.565804,3560.844,REFINED_GROUPED_LAMBERT_GRID
2035,ENCELADUS,Enceladus,CREWED_TRANSPORT,100,2035-11-15T00:00:00Z,2039-11-14T00:00:00Z,1460,14.677087,6.929889,215.416896,16079.279,REFINED_GROUPED_LAMBERT_GRID
2026,ERIS,136199 Eris,FLYBY,1,2026-07-15T00:00:00Z,2034-07-13T00:00:00Z,2920,40.993882,56.091356,1680.498397,1698.135,REFINED_GROUPED_LAMBERT_GRID
2026,ERIS,136199 Eris,ORBITAL_RECON,2,2026-10-15T00:00:00Z,2034-10-13T00:00:00Z,2920,73.430819,55.541252,5392.085124,9173411.78,REFINED_GROUPED_LAMBERT_GRID
2026,ERIS,136199 Eris,RENDEZVOUS,2,2026-10-15T00:00:00Z,2034-10-13T00:00:00Z,2920,73.430819,55.541252,5392.085124,9173411.78,REFINED_GROUPED_LAMBERT_GRID
2026,ERIS,136199 Eris,LANDING_PROSPECTING,5,2026-10-15T00:00:00Z,2034-10-13T00:00:00Z,2920,73.430819,55.541252,5392.085124,22927866.82,REFINED_GROUPED_LAMBERT_GRID
2026,ERIS,136199 Eris,CARGO_DELIVERY,20,2026-10-15T00:00:00Z,2034-10-13T00:00:00Z,2920,73.430819,55.541252,5392.085124,114621433.751,REFINED_GROUPED_LAMBERT_GRID
2026,ERIS,136199 Eris,CREWED_TRANSPORT,100,2026-10-15T00:00:00Z,2034-10-13T00:00:00Z,2920,73.430819,55.541252,5392.085124,573093627.749,REFINED_GROUPED_LAMBERT_GRID
2027,ERIS,136199 Eris,FLYBY,1,2027-07-15T00:00:00Z,2035-07-13T00:00:00Z,2920,40.910038,56.048745,1673.631194,1694.014,REFINED_GROUPED_LAMBERT_GRID
2027,ERIS,136199 Eris,ORBITAL_RECON,2,2027-10-15T00:00:00Z,2035-10-13T00:00:00Z,2920,73.160935,55.493987,5352.522472,9077582.817,REFINED_GROUPED_LAMBERT_GRID
2027,ERIS,136199 Eris,RENDEZVOUS,2,2027-10-15T00:00:00Z,2035-10-13T00:00:00Z,2920,73.160935,55.493987,5352.522472,9077582.817,REFINED_GROUPED_LAMBERT_GRID
2027,ERIS,136199 Eris,LANDING_PROSPECTING,5,2027-10-15T00:00:00Z,2035-10-13T00:00:00Z,2920,73.160935,55.493987,5352.522472,22688330.018,REFINED_GROUPED_LAMBERT_GRID
2027,ERIS,136199 Eris,CARGO_DELIVERY,20,2027-10-15T00:00:00Z,2035-10-13T00:00:00Z,2920,73.160935,55.493987,5352.522472,113423844.691,REFINED_GROUPED_LAMBERT_GRID
2027,ERIS,136199 Eris,CREWED_TRANSPORT,100,2027-10-15T00:00:00Z,2035-10-13T00:00:00Z,2920,73.160935,55.493987,5352.522472,567105777.402,REFINED_GROUPED_LAMBERT_GRID
2028,ERIS,136199 Eris,FLYBY,1,2028-07-15T00:00:00Z,2036-07-13T00:00:00Z,2920,40.854501,55.994707,1669.090287,1691.29,REFINED_GROUPED_LAMBERT_GRID
2028,ERIS,136199 Eris,ORBITAL_RECON,2,2028-10-15T00:00:00Z,2036-10-13T00:00:00Z,2920,73.341764,55.442903,5379.014352,8975178.83,REFINED_GROUPED_LAMBERT_GRID
2028,ERIS,136199 Eris,RENDEZVOUS,2,2028-10-15T00:00:00Z,2036-10-13T00:00:00Z,2920,73.341764,55.442903,5379.014352,8975178.83,REFINED_GROUPED_LAMBERT_GRID
2028,ERIS,136199 Eris,LANDING_PROSPECTING,5,2028-10-15T00:00:00Z,2036-10-13T00:00:00Z,2920,73.341764,55.442903,5379.014352,22432296.207,REFINED_GROUPED_LAMBERT_GRID
2028,ERIS,136199 Eris,CARGO_DELIVERY,20,2028-10-15T00:00:00Z,2036-10-13T00:00:00Z,2920,73.341764,55.442903,5379.014352,112143612.06,REFINED_GROUPED_LAMBERT_GRID
2028,ERIS,136199 Eris,CREWED_TRANSPORT,100,2028-10-15T00:00:00Z,2036-10-13T00:00:00Z,2920,73.341764,55.442903,5379.014352,560704550.665,REFINED_GROUPED_LAMBERT_GRID
2029,ERIS,136199 Eris,FLYBY,1,2029-07-15T00:00:00Z,2037-07-13T00:00:00Z,2920,40.740608,55.944814,1659.797114,1685.714,REFINED_GROUPED_LAMBERT_GRID
2029,ERIS,136199 Eris,ORBITAL_RECON,2,2029-10-15T00:00:00Z,2037-10-13T00:00:00Z,2920,73.098309,55.387422,5343.3628,8865230.629,REFINED_GROUPED_LAMBERT_GRID
2029,ERIS,136199 Eris,RENDEZVOUS,2,2029-10-15T00:00:00Z,2037-10-13T00:00:00Z,2920,73.098309,55.387422,5343.3628,8865230.629,REFINED_GROUPED_LAMBERT_GRID
2029,ERIS,136199 Eris,LANDING_PROSPECTING,5,2029-10-15T00:00:00Z,2037-10-13T00:00:00Z,2920,73.098309,55.387422,5343.3628,22157457.793,REFINED_GROUPED_LAMBERT_GRID
2029,ERIS,136199 Eris,CARGO_DELIVERY,20,2029-10-15T00:00:00Z,2037-10-13T00:00:00Z,2920,73.098309,55.387422,5343.3628,110769505.551,REFINED_GROUPED_LAMBERT_GRID
2029,ERIS,136199 Eris,CREWED_TRANSPORT,100,2029-10-15T00:00:00Z,2037-10-13T00:00:00Z,2920,73.098309,55.387422,5343.3628,553834103.684,REFINED_GROUPED_LAMBERT_GRID
2030,ERIS,136199 Eris,FLYBY,1,2030-07-15T00:00:00Z,2038-07-13T00:00:00Z,2920,40.653164,55.89003,1652.679706,1681.444,REFINED_GROUPED_LAMBERT_GRID
2030,ERIS,136199 Eris,ORBITAL_RECON,2,2030-10-15T00:00:00Z,2038-10-13T00:00:00Z,2920,72.817372,55.327576,5302.369718,8748138.399,REFINED_GROUPED_LAMBERT_GRID
2030,ERIS,136199 Eris,RENDEZVOUS,2,2030-10-15T00:00:00Z,2038-10-13T00:00:00Z,2920,72.817372,55.327576,5302.369718,8748138.399,REFINED_GROUPED_LAMBERT_GRID
2030,ERIS,136199 Eris,LANDING_PROSPECTING,5,2030-10-15T00:00:00Z,2038-10-13T00:00:00Z,2920,72.817372,55.327576,5302.369718,21864764.112,REFINED_GROUPED_LAMBERT_GRID
2030,ERIS,136199 Eris,CARGO_DELIVERY,20,2030-10-15T00:00:00Z,2038-10-13T00:00:00Z,2920,72.817372,55.327576,5302.369718,109306135.53,REFINED_GROUPED_LAMBERT_GRID
2030,ERIS,136199 Eris,CREWED_TRANSPORT,100,2030-10-15T00:00:00Z,2038-10-13T00:00:00Z,2920,72.817372,55.327576,5302.369718,546517351.964,REFINED_GROUPED_LAMBERT_GRID
2031,ERIS,136199 Eris,FLYBY,1,2031-07-15T00:00:00Z,2039-07-13T00:00:00Z,2920,40.52572,55.831234,1642.333985,1675.236,REFINED_GROUPED_LAMBERT_GRID
2031,ERIS,136199 Eris,ORBITAL_RECON,2,2031-10-15T00:00:00Z,2039-10-13T00:00:00Z,2920,72.566264,55.26407,5265.862691,8625581.56,REFINED_GROUPED_LAMBERT_GRID
2031,ERIS,136199 Eris,RENDEZVOUS,2,2031-10-15T00:00:00Z,2039-10-13T00:00:00Z,2920,72.566264,55.26407,5265.862691,8625581.56,REFINED_GROUPED_LAMBERT_GRID
2031,ERIS,136199 Eris,LANDING_PROSPECTING,5,2031-10-15T00:00:00Z,2039-10-13T00:00:00Z,2920,72.566264,55.26407,5265.862691,21558404.87,REFINED_GROUPED_LAMBERT_GRID
2031,ERIS,136199 Eris,CARGO_DELIVERY,20,2031-10-15T00:00:00Z,2039-10-13T00:00:00Z,2920,72.566264,55.26407,5265.862691,107774426.937,REFINED_GROUPED_LAMBERT_GRID
2031,ERIS,136199 Eris,CREWED_TRANSPORT,100,2031-10-15T00:00:00Z,2039-10-13T00:00:00Z,2920,72.566264,55.26407,5265.862691,538858896.617,REFINED_GROUPED_LAMBERT_GRID
2032,ERIS,136199 Eris,FLYBY,1,2032-07-15T00:00:00Z,2040-07-13T00:00:00Z,2920,40.486667,55.761477,1639.170174,1673.338,REFINED_GROUPED_LAMBERT_GRID
2032,ERIS,136199 Eris,ORBITAL_RECON,2,2032-10-15T00:00:00Z,2040-10-13T00:00:00Z,2920,72.752604,55.197321,5292.941444,8498656.063,REFINED_GROUPED_LAMBERT_GRID
2032,ERIS,136199 Eris,RENDEZVOUS,2,2032-10-15T00:00:00Z,2040-10-13T00:00:00Z,2920,72.752604,55.197321,5292.941444,8498656.063,REFINED_GROUPED_LAMBERT_GRID
2032,ERIS,136199 Eris,LANDING_PROSPECTING,5,2032-10-15T00:00:00Z,2040-10-13T00:00:00Z,2920,72.752604,55.197321,5292.941444,21241066.757,REFINED_GROUPED_LAMBERT_GRID
2032,ERIS,136199 Eris,CARGO_DELIVERY,20,2032-10-15T00:00:00Z,2040-10-13T00:00:00Z,2920,72.752604,55.197321,5292.941444,106187671.382,REFINED_GROUPED_LAMBERT_GRID
2032,ERIS,136199 Eris,CREWED_TRANSPORT,100,2032-10-15T00:00:00Z,2040-10-13T00:00:00Z,2920,72.752604,55.197321,5292.941444,530925053.852,REFINED_GROUPED_LAMBERT_GRID
2033,ERIS,136199 Eris,FLYBY,1,2033-07-15T00:00:00Z,2041-07-13T00:00:00Z,2920,40.389212,55.698561,1631.28843,1668.609,REFINED_GROUPED_LAMBERT_GRID
2033,ERIS,136199 Eris,ORBITAL_RECON,2,2033-10-15T00:00:00Z,2041-10-13T00:00:00Z,2920,72.472973,55.130593,5252.331834,8373598.377,REFINED_GROUPED_LAMBERT_GRID
2033,ERIS,136199 Eris,RENDEZVOUS,2,2033-10-15T00:00:00Z,2041-10-13T00:00:00Z,2920,72.472973,55.130593,5252.331834,8373598.377,REFINED_GROUPED_LAMBERT_GRID
2033,ERIS,136199 Eris,LANDING_PROSPECTING,5,2033-10-15T00:00:00Z,2041-10-13T00:00:00Z,2920,72.472973,55.130593,5252.331834,20928459.09,REFINED_GROUPED_LAMBERT_GRID
2033,ERIS,136199 Eris,CARGO_DELIVERY,20,2033-10-15T00:00:00Z,2041-10-13T00:00:00Z,2920,72.472973,55.130593,5252.331834,104624730.509,REFINED_GROUPED_LAMBERT_GRID
2033,ERIS,136199 Eris,CREWED_TRANSPORT,100,2033-10-15T00:00:00Z,2041-10-13T00:00:00Z,2920,72.472973,55.130593,5252.331834,523110446.947,REFINED_GROUPED_LAMBERT_GRID
2034,ERIS,136199 Eris,FLYBY,1,2034-07-15T00:00:00Z,2042-07-13T00:00:00Z,2920,40.26282,55.635631,1621.094663,1662.493,REFINED_GROUPED_LAMBERT_GRID
2034,ERIS,136199 Eris,ORBITAL_RECON,2,2034-10-15T00:00:00Z,2042-10-13T00:00:00Z,2920,72.231309,55.063865,5217.36197,8250384.834,REFINED_GROUPED_LAMBERT_GRID
2034,ERIS,136199 Eris,RENDEZVOUS,2,2034-10-15T00:00:00Z,2042-10-13T00:00:00Z,2920,72.231309,55.063865,5217.36197,8250384.834,REFINED_GROUPED_LAMBERT_GRID
2034,ERIS,136199 Eris,LANDING_PROSPECTING,5,2034-10-15T00:00:00Z,2042-10-13T00:00:00Z,2920,72.231309,55.063865,5217.36197,20620456.705,REFINED_GROUPED_LAMBERT_GRID
2034,ERIS,136199 Eris,CARGO_DELIVERY,20,2034-10-15T00:00:00Z,2042-10-13T00:00:00Z,2920,72.231309,55.063865,5217.36197,103084802.514,REFINED_GROUPED_LAMBERT_GRID
2034,ERIS,136199 Eris,CREWED_TRANSPORT,100,2034-10-15T00:00:00Z,2042-10-13T00:00:00Z,2920,72.231309,55.063865,5217.36197,515410890.903,REFINED_GROUPED_LAMBERT_GRID
2035,ERIS,136199 Eris,FLYBY,1,2035-07-15T00:00:00Z,2043-07-13T00:00:00Z,2920,40.181791,55.573849,1614.576338,1658.582,REFINED_GROUPED_LAMBERT_GRID
2035,ERIS,136199 Eris,ORBITAL_RECON,2,2035-10-15T00:00:00Z,2043-10-13T00:00:00Z,2920,71.961554,54.998667,5178.465183,8131745.206,REFINED_GROUPED_LAMBERT_GRID
2035,ERIS,136199 Eris,RENDEZVOUS,2,2035-10-15T00:00:00Z,2043-10-13T00:00:00Z,2920,71.961554,54.998667,5178.465183,8131745.206,REFINED_GROUPED_LAMBERT_GRID
2035,ERIS,136199 Eris,LANDING_PROSPECTING,5,2035-10-15T00:00:00Z,2043-10-13T00:00:00Z,2920,71.961554,54.998667,5178.465183,20323892.642,REFINED_GROUPED_LAMBERT_GRID
2035,ERIS,136199 Eris,CARGO_DELIVERY,20,2035-10-15T00:00:00Z,2043-10-13T00:00:00Z,2920,71.961554,54.998667,5178.465183,101602075.552,REFINED_GROUPED_LAMBERT_GRID
2035,ERIS,136199 Eris,CREWED_TRANSPORT,100,2035-10-15T00:00:00Z,2043-10-13T00:00:00Z,2920,71.961554,54.998667,5178.465183,507997349.444,REFINED_GROUPED_LAMBERT_GRID
2026,EROS,433 Eros,FLYBY,1,2026-01-15T00:00:00Z,2027-01-15T00:00:00Z,365,4.377599,4.062914,19.163371,491.477,REFINED_GROUPED_LAMBERT_GRID
2026,EROS,433 Eros,ORBITAL_RECON,2,2026-01-15T00:00:00Z,2027-01-15T00:00:00Z,365,4.377599,4.062914,19.163371,700.144,REFINED_GROUPED_LAMBERT_GRID
2026,EROS,433 Eros,RENDEZVOUS,2,2026-01-15T00:00:00Z,2027-01-15T00:00:00Z,365,4.377599,4.062914,19.163371,700.144,REFINED_GROUPED_LAMBERT_GRID
2026,EROS,433 Eros,LANDING_PROSPECTING,5,2026-01-15T00:00:00Z,2027-01-15T00:00:00Z,365,4.377599,4.062914,19.163371,1238.145,REFINED_GROUPED_LAMBERT_GRID
2026,EROS,433 Eros,CARGO_DELIVERY,20,2026-01-15T00:00:00Z,2027-01-15T00:00:00Z,365,4.377599,4.062914,19.163371,2024.813,REFINED_GROUPED_LAMBERT_GRID
2026,EROS,433 Eros,CREWED_TRANSPORT,100,2026-01-15T00:00:00Z,2027-01-15T00:00:00Z,365,4.377599,4.062914,19.163371,9478.075,REFINED_GROUPED_LAMBERT_GRID
2027,EROS,433 Eros,FLYBY,1,2027-06-15T00:00:00Z,2027-12-12T00:00:00Z,180,9.083645,8.698143,82.51261,514.292,REFINED_GROUPED_LAMBERT_GRID
2027,EROS,433 Eros,ORBITAL_RECON,2,2027-12-15T00:00:00Z,2028-12-14T00:00:00Z,365,7.628381,3.068279,58.192201,703.995,REFINED_GROUPED_LAMBERT_GRID
2027,EROS,433 Eros,RENDEZVOUS,2,2027-12-15T00:00:00Z,2028-12-14T00:00:00Z,365,7.628381,3.068279,58.192201,703.995,REFINED_GROUPED_LAMBERT_GRID
2027,EROS,433 Eros,LANDING_PROSPECTING,5,2027-12-15T00:00:00Z,2028-12-14T00:00:00Z,365,7.628381,3.068279,58.192201,1212.646,REFINED_GROUPED_LAMBERT_GRID
2027,EROS,433 Eros,CARGO_DELIVERY,20,2027-12-15T00:00:00Z,2028-12-14T00:00:00Z,365,7.628381,3.068279,58.192201,1803.651,REFINED_GROUPED_LAMBERT_GRID
2027,EROS,433 Eros,CREWED_TRANSPORT,100,2027-12-15T00:00:00Z,2028-12-14T00:00:00Z,365,7.628381,3.068279,58.192201,8278.595,REFINED_GROUPED_LAMBERT_GRID
2028,EROS,433 Eros,FLYBY,1,2028-03-15T00:00:00Z,2028-09-11T00:00:00Z,180,5.295504,5.924374,28.04236,481.61,REFINED_GROUPED_LAMBERT_GRID
2028,EROS,433 Eros,ORBITAL_RECON,2,2028-01-15T00:00:00Z,2029-01-14T00:00:00Z,365,6.802974,1.580062,46.28045,674.574,REFINED_GROUPED_LAMBERT_GRID
2028,EROS,433 Eros,RENDEZVOUS,2,2028-01-15T00:00:00Z,2029-01-14T00:00:00Z,365,6.802974,1.580062,46.28045,674.574,REFINED_GROUPED_LAMBERT_GRID
2028,EROS,433 Eros,LANDING_PROSPECTING,5,2028-01-15T00:00:00Z,2029-01-14T00:00:00Z,365,6.802974,1.580062,46.28045,1149.814,REFINED_GROUPED_LAMBERT_GRID
2028,EROS,433 Eros,CARGO_DELIVERY,20,2028-01-15T00:00:00Z,2029-01-14T00:00:00Z,365,6.802974,1.580062,46.28045,1518.08,REFINED_GROUPED_LAMBERT_GRID
2028,EROS,433 Eros,CREWED_TRANSPORT,100,2028-01-15T00:00:00Z,2029-01-14T00:00:00Z,365,6.802974,1.580062,46.28045,6879.327,REFINED_GROUPED_LAMBERT_GRID
2029,EROS,433 Eros,FLYBY,1,2029-12-15T00:00:00Z,2030-12-15T00:00:00Z,365,10.783926,3.889946,116.293069,549.755,REFINED_GROUPED_LAMBERT_GRID
2029,EROS,433 Eros,ORBITAL_RECON,2,2029-12-15T00:00:00Z,2030-12-15T00:00:00Z,365,10.783926,3.889946,116.293069,754.702,REFINED_GROUPED_LAMBERT_GRID
2029,EROS,433 Eros,RENDEZVOUS,2,2029-12-15T00:00:00Z,2030-12-15T00:00:00Z,365,10.783926,3.889946,116.293069,754.702,REFINED_GROUPED_LAMBERT_GRID
2029,EROS,433 Eros,LANDING_PROSPECTING,5,2029-12-15T00:00:00Z,2030-12-15T00:00:00Z,365,10.783926,3.889946,116.293069,1287.121,REFINED_GROUPED_LAMBERT_GRID
2029,EROS,433 Eros,CARGO_DELIVERY,20,2029-12-15T00:00:00Z,2030-12-15T00:00:00Z,365,10.783926,3.889946,116.293069,2036.585,REFINED_GROUPED_LAMBERT_GRID
2029,EROS,433 Eros,CREWED_TRANSPORT,100,2029-12-15T00:00:00Z,2030-12-15T00:00:00Z,365,10.783926,3.889946,116.293069,9303.819,REFINED_GROUPED_LAMBERT_GRID
2030,EROS,433 Eros,FLYBY,1,2030-04-15T00:00:00Z,2030-10-12T00:00:00Z,180,6.421685,11.019388,41.238036,489.527,REFINED_GROUPED_LAMBERT_GRID
2030,EROS,433 Eros,ORBITAL_RECON,2,2030-02-15T00:00:00Z,2031-02-15T00:00:00Z,365,7.157018,3.026186,51.2229,699.077,REFINED_GROUPED_LAMBERT_GRID
2030,EROS,433 Eros,RENDEZVOUS,2,2030-02-15T00:00:00Z,2031-02-15T00:00:00Z,365,7.157018,3.026186,51.2229,699.077,REFINED_GROUPED_LAMBERT_GRID
2030,EROS,433 Eros,LANDING_PROSPECTING,5,2030-01-15T00:00:00Z,2031-01-15T00:00:00Z,365,8.44334,2.739025,71.289991,1206.552,REFINED_GROUPED_LAMBERT_GRID
2030,EROS,433 Eros,CARGO_DELIVERY,20,2030-01-15T00:00:00Z,2031-01-15T00:00:00Z,365,8.44334,2.739025,71.289991,1741.748,REFINED_GROUPED_LAMBERT_GRID
2030,EROS,433 Eros,CREWED_TRANSPORT,100,2030-01-15T00:00:00Z,2031-01-15T00:00:00Z,365,8.44334,2.739025,71.289991,7937.645,REFINED_GROUPED_LAMBERT_GRID
2031,EROS,433 Eros,FLYBY,1,2031-03-15T00:00:00Z,2033-03-14T00:00:00Z,730,6.162971,11.402361,37.982211,532.748,REFINED_GROUPED_LAMBERT_GRID
2031,EROS,433 Eros,ORBITAL_RECON,2,2031-02-15T00:00:00Z,2033-02-14T00:00:00Z,730,7.329905,8.279169,53.727515,904.01,REFINED_GROUPED_LAMBERT_GRID
2031,EROS,433 Eros,RENDEZVOUS,2,2031-02-15T00:00:00Z,2033-02-14T00:00:00Z,730,7.329905,8.279169,53.727515,904.01,REFINED_GROUPED_LAMBERT_GRID
2031,EROS,433 Eros,LANDING_PROSPECTING,5,2031-01-15T00:00:00Z,2033-01-14T00:00:00Z,730,11.837891,7.733439,140.135673,1651.68,REFINED_GROUPED_LAMBERT_GRID
2031,EROS,433 Eros,CARGO_DELIVERY,20,2031-01-15T00:00:00Z,2033-01-14T00:00:00Z,730,11.837891,7.733439,140.135673,3682.237,REFINED_GROUPED_LAMBERT_GRID
2031,EROS,433 Eros,CREWED_TRANSPORT,100,2031-01-15T00:00:00Z,2033-01-14T00:00:00Z,730,11.837891,7.733439,140.135673,17474.857,REFINED_GROUPED_LAMBERT_GRID
2032,EROS,433 Eros,FLYBY,1,2032-09-15T00:00:00Z,2033-03-14T00:00:00Z,180,4.845271,8.407965,23.476655,478.87,REFINED_GROUPED_LAMBERT_GRID
2032,EROS,433 Eros,ORBITAL_RECON,2,2032-08-15T00:00:00Z,2033-02-11T00:00:00Z,180,5.003432,4.905485,25.034331,708.789,REFINED_GROUPED_LAMBERT_GRID
2032,EROS,433 Eros,RENDEZVOUS,2,2032-08-15T00:00:00Z,2033-02-11T00:00:00Z,180,5.003432,4.905485,25.034331,708.789,REFINED_GROUPED_LAMBERT_GRID
2032,EROS,433 Eros,LANDING_PROSPECTING,5,2032-08-15T00:00:00Z,2033-02-11T00:00:00Z,180,5.003432,4.905485,25.034331,1277.264,REFINED_GROUPED_LAMBERT_GRID
2032,EROS,433 Eros,CARGO_DELIVERY,20,2032-08-15T00:00:00Z,2033-02-11T00:00:00Z,180,5.003432,4.905485,25.034331,2267.102,REFINED_GROUPED_LAMBERT_GRID
2032,EROS,433 Eros,CREWED_TRANSPORT,100,2032-08-15T00:00:00Z,2033-02-11T00:00:00Z,180,5.003432,4.905485,25.034331,10675.428,REFINED_GROUPED_LAMBERT_GRID
2033,EROS,433 Eros,FLYBY,1,2033-01-15T00:00:00Z,2034-01-15T00:00:00Z,365,5.489412,6.521317,30.13364,498.06,REFINED_GROUPED_LAMBERT_GRID
2033,EROS,433 Eros,ORBITAL_RECON,2,2033-01-15T00:00:00Z,2034-01-15T00:00:00Z,365,5.489412,6.521317,30.13364,778.445,REFINED_GROUPED_LAMBERT_GRID
2033,EROS,433 Eros,RENDEZVOUS,2,2033-01-15T00:00:00Z,2034-01-15T00:00:00Z,365,5.489412,6.521317,30.13364,778.445,REFINED_GROUPED_LAMBERT_GRID
2033,EROS,433 Eros,LANDING_PROSPECTING,5,2033-01-15T00:00:00Z,2034-01-15T00:00:00Z,365,5.489412,6.521317,30.13364,1424.022,REFINED_GROUPED_LAMBERT_GRID
2033,EROS,433 Eros,CARGO_DELIVERY,20,2033-01-15T00:00:00Z,2034-01-15T00:00:00Z,365,5.489412,6.521317,30.13364,2927.873,REFINED_GROUPED_LAMBERT_GRID
2033,EROS,433 Eros,CREWED_TRANSPORT,100,2033-01-15T00:00:00Z,2034-01-15T00:00:00Z,365,5.489412,6.521317,30.13364,13967.044,REFINED_GROUPED_LAMBERT_GRID
2034,EROS,433 Eros,FLYBY,1,2034-06-15T00:00:00Z,2034-12-12T00:00:00Z,180,7.716981,9.365232,59.551798,500.515,REFINED_GROUPED_LAMBERT_GRID
2034,EROS,433 Eros,ORBITAL_RECON,2,2034-12-15T00:00:00Z,2035-12-15T00:00:00Z,365,6.935472,3.136509,48.100772,699.149,REFINED_GROUPED_LAMBERT_GRID
2034,EROS,433 Eros,RENDEZVOUS,2,2034-12-15T00:00:00Z,2035-12-15T00:00:00Z,365,6.935472,3.136509,48.100772,699.149,REFINED_GROUPED_LAMBERT_GRID
2034,EROS,433 Eros,LANDING_PROSPECTING,5,2034-12-15T00:00:00Z,2035-12-15T00:00:00Z,365,6.935472,3.136509,48.100772,1209.612,REFINED_GROUPED_LAMBERT_GRID
2034,EROS,433 Eros,CARGO_DELIVERY,20,2034-12-15T00:00:00Z,2035-12-15T00:00:00Z,365,6.935472,3.136509,48.100772,1812.702,REFINED_GROUPED_LAMBERT_GRID
2034,EROS,433 Eros,CREWED_TRANSPORT,100,2034-12-15T00:00:00Z,2035-12-15T00:00:00Z,365,6.935472,3.136509,48.100772,8348.069,REFINED_GROUPED_LAMBERT_GRID
2035,EROS,433 Eros,FLYBY,1,2035-02-15T00:00:00Z,2035-08-14T00:00:00Z,180,6.015481,4.607033,36.186013,486.496,REFINED_GROUPED_LAMBERT_GRID
2035,EROS,433 Eros,ORBITAL_RECON,2,2035-01-15T00:00:00Z,2036-01-15T00:00:00Z,365,6.418389,1.448954,41.19572,669.892,REFINED_GROUPED_LAMBERT_GRID
2035,EROS,433 Eros,RENDEZVOUS,2,2035-01-15T00:00:00Z,2036-01-15T00:00:00Z,365,6.418389,1.448954,41.19572,669.892,REFINED_GROUPED_LAMBERT_GRID
2035,EROS,433 Eros,LANDING_PROSPECTING,5,2035-01-15T00:00:00Z,2036-01-15T00:00:00Z,365,6.418389,1.448954,41.19572,1142.684,REFINED_GROUPED_LAMBERT_GRID
2035,EROS,433 Eros,CARGO_DELIVERY,20,2035-01-15T00:00:00Z,2036-01-15T00:00:00Z,365,6.418389,1.448954,41.19572,1494.632,REFINED_GROUPED_LAMBERT_GRID
2035,EROS,433 Eros,CREWED_TRANSPORT,100,2035-01-15T00:00:00Z,2036-01-15T00:00:00Z,365,6.418389,1.448954,41.19572,6774.292,REFINED_GROUPED_LAMBERT_GRID
2026,EUROPA,Europa,FLYBY,1,2026-10-15T00:00:00Z,2028-10-14T00:00:00Z,730,10.009154,7.664479,100.183167,820.069,REFINED_GROUPED_LAMBERT_GRID
2026,EUROPA,Europa,ORBITAL_RECON,2,2026-10-15T00:00:00Z,2028-10-14T00:00:00Z,730,10.009154,7.664479,100.183167,1357.773,REFINED_GROUPED_LAMBERT_GRID
2026,EUROPA,Europa,RENDEZVOUS,2,2026-10-15T00:00:00Z,2028-10-14T00:00:00Z,730,10.009154,7.664479,100.183167,1357.773,REFINED_GROUPED_LAMBERT_GRID
2026,EUROPA,Europa,LANDING_PROSPECTING,5,2026-10-15T00:00:00Z,2028-10-14T00:00:00Z,730,10.009154,7.664479,100.183167,2389.329,REFINED_GROUPED_LAMBERT_GRID
2026,EUROPA,Europa,CARGO_DELIVERY,20,2026-11-15T00:00:00Z,2030-11-14T00:00:00Z,1460,9.160859,6.447972,83.921329,6345.204,REFINED_GROUPED_LAMBERT_GRID
2026,EUROPA,Europa,CREWED_TRANSPORT,100,2026-11-15T00:00:00Z,2030-11-14T00:00:00Z,1460,9.160859,6.447972,83.921329,30424.608,REFINED_GROUPED_LAMBERT_GRID
2027,EUROPA,Europa,FLYBY,1,2027-11-15T00:00:00Z,2029-11-14T00:00:00Z,730,9.745207,7.811387,94.969066,816.94,REFINED_GROUPED_LAMBERT_GRID
2027,EUROPA,Europa,ORBITAL_RECON,2,2027-11-15T00:00:00Z,2029-11-14T00:00:00Z,730,9.745207,7.811387,94.969066,1356.491,REFINED_GROUPED_LAMBERT_GRID
2027,EUROPA,Europa,RENDEZVOUS,2,2027-11-15T00:00:00Z,2029-11-14T00:00:00Z,730,9.745207,7.811387,94.969066,1356.491,REFINED_GROUPED_LAMBERT_GRID
2027,EUROPA,Europa,LANDING_PROSPECTING,5,2027-11-15T00:00:00Z,2029-11-14T00:00:00Z,730,9.745207,7.811387,94.969066,2390.817,REFINED_GROUPED_LAMBERT_GRID
2027,EUROPA,Europa,CARGO_DELIVERY,20,2027-12-15T00:00:00Z,2031-12-14T00:00:00Z,1460,8.934915,6.67473,79.832698,6372.085,REFINED_GROUPED_LAMBERT_GRID
2027,EUROPA,Europa,CREWED_TRANSPORT,100,2027-12-15T00:00:00Z,2031-12-14T00:00:00Z,1460,8.934915,6.67473,79.832698,30568.827,REFINED_GROUPED_LAMBERT_GRID
2028,EUROPA,Europa,FLYBY,1,2028-12-15T00:00:00Z,2030-12-15T00:00:00Z,730,9.262555,7.788666,85.794934,811.436,REFINED_GROUPED_LAMBERT_GRID
2028,EUROPA,Europa,ORBITAL_RECON,2,2028-12-15T00:00:00Z,2030-12-15T00:00:00Z,730,9.262555,7.788666,85.794934,1350.698,REFINED_GROUPED_LAMBERT_GRID
2028,EUROPA,Europa,RENDEZVOUS,2,2028-12-15T00:00:00Z,2030-12-15T00:00:00Z,730,9.262555,7.788666,85.794934,1350.698,REFINED_GROUPED_LAMBERT_GRID
2028,EUROPA,Europa,LANDING_PROSPECTING,5,2028-12-15T00:00:00Z,2030-12-15T00:00:00Z,730,9.262555,7.788666,85.794934,2384.591,REFINED_GROUPED_LAMBERT_GRID
2028,EUROPA,Europa,CARGO_DELIVERY,20,2028-01-15T00:00:00Z,2032-01-14T00:00:00Z,1460,11.337821,6.986825,128.546189,6443.612,REFINED_GROUPED_LAMBERT_GRID
2028,EUROPA,Europa,CREWED_TRANSPORT,100,2028-01-15T00:00:00Z,2032-01-14T00:00:00Z,1460,11.337821,6.986825,128.546189,30809.552,REFINED_GROUPED_LAMBERT_GRID
2029,EUROPA,Europa,FLYBY,1,2029-01-15T00:00:00Z,2031-01-15T00:00:00Z,730,11.376369,7.448778,129.421765,837.612,REFINED_GROUPED_LAMBERT_GRID
2029,EUROPA,Europa,ORBITAL_RECON,2,2029-01-15T00:00:00Z,2031-01-15T00:00:00Z,730,11.376369,7.448778,129.421765,1372.681,REFINED_GROUPED_LAMBERT_GRID
2029,EUROPA,Europa,RENDEZVOUS,2,2029-01-15T00:00:00Z,2031-01-15T00:00:00Z,730,11.376369,7.448778,129.421765,1372.681,REFINED_GROUPED_LAMBERT_GRID
2029,EUROPA,Europa,LANDING_PROSPECTING,5,2029-01-15T00:00:00Z,2031-01-15T00:00:00Z,730,11.376369,7.448778,129.421765,2400.284,REFINED_GROUPED_LAMBERT_GRID
2029,EUROPA,Europa,CARGO_DELIVERY,20,2029-01-15T00:00:00Z,2033-01-14T00:00:00Z,1460,8.975331,7.051394,80.556575,6423.852,REFINED_GROUPED_LAMBERT_GRID
2029,EUROPA,Europa,CREWED_TRANSPORT,100,2029-01-15T00:00:00Z,2033-01-14T00:00:00Z,1460,8.975331,7.051394,80.556575,30825.924,REFINED_GROUPED_LAMBERT_GRID
2030,EUROPA,Europa,FLYBY,1,2030-01-15T00:00:00Z,2032-01-15T00:00:00Z,730,8.988597,7.635576,80.79488,808.436,REFINED_GROUPED_LAMBERT_GRID
2030,EUROPA,Europa,ORBITAL_RECON,2,2030-01-15T00:00:00Z,2032-01-15T00:00:00Z,730,8.988597,7.635576,80.79488,1345.781,REFINED_GROUPED_LAMBERT_GRID
2030,EUROPA,Europa,RENDEZVOUS,2,2030-01-15T00:00:00Z,2032-01-15T00:00:00Z,730,8.988597,7.635576,80.79488,1345.781,REFINED_GROUPED_LAMBERT_GRID
2030,EUROPA,Europa,LANDING_PROSPECTING,5,2030-01-15T00:00:00Z,2032-01-15T00:00:00Z,730,8.988597,7.635576,80.79488,2376.8,REFINED_GROUPED_LAMBERT_GRID
2030,EUROPA,Europa,CARGO_DELIVERY,20,2030-02-15T00:00:00Z,2032-02-15T00:00:00Z,730,11.172445,7.327237,124.823527,6430.149,REFINED_GROUPED_LAMBERT_GRID
2030,EUROPA,Europa,CREWED_TRANSPORT,100,2030-02-15T00:00:00Z,2032-02-15T00:00:00Z,730,11.172445,7.327237,124.823527,30751.17,REFINED_GROUPED_LAMBERT_GRID
2031,EUROPA,Europa,FLYBY,1,2031-02-15T00:00:00Z,2033-02-14T00:00:00Z,730,9.240817,7.442919,85.392703,811.195,REFINED_GROUPED_LAMBERT_GRID
2031,EUROPA,Europa,ORBITAL_RECON,2,2031-02-15T00:00:00Z,2033-02-14T00:00:00Z,730,9.240817,7.442919,85.392703,1346.193,REFINED_GROUPED_LAMBERT_GRID
2031,EUROPA,Europa,RENDEZVOUS,2,2031-02-15T00:00:00Z,2033-02-14T00:00:00Z,730,9.240817,7.442919,85.392703,1346.193,REFINED_GROUPED_LAMBERT_GRID
2031,EUROPA,Europa,LANDING_PROSPECTING,5,2031-02-15T00:00:00Z,2033-02-14T00:00:00Z,730,9.240817,7.442919,85.392703,2373.691,REFINED_GROUPED_LAMBERT_GRID
2031,EUROPA,Europa,CARGO_DELIVERY,20,2031-03-15T00:00:00Z,2033-03-14T00:00:00Z,730,10.311731,7.145867,106.331805,6392.751,REFINED_GROUPED_LAMBERT_GRID
2031,EUROPA,Europa,CREWED_TRANSPORT,100,2031-03-15T00:00:00Z,2033-03-14T00:00:00Z,730,10.311731,7.145867,106.331805,30608.56,REFINED_GROUPED_LAMBERT_GRID
2032,EUROPA,Europa,FLYBY,1,2032-04-15T00:00:00Z,2034-04-15T00:00:00Z,730,9.899216,6.922975,97.994475,818.756,REFINED_GROUPED_LAMBERT_GRID
2032,EUROPA,Europa,ORBITAL_RECON,2,2032-04-15T00:00:00Z,2034-04-15T00:00:00Z,730,9.899216,6.922975,97.994475,1347.774,REFINED_GROUPED_LAMBERT_GRID
2032,EUROPA,Europa,RENDEZVOUS,2,2032-04-15T00:00:00Z,2034-04-15T00:00:00Z,730,9.899216,6.922975,97.994475,1347.774,REFINED_GROUPED_LAMBERT_GRID
2032,EUROPA,Europa,LANDING_PROSPECTING,5,2032-04-15T00:00:00Z,2034-04-15T00:00:00Z,730,9.899216,6.922975,97.994475,2366.302,REFINED_GROUPED_LAMBERT_GRID
2032,EUROPA,Europa,CARGO_DELIVERY,20,2032-04-15T00:00:00Z,2034-04-15T00:00:00Z,730,9.899216,6.922975,97.994475,6356.485,REFINED_GROUPED_LAMBERT_GRID
2032,EUROPA,Europa,CREWED_TRANSPORT,100,2032-04-15T00:00:00Z,2034-04-15T00:00:00Z,730,9.899216,6.922975,97.994475,30447.24,REFINED_GROUPED_LAMBERT_GRID
2033,EUROPA,Europa,FLYBY,1,2033-05-15T00:00:00Z,2035-05-15T00:00:00Z,730,9.386985,6.754124,88.115491,812.828,REFINED_GROUPED_LAMBERT_GRID
2033,EUROPA,Europa,ORBITAL_RECON,2,2033-05-15T00:00:00Z,2035-05-15T00:00:00Z,730,9.386985,6.754124,88.115491,1340.013,REFINED_GROUPED_LAMBERT_GRID
2033,EUROPA,Europa,RENDEZVOUS,2,2033-05-15T00:00:00Z,2035-05-15T00:00:00Z,730,9.386985,6.754124,88.115491,1340.013,REFINED_GROUPED_LAMBERT_GRID
2033,EUROPA,Europa,LANDING_PROSPECTING,5,2033-05-15T00:00:00Z,2035-05-15T00:00:00Z,730,9.386985,6.754124,88.115491,2355.791,REFINED_GROUPED_LAMBERT_GRID
2033,EUROPA,Europa,CARGO_DELIVERY,20,2033-05-15T00:00:00Z,2035-05-15T00:00:00Z,730,9.386985,6.754124,88.115491,6327.643,REFINED_GROUPED_LAMBERT_GRID
2033,EUROPA,Europa,CREWED_TRANSPORT,100,2033-05-15T00:00:00Z,2035-05-15T00:00:00Z,730,9.386985,6.754124,88.115491,30326.74,REFINED_GROUPED_LAMBERT_GRID
2034,EUROPA,Europa,FLYBY,1,2034-06-15T00:00:00Z,2036-06-14T00:00:00Z,730,9.140953,6.680873,83.557015,810.093,REFINED_GROUPED_LAMBERT_GRID
2034,EUROPA,Europa,ORBITAL_RECON,2,2034-06-15T00:00:00Z,2036-06-14T00:00:00Z,730,9.140953,6.680873,83.557015,1336.499,REFINED_GROUPED_LAMBERT_GRID
2034,EUROPA,Europa,RENDEZVOUS,2,2034-06-15T00:00:00Z,2036-06-14T00:00:00Z,730,9.140953,6.680873,83.557015,1336.499,REFINED_GROUPED_LAMBERT_GRID
2034,EUROPA,Europa,LANDING_PROSPECTING,5,2034-06-15T00:00:00Z,2036-06-14T00:00:00Z,730,9.140953,6.680873,83.557015,2351.109,REFINED_GROUPED_LAMBERT_GRID
2034,EUROPA,Europa,CARGO_DELIVERY,20,2034-06-15T00:00:00Z,2036-06-14T00:00:00Z,730,9.140953,6.680873,83.557015,6315.172,REFINED_GROUPED_LAMBERT_GRID
2034,EUROPA,Europa,CREWED_TRANSPORT,100,2034-07-15T00:00:00Z,2036-07-14T00:00:00Z,730,11.987542,6.567764,143.701175,30237.438,REFINED_GROUPED_LAMBERT_GRID
2035,EUROPA,Europa,FLYBY,1,2035-07-15T00:00:00Z,2037-07-14T00:00:00Z,730,9.203797,6.790313,84.709886,810.785,REFINED_GROUPED_LAMBERT_GRID
2035,EUROPA,Europa,ORBITAL_RECON,2,2035-07-15T00:00:00Z,2037-07-14T00:00:00Z,730,9.203797,6.790313,84.709886,1338.359,REFINED_GROUPED_LAMBERT_GRID
2035,EUROPA,Europa,RENDEZVOUS,2,2035-07-15T00:00:00Z,2037-07-14T00:00:00Z,730,9.203797,6.790313,84.709886,1338.359,REFINED_GROUPED_LAMBERT_GRID
2035,EUROPA,Europa,LANDING_PROSPECTING,5,2035-07-15T00:00:00Z,2037-07-14T00:00:00Z,730,9.203797,6.790313,84.709886,2354.719,REFINED_GROUPED_LAMBERT_GRID
2035,EUROPA,Europa,CARGO_DELIVERY,20,2035-08-15T00:00:00Z,2037-08-14T00:00:00Z,730,11.253702,6.593452,126.645805,6329.565,REFINED_GROUPED_LAMBERT_GRID
2035,EUROPA,Europa,CREWED_TRANSPORT,100,2035-08-15T00:00:00Z,2037-08-14T00:00:00Z,730,11.253702,6.593452,126.645805,30243.877,REFINED_GROUPED_LAMBERT_GRID
2026,EURYBATES,3548 Eurybates,FLYBY,1,2026-01-15T00:00:00Z,2028-01-15T00:00:00Z,730,12.134905,7.743211,147.255923,598.312,REFINED_GROUPED_LAMBERT_GRID
2026,EURYBATES,3548 Eurybates,ORBITAL_RECON,2,2026-01-15T00:00:00Z,2028-01-15T00:00:00Z,730,12.134905,7.743211,147.255923,931.853,REFINED_GROUPED_LAMBERT_GRID
2026,EURYBATES,3548 Eurybates,RENDEZVOUS,2,2026-01-15T00:00:00Z,2028-01-15T00:00:00Z,730,12.134905,7.743211,147.255923,931.853,REFINED_GROUPED_LAMBERT_GRID
2026,EURYBATES,3548 Eurybates,LANDING_PROSPECTING,5,2026-01-15T00:00:00Z,2028-01-15T00:00:00Z,730,12.134905,7.743211,147.255923,1657.164,REFINED_GROUPED_LAMBERT_GRID
2026,EURYBATES,3548 Eurybates,CARGO_DELIVERY,20,2026-12-15T00:00:00Z,2030-12-14T00:00:00Z,1460,15.937089,6.751979,253.990805,3264.143,REFINED_GROUPED_LAMBERT_GRID
2026,EURYBATES,3548 Eurybates,CREWED_TRANSPORT,100,2026-12-15T00:00:00Z,2030-12-14T00:00:00Z,1460,15.937089,6.751979,253.990805,15111.136,REFINED_GROUPED_LAMBERT_GRID
2027,EURYBATES,3548 Eurybates,FLYBY,1,2027-02-15T00:00:00Z,2029-02-14T00:00:00Z,730,13.327545,8.011336,177.623468,616.533,REFINED_GROUPED_LAMBERT_GRID
2027,EURYBATES,3548 Eurybates,ORBITAL_RECON,2,2027-01-15T00:00:00Z,2031-01-14T00:00:00Z,1460,13.311553,6.678254,177.197453,962.668,REFINED_GROUPED_LAMBERT_GRID
2027,EURYBATES,3548 Eurybates,RENDEZVOUS,2,2027-01-15T00:00:00Z,2031-01-14T00:00:00Z,1460,13.311553,6.678254,177.197453,962.668,REFINED_GROUPED_LAMBERT_GRID
2027,EURYBATES,3548 Eurybates,LANDING_PROSPECTING,5,2027-01-15T00:00:00Z,2031-01-14T00:00:00Z,1460,13.311553,6.678254,177.197453,1617.317,REFINED_GROUPED_LAMBERT_GRID
2027,EURYBATES,3548 Eurybates,CARGO_DELIVERY,20,2027-01-15T00:00:00Z,2031-01-14T00:00:00Z,1460,13.311553,6.678254,177.197453,3181.637,REFINED_GROUPED_LAMBERT_GRID
2027,EURYBATES,3548 Eurybates,CREWED_TRANSPORT,100,2027-01-15T00:00:00Z,2031-01-14T00:00:00Z,1460,13.311553,6.678254,177.197453,14882.912,REFINED_GROUPED_LAMBERT_GRID
2028,EURYBATES,3548 Eurybates,FLYBY,1,2028-03-15T00:00:00Z,2030-03-15T00:00:00Z,730,13.847485,7.978404,191.752846,625.011,REFINED_GROUPED_LAMBERT_GRID
2028,EURYBATES,3548 Eurybates,ORBITAL_RECON,2,2028-02-15T00:00:00Z,2032-02-14T00:00:00Z,1460,11.694886,7.269237,136.770358,963.173,REFINED_GROUPED_LAMBERT_GRID
2028,EURYBATES,3548 Eurybates,RENDEZVOUS,2,2028-02-15T00:00:00Z,2032-02-14T00:00:00Z,1460,11.694886,7.269237,136.770358,963.173,REFINED_GROUPED_LAMBERT_GRID
2028,EURYBATES,3548 Eurybates,LANDING_PROSPECTING,5,2028-02-15T00:00:00Z,2032-02-14T00:00:00Z,1460,11.694886,7.269237,136.770358,1654.963,REFINED_GROUPED_LAMBERT_GRID
2028,EURYBATES,3548 Eurybates,CARGO_DELIVERY,20,2028-02-15T00:00:00Z,2032-02-14T00:00:00Z,1460,11.694886,7.269237,136.770358,3466.895,REFINED_GROUPED_LAMBERT_GRID
2028,EURYBATES,3548 Eurybates,CREWED_TRANSPORT,100,2028-02-15T00:00:00Z,2032-02-14T00:00:00Z,1460,11.694886,7.269237,136.770358,16406.224,REFINED_GROUPED_LAMBERT_GRID
2029,EURYBATES,3548 Eurybates,FLYBY,1,2029-04-15T00:00:00Z,2033-04-14T00:00:00Z,1460,9.048253,7.837127,81.870891,619.04,REFINED_GROUPED_LAMBERT_GRID
2029,EURYBATES,3548 Eurybates,ORBITAL_RECON,2,2029-04-15T00:00:00Z,2031-04-15T00:00:00Z,730,13.751325,7.665922,189.098926,953.152,REFINED_GROUPED_LAMBERT_GRID
2029,EURYBATES,3548 Eurybates,RENDEZVOUS,2,2029-04-15T00:00:00Z,2031-04-15T00:00:00Z,730,13.751325,7.665922,189.098926,953.152,REFINED_GROUPED_LAMBERT_GRID
2029,EURYBATES,3548 Eurybates,LANDING_PROSPECTING,5,2029-04-15T00:00:00Z,2031-04-15T00:00:00Z,730,13.751325,7.665922,189.098926,1672.753,REFINED_GROUPED_LAMBERT_GRID
2029,EURYBATES,3548 Eurybates,CARGO_DELIVERY,20,2029-04-15T00:00:00Z,2031-04-15T00:00:00Z,730,13.751325,7.665922,189.098926,3670.093,REFINED_GROUPED_LAMBERT_GRID
2029,EURYBATES,3548 Eurybates,CREWED_TRANSPORT,100,2029-04-15T00:00:00Z,2031-04-15T00:00:00Z,730,13.751325,7.665922,189.098926,17296.629,REFINED_GROUPED_LAMBERT_GRID
2030,EURYBATES,3548 Eurybates,FLYBY,1,2030-05-15T00:00:00Z,2032-05-14T00:00:00Z,730,12.464547,7.292681,155.364937,603.178,REFINED_GROUPED_LAMBERT_GRID
2030,EURYBATES,3548 Eurybates,ORBITAL_RECON,2,2030-05-15T00:00:00Z,2032-05-14T00:00:00Z,730,12.464547,7.292681,155.364937,915.422,REFINED_GROUPED_LAMBERT_GRID
2030,EURYBATES,3548 Eurybates,RENDEZVOUS,2,2030-05-15T00:00:00Z,2032-05-14T00:00:00Z,730,12.464547,7.292681,155.364937,915.422,REFINED_GROUPED_LAMBERT_GRID
2030,EURYBATES,3548 Eurybates,LANDING_PROSPECTING,5,2030-05-15T00:00:00Z,2032-05-14T00:00:00Z,730,12.464547,7.292681,155.364937,1608.788,REFINED_GROUPED_LAMBERT_GRID
2030,EURYBATES,3548 Eurybates,CARGO_DELIVERY,20,2030-05-15T00:00:00Z,2032-05-14T00:00:00Z,730,12.464547,7.292681,155.364937,3431.228,REFINED_GROUPED_LAMBERT_GRID
2030,EURYBATES,3548 Eurybates,CREWED_TRANSPORT,100,2030-05-15T00:00:00Z,2032-05-14T00:00:00Z,730,12.464547,7.292681,155.364937,16183.267,REFINED_GROUPED_LAMBERT_GRID
2031,EURYBATES,3548 Eurybates,FLYBY,1,2031-05-15T00:00:00Z,2033-05-14T00:00:00Z,730,8.779709,7.223532,77.083294,556.209,REFINED_GROUPED_LAMBERT_GRID
2031,EURYBATES,3548 Eurybates,ORBITAL_RECON,2,2031-05-15T00:00:00Z,2033-05-14T00:00:00Z,730,8.779709,7.223532,77.083294,865.369,REFINED_GROUPED_LAMBERT_GRID
2031,EURYBATES,3548 Eurybates,RENDEZVOUS,2,2031-05-15T00:00:00Z,2033-05-14T00:00:00Z,730,8.779709,7.223532,77.083294,865.369,REFINED_GROUPED_LAMBERT_GRID
2031,EURYBATES,3548 Eurybates,LANDING_PROSPECTING,5,2031-05-15T00:00:00Z,2033-05-14T00:00:00Z,730,8.779709,7.223532,77.083294,1554.109,REFINED_GROUPED_LAMBERT_GRID
2031,EURYBATES,3548 Eurybates,CARGO_DELIVERY,20,2031-06-15T00:00:00Z,2033-06-14T00:00:00Z,730,10.883016,7.086616,118.440044,3295.919,REFINED_GROUPED_LAMBERT_GRID
2031,EURYBATES,3548 Eurybates,CREWED_TRANSPORT,100,2031-06-15T00:00:00Z,2033-06-14T00:00:00Z,730,10.883016,7.086616,118.440044,15595.34,REFINED_GROUPED_LAMBERT_GRID
2032,EURYBATES,3548 Eurybates,FLYBY,1,2032-07-15T00:00:00Z,2033-07-15T00:00:00Z,365,12.675258,17.74462,160.662164,576.377,REFINED_GROUPED_LAMBERT_GRID
2032,EURYBATES,3548 Eurybates,ORBITAL_RECON,2,2032-07-15T00:00:00Z,2034-07-15T00:00:00Z,730,11.700235,7.231533,136.895503,901.611,REFINED_GROUPED_LAMBERT_GRID
2032,EURYBATES,3548 Eurybates,RENDEZVOUS,2,2032-07-15T00:00:00Z,2034-07-15T00:00:00Z,730,11.700235,7.231533,136.895503,901.611,REFINED_GROUPED_LAMBERT_GRID
2032,EURYBATES,3548 Eurybates,LANDING_PROSPECTING,5,2032-07-15T00:00:00Z,2034-07-15T00:00:00Z,730,11.700235,7.231533,136.895503,1590.882,REFINED_GROUPED_LAMBERT_GRID
2032,EURYBATES,3548 Eurybates,CARGO_DELIVERY,20,2032-08-15T00:00:00Z,2034-08-15T00:00:00Z,730,15.169193,7.020195,230.104416,3327.536,REFINED_GROUPED_LAMBERT_GRID
2032,EURYBATES,3548 Eurybates,CREWED_TRANSPORT,100,2032-08-15T00:00:00Z,2034-08-15T00:00:00Z,730,15.169193,7.020195,230.104416,15485.427,REFINED_GROUPED_LAMBERT_GRID
2033,EURYBATES,3548 Eurybates,FLYBY,1,2033-08-15T00:00:00Z,2034-08-15T00:00:00Z,365,13.036526,17.449458,169.951013,581.95,REFINED_GROUPED_LAMBERT_GRID
2033,EURYBATES,3548 Eurybates,ORBITAL_RECON,2,2033-09-15T00:00:00Z,2035-09-15T00:00:00Z,730,14.345662,6.640126,205.798006,918.381,REFINED_GROUPED_LAMBERT_GRID
2033,EURYBATES,3548 Eurybates,RENDEZVOUS,2,2033-09-15T00:00:00Z,2035-09-15T00:00:00Z,730,14.345662,6.640126,205.798006,918.381,REFINED_GROUPED_LAMBERT_GRID
2033,EURYBATES,3548 Eurybates,LANDING_PROSPECTING,5,2033-09-15T00:00:00Z,2035-09-15T00:00:00Z,730,14.345662,6.640126,205.798006,1570.796,REFINED_GROUPED_LAMBERT_GRID
2033,EURYBATES,3548 Eurybates,CARGO_DELIVERY,20,2033-09-15T00:00:00Z,2035-09-15T00:00:00Z,730,14.345662,6.640126,205.798006,3120.231,REFINED_GROUPED_LAMBERT_GRID
2033,EURYBATES,3548 Eurybates,CREWED_TRANSPORT,100,2033-09-15T00:00:00Z,2035-09-15T00:00:00Z,730,14.345662,6.640126,205.798006,14507.241,REFINED_GROUPED_LAMBERT_GRID
2034,EURYBATES,3548 Eurybates,FLYBY,1,2034-09-15T00:00:00Z,2035-09-15T00:00:00Z,365,14.812543,18.096268,219.411417,611.626,REFINED_GROUPED_LAMBERT_GRID
2034,EURYBATES,3548 Eurybates,ORBITAL_RECON,2,2034-10-15T00:00:00Z,2036-10-14T00:00:00Z,730,13.223515,6.412799,174.861344,891.201,REFINED_GROUPED_LAMBERT_GRID
2034,EURYBATES,3548 Eurybates,RENDEZVOUS,2,2034-10-15T00:00:00Z,2036-10-14T00:00:00Z,730,13.223515,6.412799,174.861344,891.201,REFINED_GROUPED_LAMBERT_GRID
2034,EURYBATES,3548 Eurybates,LANDING_PROSPECTING,5,2034-10-15T00:00:00Z,2036-10-14T00:00:00Z,730,13.223515,6.412799,174.861344,1530.689,REFINED_GROUPED_LAMBERT_GRID
2034,EURYBATES,3548 Eurybates,CARGO_DELIVERY,20,2034-10-15T00:00:00Z,2036-10-14T00:00:00Z,730,13.223515,6.412799,174.861344,2993.943,REFINED_GROUPED_LAMBERT_GRID
2034,EURYBATES,3548 Eurybates,CREWED_TRANSPORT,100,2034-10-15T00:00:00Z,2036-10-14T00:00:00Z,730,13.223515,6.412799,174.861344,13950.046,REFINED_GROUPED_LAMBERT_GRID
2035,EURYBATES,3548 Eurybates,FLYBY,1,2035-11-15T00:00:00Z,2037-11-14T00:00:00Z,730,11.791579,6.675312,139.041332,593.384,REFINED_GROUPED_LAMBERT_GRID
2035,EURYBATES,3548 Eurybates,ORBITAL_RECON,2,2035-11-15T00:00:00Z,2037-11-14T00:00:00Z,730,11.791579,6.675312,139.041332,879.7,REFINED_GROUPED_LAMBERT_GRID
2035,EURYBATES,3548 Eurybates,RENDEZVOUS,2,2035-11-15T00:00:00Z,2037-11-14T00:00:00Z,730,11.791579,6.675312,139.041332,879.7,REFINED_GROUPED_LAMBERT_GRID
2035,EURYBATES,3548 Eurybates,LANDING_PROSPECTING,5,2035-11-15T00:00:00Z,2037-11-14T00:00:00Z,730,11.791579,6.675312,139.041332,1534.176,REFINED_GROUPED_LAMBERT_GRID
2035,EURYBATES,3548 Eurybates,CARGO_DELIVERY,20,2035-11-15T00:00:00Z,2039-11-14T00:00:00Z,1460,12.186489,6.032654,148.510522,2869.673,REFINED_GROUPED_LAMBERT_GRID
2035,EURYBATES,3548 Eurybates,CREWED_TRANSPORT,100,2035-11-15T00:00:00Z,2039-11-14T00:00:00Z,1460,12.186489,6.032654,148.510522,13391.938,REFINED_GROUPED_LAMBERT_GRID
2026,GANYMEDE,Ganymede,FLYBY,1,2026-10-15T00:00:00Z,2028-10-14T00:00:00Z,730,10.009154,7.664479,100.183167,820.069,REFINED_GROUPED_LAMBERT_GRID
2026,GANYMEDE,Ganymede,ORBITAL_RECON,2,2026-10-15T00:00:00Z,2028-10-14T00:00:00Z,730,10.009154,7.664479,100.183167,1357.773,REFINED_GROUPED_LAMBERT_GRID
2026,GANYMEDE,Ganymede,RENDEZVOUS,2,2026-10-15T00:00:00Z,2028-10-14T00:00:00Z,730,10.009154,7.664479,100.183167,1357.773,REFINED_GROUPED_LAMBERT_GRID
2026,GANYMEDE,Ganymede,LANDING_PROSPECTING,5,2026-10-15T00:00:00Z,2028-10-14T00:00:00Z,730,10.009154,7.664479,100.183167,2389.329,REFINED_GROUPED_LAMBERT_GRID
2026,GANYMEDE,Ganymede,CARGO_DELIVERY,20,2026-11-15T00:00:00Z,2030-11-14T00:00:00Z,1460,9.160859,6.447972,83.921329,6345.204,REFINED_GROUPED_LAMBERT_GRID
2026,GANYMEDE,Ganymede,CREWED_TRANSPORT,100,2026-11-15T00:00:00Z,2030-11-14T00:00:00Z,1460,9.160859,6.447972,83.921329,30424.608,REFINED_GROUPED_LAMBERT_GRID
2027,GANYMEDE,Ganymede,FLYBY,1,2027-11-15T00:00:00Z,2029-11-14T00:00:00Z,730,9.745207,7.811387,94.969066,816.94,REFINED_GROUPED_LAMBERT_GRID
2027,GANYMEDE,Ganymede,ORBITAL_RECON,2,2027-11-15T00:00:00Z,2029-11-14T00:00:00Z,730,9.745207,7.811387,94.969066,1356.491,REFINED_GROUPED_LAMBERT_GRID
2027,GANYMEDE,Ganymede,RENDEZVOUS,2,2027-11-15T00:00:00Z,2029-11-14T00:00:00Z,730,9.745207,7.811387,94.969066,1356.491,REFINED_GROUPED_LAMBERT_GRID
2027,GANYMEDE,Ganymede,LANDING_PROSPECTING,5,2027-11-15T00:00:00Z,2029-11-14T00:00:00Z,730,9.745207,7.811387,94.969066,2390.817,REFINED_GROUPED_LAMBERT_GRID
2027,GANYMEDE,Ganymede,CARGO_DELIVERY,20,2027-12-15T00:00:00Z,2031-12-14T00:00:00Z,1460,8.934915,6.67473,79.832698,6372.085,REFINED_GROUPED_LAMBERT_GRID
2027,GANYMEDE,Ganymede,CREWED_TRANSPORT,100,2027-12-15T00:00:00Z,2031-12-14T00:00:00Z,1460,8.934915,6.67473,79.832698,30568.827,REFINED_GROUPED_LAMBERT_GRID
2028,GANYMEDE,Ganymede,FLYBY,1,2028-12-15T00:00:00Z,2030-12-15T00:00:00Z,730,9.262555,7.788666,85.794934,811.436,REFINED_GROUPED_LAMBERT_GRID
2028,GANYMEDE,Ganymede,ORBITAL_RECON,2,2028-12-15T00:00:00Z,2030-12-15T00:00:00Z,730,9.262555,7.788666,85.794934,1350.698,REFINED_GROUPED_LAMBERT_GRID
2028,GANYMEDE,Ganymede,RENDEZVOUS,2,2028-12-15T00:00:00Z,2030-12-15T00:00:00Z,730,9.262555,7.788666,85.794934,1350.698,REFINED_GROUPED_LAMBERT_GRID
2028,GANYMEDE,Ganymede,LANDING_PROSPECTING,5,2028-12-15T00:00:00Z,2030-12-15T00:00:00Z,730,9.262555,7.788666,85.794934,2384.591,REFINED_GROUPED_LAMBERT_GRID
2028,GANYMEDE,Ganymede,CARGO_DELIVERY,20,2028-01-15T00:00:00Z,2032-01-14T00:00:00Z,1460,11.337821,6.986825,128.546189,6443.612,REFINED_GROUPED_LAMBERT_GRID
2028,GANYMEDE,Ganymede,CREWED_TRANSPORT,100,2028-01-15T00:00:00Z,2032-01-14T00:00:00Z,1460,11.337821,6.986825,128.546189,30809.552,REFINED_GROUPED_LAMBERT_GRID
2029,GANYMEDE,Ganymede,FLYBY,1,2029-01-15T00:00:00Z,2031-01-15T00:00:00Z,730,11.376369,7.448778,129.421765,837.612,REFINED_GROUPED_LAMBERT_GRID
2029,GANYMEDE,Ganymede,ORBITAL_RECON,2,2029-01-15T00:00:00Z,2031-01-15T00:00:00Z,730,11.376369,7.448778,129.421765,1372.681,REFINED_GROUPED_LAMBERT_GRID
2029,GANYMEDE,Ganymede,RENDEZVOUS,2,2029-01-15T00:00:00Z,2031-01-15T00:00:00Z,730,11.376369,7.448778,129.421765,1372.681,REFINED_GROUPED_LAMBERT_GRID
2029,GANYMEDE,Ganymede,LANDING_PROSPECTING,5,2029-01-15T00:00:00Z,2031-01-15T00:00:00Z,730,11.376369,7.448778,129.421765,2400.284,REFINED_GROUPED_LAMBERT_GRID
2029,GANYMEDE,Ganymede,CARGO_DELIVERY,20,2029-01-15T00:00:00Z,2033-01-14T00:00:00Z,1460,8.975331,7.051394,80.556575,6423.852,REFINED_GROUPED_LAMBERT_GRID
2029,GANYMEDE,Ganymede,CREWED_TRANSPORT,100,2029-01-15T00:00:00Z,2033-01-14T00:00:00Z,1460,8.975331,7.051394,80.556575,30825.924,REFINED_GROUPED_LAMBERT_GRID
2030,GANYMEDE,Ganymede,FLYBY,1,2030-01-15T00:00:00Z,2032-01-15T00:00:00Z,730,8.988597,7.635576,80.79488,808.436,REFINED_GROUPED_LAMBERT_GRID
2030,GANYMEDE,Ganymede,ORBITAL_RECON,2,2030-01-15T00:00:00Z,2032-01-15T00:00:00Z,730,8.988597,7.635576,80.79488,1345.781,REFINED_GROUPED_LAMBERT_GRID
2030,GANYMEDE,Ganymede,RENDEZVOUS,2,2030-01-15T00:00:00Z,2032-01-15T00:00:00Z,730,8.988597,7.635576,80.79488,1345.781,REFINED_GROUPED_LAMBERT_GRID
2030,GANYMEDE,Ganymede,LANDING_PROSPECTING,5,2030-01-15T00:00:00Z,2032-01-15T00:00:00Z,730,8.988597,7.635576,80.79488,2376.8,REFINED_GROUPED_LAMBERT_GRID
2030,GANYMEDE,Ganymede,CARGO_DELIVERY,20,2030-02-15T00:00:00Z,2032-02-15T00:00:00Z,730,11.172445,7.327237,124.823527,6430.149,REFINED_GROUPED_LAMBERT_GRID
2030,GANYMEDE,Ganymede,CREWED_TRANSPORT,100,2030-02-15T00:00:00Z,2032-02-15T00:00:00Z,730,11.172445,7.327237,124.823527,30751.17,REFINED_GROUPED_LAMBERT_GRID
2031,GANYMEDE,Ganymede,FLYBY,1,2031-02-15T00:00:00Z,2033-02-14T00:00:00Z,730,9.240817,7.442919,85.392703,811.195,REFINED_GROUPED_LAMBERT_GRID
2031,GANYMEDE,Ganymede,ORBITAL_RECON,2,2031-02-15T00:00:00Z,2033-02-14T00:00:00Z,730,9.240817,7.442919,85.392703,1346.193,REFINED_GROUPED_LAMBERT_GRID
2031,GANYMEDE,Ganymede,RENDEZVOUS,2,2031-02-15T00:00:00Z,2033-02-14T00:00:00Z,730,9.240817,7.442919,85.392703,1346.193,REFINED_GROUPED_LAMBERT_GRID
2031,GANYMEDE,Ganymede,LANDING_PROSPECTING,5,2031-02-15T00:00:00Z,2033-02-14T00:00:00Z,730,9.240817,7.442919,85.392703,2373.691,REFINED_GROUPED_LAMBERT_GRID
2031,GANYMEDE,Ganymede,CARGO_DELIVERY,20,2031-03-15T00:00:00Z,2033-03-14T00:00:00Z,730,10.311731,7.145867,106.331805,6392.751,REFINED_GROUPED_LAMBERT_GRID
2031,GANYMEDE,Ganymede,CREWED_TRANSPORT,100,2031-03-15T00:00:00Z,2033-03-14T00:00:00Z,730,10.311731,7.145867,106.331805,30608.56,REFINED_GROUPED_LAMBERT_GRID
2032,GANYMEDE,Ganymede,FLYBY,1,2032-04-15T00:00:00Z,2034-04-15T00:00:00Z,730,9.899216,6.922975,97.994475,818.756,REFINED_GROUPED_LAMBERT_GRID
2032,GANYMEDE,Ganymede,ORBITAL_RECON,2,2032-04-15T00:00:00Z,2034-04-15T00:00:00Z,730,9.899216,6.922975,97.994475,1347.774,REFINED_GROUPED_LAMBERT_GRID
2032,GANYMEDE,Ganymede,RENDEZVOUS,2,2032-04-15T00:00:00Z,2034-04-15T00:00:00Z,730,9.899216,6.922975,97.994475,1347.774,REFINED_GROUPED_LAMBERT_GRID
2032,GANYMEDE,Ganymede,LANDING_PROSPECTING,5,2032-04-15T00:00:00Z,2034-04-15T00:00:00Z,730,9.899216,6.922975,97.994475,2366.302,REFINED_GROUPED_LAMBERT_GRID
2032,GANYMEDE,Ganymede,CARGO_DELIVERY,20,2032-04-15T00:00:00Z,2034-04-15T00:00:00Z,730,9.899216,6.922975,97.994475,6356.485,REFINED_GROUPED_LAMBERT_GRID
2032,GANYMEDE,Ganymede,CREWED_TRANSPORT,100,2032-04-15T00:00:00Z,2034-04-15T00:00:00Z,730,9.899216,6.922975,97.994475,30447.24,REFINED_GROUPED_LAMBERT_GRID
2033,GANYMEDE,Ganymede,FLYBY,1,2033-05-15T00:00:00Z,2035-05-15T00:00:00Z,730,9.386985,6.754124,88.115491,812.828,REFINED_GROUPED_LAMBERT_GRID
2033,GANYMEDE,Ganymede,ORBITAL_RECON,2,2033-05-15T00:00:00Z,2035-05-15T00:00:00Z,730,9.386985,6.754124,88.115491,1340.013,REFINED_GROUPED_LAMBERT_GRID
2033,GANYMEDE,Ganymede,RENDEZVOUS,2,2033-05-15T00:00:00Z,2035-05-15T00:00:00Z,730,9.386985,6.754124,88.115491,1340.013,REFINED_GROUPED_LAMBERT_GRID
2033,GANYMEDE,Ganymede,LANDING_PROSPECTING,5,2033-05-15T00:00:00Z,2035-05-15T00:00:00Z,730,9.386985,6.754124,88.115491,2355.791,REFINED_GROUPED_LAMBERT_GRID
2033,GANYMEDE,Ganymede,CARGO_DELIVERY,20,2033-05-15T00:00:00Z,2035-05-15T00:00:00Z,730,9.386985,6.754124,88.115491,6327.643,REFINED_GROUPED_LAMBERT_GRID
2033,GANYMEDE,Ganymede,CREWED_TRANSPORT,100,2033-05-15T00:00:00Z,2035-05-15T00:00:00Z,730,9.386985,6.754124,88.115491,30326.74,REFINED_GROUPED_LAMBERT_GRID
2034,GANYMEDE,Ganymede,FLYBY,1,2034-06-15T00:00:00Z,2036-06-14T00:00:00Z,730,9.140953,6.680873,83.557015,810.093,REFINED_GROUPED_LAMBERT_GRID
2034,GANYMEDE,Ganymede,ORBITAL_RECON,2,2034-06-15T00:00:00Z,2036-06-14T00:00:00Z,730,9.140953,6.680873,83.557015,1336.499,REFINED_GROUPED_LAMBERT_GRID
2034,GANYMEDE,Ganymede,RENDEZVOUS,2,2034-06-15T00:00:00Z,2036-06-14T00:00:00Z,730,9.140953,6.680873,83.557015,1336.499,REFINED_GROUPED_LAMBERT_GRID
2034,GANYMEDE,Ganymede,LANDING_PROSPECTING,5,2034-06-15T00:00:00Z,2036-06-14T00:00:00Z,730,9.140953,6.680873,83.557015,2351.109,REFINED_GROUPED_LAMBERT_GRID
2034,GANYMEDE,Ganymede,CARGO_DELIVERY,20,2034-06-15T00:00:00Z,2036-06-14T00:00:00Z,730,9.140953,6.680873,83.557015,6315.172,REFINED_GROUPED_LAMBERT_GRID
2034,GANYMEDE,Ganymede,CREWED_TRANSPORT,100,2034-07-15T00:00:00Z,2036-07-14T00:00:00Z,730,11.987542,6.567764,143.701175,30237.438,REFINED_GROUPED_LAMBERT_GRID
2035,GANYMEDE,Ganymede,FLYBY,1,2035-07-15T00:00:00Z,2037-07-14T00:00:00Z,730,9.203797,6.790313,84.709886,810.785,REFINED_GROUPED_LAMBERT_GRID
2035,GANYMEDE,Ganymede,ORBITAL_RECON,2,2035-07-15T00:00:00Z,2037-07-14T00:00:00Z,730,9.203797,6.790313,84.709886,1338.359,REFINED_GROUPED_LAMBERT_GRID
2035,GANYMEDE,Ganymede,RENDEZVOUS,2,2035-07-15T00:00:00Z,2037-07-14T00:00:00Z,730,9.203797,6.790313,84.709886,1338.359,REFINED_GROUPED_LAMBERT_GRID
2035,GANYMEDE,Ganymede,LANDING_PROSPECTING,5,2035-07-15T00:00:00Z,2037-07-14T00:00:00Z,730,9.203797,6.790313,84.709886,2354.719,REFINED_GROUPED_LAMBERT_GRID
2035,GANYMEDE,Ganymede,CARGO_DELIVERY,20,2035-08-15T00:00:00Z,2037-08-14T00:00:00Z,730,11.253702,6.593452,126.645805,6329.565,REFINED_GROUPED_LAMBERT_GRID
2035,GANYMEDE,Ganymede,CREWED_TRANSPORT,100,2035-08-15T00:00:00Z,2037-08-14T00:00:00Z,730,11.253702,6.593452,126.645805,30243.877,REFINED_GROUPED_LAMBERT_GRID
2026,GASPRA,951 Gaspra,FLYBY,1,2026-01-15T00:00:00Z,2027-01-15T00:00:00Z,365,20.887302,6.583534,436.279385,741.747,EXISTING_SCREEN_SINGLE_CANDIDATE
2026,GASPRA,951 Gaspra,ORBITAL_RECON,2,2026-01-15T00:00:00Z,2027-01-15T00:00:00Z,365,20.887302,6.583534,436.279385,1024.504,EXISTING_SCREEN_SINGLE_CANDIDATE
2026,GASPRA,951 Gaspra,RENDEZVOUS,2,2026-01-15T00:00:00Z,2027-01-15T00:00:00Z,365,20.887302,6.583534,436.279385,1024.504,EXISTING_SCREEN_SINGLE_CANDIDATE
2026,GASPRA,951 Gaspra,LANDING_PROSPECTING,5,2026-01-15T00:00:00Z,2027-01-15T00:00:00Z,365,20.887302,6.583534,436.279385,1673.64,EXISTING_SCREEN_SINGLE_CANDIDATE
2026,GASPRA,951 Gaspra,CARGO_DELIVERY,20,2026-01-15T00:00:00Z,2027-01-15T00:00:00Z,365,20.887302,6.583534,436.279385,3201.212,EXISTING_SCREEN_SINGLE_CANDIDATE
2026,GASPRA,951 Gaspra,CREWED_TRANSPORT,100,2026-01-15T00:00:00Z,2027-01-15T00:00:00Z,365,20.887302,6.583534,436.279385,14358.989,EXISTING_SCREEN_SINGLE_CANDIDATE
2027,GASPRA,951 Gaspra,FLYBY,1,2027-07-15T00:00:00Z,2029-07-14T00:00:00Z,730,9.233896,12.016494,85.264835,561.118,EXISTING_SCREEN_SINGLE_CANDIDATE
2027,GASPRA,951 Gaspra,ORBITAL_RECON,2,2027-07-15T00:00:00Z,2029-07-14T00:00:00Z,730,9.233896,12.016494,85.264835,1248.908,EXISTING_SCREEN_SINGLE_CANDIDATE
2027,GASPRA,951 Gaspra,RENDEZVOUS,2,2027-07-15T00:00:00Z,2029-07-14T00:00:00Z,730,9.233896,12.016494,85.264835,1248.908,EXISTING_SCREEN_SINGLE_CANDIDATE
2027,GASPRA,951 Gaspra,LANDING_PROSPECTING,5,2027-07-15T00:00:00Z,2029-07-14T00:00:00Z,730,9.233896,12.016494,85.264835,2505.594,EXISTING_SCREEN_SINGLE_CANDIDATE
2027,GASPRA,951 Gaspra,CARGO_DELIVERY,20,2027-07-15T00:00:00Z,2029-07-14T00:00:00Z,730,9.233896,12.016494,85.264835,8083.5,EXISTING_SCREEN_SINGLE_CANDIDATE
2027,GASPRA,951 Gaspra,CREWED_TRANSPORT,100,2027-07-15T00:00:00Z,2029-07-14T00:00:00Z,730,9.233896,12.016494,85.264835,39612.864,EXISTING_SCREEN_SINGLE_CANDIDATE
2028,GASPRA,951 Gaspra,FLYBY,1,2028-07-15T00:00:00Z,2029-07-15T00:00:00Z,365,9.13002,4.554162,83.357265,529.994,EXISTING_SCREEN_SINGLE_CANDIDATE
2028,GASPRA,951 Gaspra,ORBITAL_RECON,2,2028-07-15T00:00:00Z,2029-07-15T00:00:00Z,365,9.13002,4.554162,83.357265,750.042,EXISTING_SCREEN_SINGLE_CANDIDATE
2028,GASPRA,951 Gaspra,RENDEZVOUS,2,2028-07-15T00:00:00Z,2029-07-15T00:00:00Z,365,9.13002,4.554162,83.357265,750.042,EXISTING_SCREEN_SINGLE_CANDIDATE
2028,GASPRA,951 Gaspra,LANDING_PROSPECTING,5,2028-07-15T00:00:00Z,2029-07-15T00:00:00Z,365,9.13002,4.554162,83.357265,1305.114,EXISTING_SCREEN_SINGLE_CANDIDATE
2028,GASPRA,951 Gaspra,CARGO_DELIVERY,20,2028-07-15T00:00:00Z,2029-07-15T00:00:00Z,365,9.13002,4.554162,83.357265,2205.592,EXISTING_SCREEN_SINGLE_CANDIDATE
2028,GASPRA,951 Gaspra,CREWED_TRANSPORT,100,2028-07-15T00:00:00Z,2029-07-15T00:00:00Z,365,9.13002,4.554162,83.357265,10227.904,EXISTING_SCREEN_SINGLE_CANDIDATE
2029,GASPRA,951 Gaspra,FLYBY,1,2029-07-15T00:00:00Z,2033-07-14T00:00:00Z,1460,11.008829,12.978429,121.194316,642.634,EXISTING_SCREEN_SINGLE_CANDIDATE
2029,GASPRA,951 Gaspra,ORBITAL_RECON,2,2029-07-15T00:00:00Z,2033-07-14T00:00:00Z,1460,11.008829,12.978429,121.194316,1468.13,EXISTING_SCREEN_SINGLE_CANDIDATE
2029,GASPRA,951 Gaspra,RENDEZVOUS,2,2029-07-15T00:00:00Z,2033-07-14T00:00:00Z,1460,11.008829,12.978429,121.194316,1468.13,EXISTING_SCREEN_SINGLE_CANDIDATE
2029,GASPRA,951 Gaspra,LANDING_PROSPECTING,5,2029-07-15T00:00:00Z,2033-07-14T00:00:00Z,1460,11.008829,12.978429,121.194316,2931.372,EXISTING_SCREEN_SINGLE_CANDIDATE
2029,GASPRA,951 Gaspra,CARGO_DELIVERY,20,2029-07-15T00:00:00Z,2033-07-14T00:00:00Z,1460,11.008829,12.978429,121.194316,9886.324,EXISTING_SCREEN_SINGLE_CANDIDATE
2029,GASPRA,951 Gaspra,CREWED_TRANSPORT,100,2029-07-15T00:00:00Z,2033-07-14T00:00:00Z,1460,11.008829,12.978429,121.194316,48540.751,EXISTING_SCREEN_SINGLE_CANDIDATE
2030,GASPRA,951 Gaspra,FLYBY,1,2030-01-15T00:00:00Z,2031-01-15T00:00:00Z,365,7.75793,4.9875,60.185478,516.091,EXISTING_SCREEN_SINGLE_CANDIDATE
2030,GASPRA,951 Gaspra,ORBITAL_RECON,2,2030-01-15T00:00:00Z,2031-01-15T00:00:00Z,365,7.75793,4.9875,60.185478,747.263,EXISTING_SCREEN_SINGLE_CANDIDATE
2030,GASPRA,951 Gaspra,RENDEZVOUS,2,2030-01-15T00:00:00Z,2031-01-15T00:00:00Z,365,7.75793,4.9875,60.185478,747.263,EXISTING_SCREEN_SINGLE_CANDIDATE
2030,GASPRA,951 Gaspra,LANDING_PROSPECTING,5,2030-01-15T00:00:00Z,2031-01-15T00:00:00Z,365,7.75793,4.9875,60.185478,1319.021,EXISTING_SCREEN_SINGLE_CANDIDATE
2030,GASPRA,951 Gaspra,CARGO_DELIVERY,20,2030-01-15T00:00:00Z,2031-01-15T00:00:00Z,365,7.75793,4.9875,60.185478,2330.743,EXISTING_SCREEN_SINGLE_CANDIDATE
2030,GASPRA,951 Gaspra,CREWED_TRANSPORT,100,2030-01-15T00:00:00Z,2031-01-15T00:00:00Z,365,7.75793,4.9875,60.185478,10909.272,EXISTING_SCREEN_SINGLE_CANDIDATE
2031,GASPRA,951 Gaspra,FLYBY,1,2031-07-15T00:00:00Z,2032-01-11T00:00:00Z,180,8.935069,6.915765,79.835458,512.686,EXISTING_SCREEN_SINGLE_CANDIDATE
2031,GASPRA,951 Gaspra,ORBITAL_RECON,2,2031-07-15T00:00:00Z,2032-01-11T00:00:00Z,180,8.935069,6.915765,79.835458,808.68,EXISTING_SCREEN_SINGLE_CANDIDATE
2031,GASPRA,951 Gaspra,RENDEZVOUS,2,2031-07-15T00:00:00Z,2032-01-11T00:00:00Z,180,8.935069,6.915765,79.835458,808.68,EXISTING_SCREEN_SINGLE_CANDIDATE
2031,GASPRA,951 Gaspra,LANDING_PROSPECTING,5,2031-07-15T00:00:00Z,2032-01-11T00:00:00Z,180,8.935069,6.915765,79.835458,1477.671,EXISTING_SCREEN_SINGLE_CANDIDATE
2031,GASPRA,951 Gaspra,CARGO_DELIVERY,20,2031-07-15T00:00:00Z,2032-01-11T00:00:00Z,180,8.935069,6.915765,79.835458,3137.615,EXISTING_SCREEN_SINGLE_CANDIDATE
2031,GASPRA,951 Gaspra,CREWED_TRANSPORT,100,2031-07-15T00:00:00Z,2032-01-11T00:00:00Z,180,8.935069,6.915765,79.835458,14896.468,EXISTING_SCREEN_SINGLE_CANDIDATE
2032,GASPRA,951 Gaspra,FLYBY,1,2032-07-15T00:00:00Z,2036-07-14T00:00:00Z,1460,8.882907,14.179857,78.906037,617.261,EXISTING_SCREEN_SINGLE_CANDIDATE
2032,GASPRA,951 Gaspra,ORBITAL_RECON,2,2032-07-15T00:00:00Z,2036-07-14T00:00:00Z,1460,8.882907,14.179857,78.906037,1661.712,EXISTING_SCREEN_SINGLE_CANDIDATE
2032,GASPRA,951 Gaspra,RENDEZVOUS,2,2032-07-15T00:00:00Z,2036-07-14T00:00:00Z,1460,8.882907,14.179857,78.906037,1661.712,EXISTING_SCREEN_SINGLE_CANDIDATE
2032,GASPRA,951 Gaspra,LANDING_PROSPECTING,5,2032-07-15T00:00:00Z,2036-07-14T00:00:00Z,1460,8.882907,14.179857,78.906037,3453.388,EXISTING_SCREEN_SINGLE_CANDIDATE
2032,GASPRA,951 Gaspra,CARGO_DELIVERY,20,2032-07-15T00:00:00Z,2036-07-14T00:00:00Z,1460,8.882907,14.179857,78.906037,12597.894,EXISTING_SCREEN_SINGLE_CANDIDATE
2032,GASPRA,951 Gaspra,CREWED_TRANSPORT,100,2032-07-15T00:00:00Z,2036-07-14T00:00:00Z,1460,8.882907,14.179857,78.906037,62200.097,EXISTING_SCREEN_SINGLE_CANDIDATE
2033,GASPRA,951 Gaspra,FLYBY,1,2033-01-15T00:00:00Z,2035-01-15T00:00:00Z,730,6.778678,9.050646,45.950475,537.529,EXISTING_SCREEN_SINGLE_CANDIDATE
2033,GASPRA,951 Gaspra,ORBITAL_RECON,2,2033-01-15T00:00:00Z,2035-01-15T00:00:00Z,730,6.778678,9.050646,45.950475,946.437,EXISTING_SCREEN_SINGLE_CANDIDATE
2033,GASPRA,951 Gaspra,RENDEZVOUS,2,2033-01-15T00:00:00Z,2035-01-15T00:00:00Z,730,6.778678,9.050646,45.950475,946.437,EXISTING_SCREEN_SINGLE_CANDIDATE
2033,GASPRA,951 Gaspra,LANDING_PROSPECTING,5,2033-01-15T00:00:00Z,2035-01-15T00:00:00Z,730,6.778678,9.050646,45.950475,1784.798,EXISTING_SCREEN_SINGLE_CANDIDATE
2033,GASPRA,951 Gaspra,CARGO_DELIVERY,20,2033-01-15T00:00:00Z,2035-01-15T00:00:00Z,730,6.778678,9.050646,45.950475,4573.873,EXISTING_SCREEN_SINGLE_CANDIDATE
2033,GASPRA,951 Gaspra,CREWED_TRANSPORT,100,2033-01-15T00:00:00Z,2035-01-15T00:00:00Z,730,6.778678,9.050646,45.950475,22159.083,EXISTING_SCREEN_SINGLE_CANDIDATE
2034,GASPRA,951 Gaspra,FLYBY,1,2034-01-15T00:00:00Z,2035-01-15T00:00:00Z,365,8.092649,5.834215,65.490968,519.274,EXISTING_SCREEN_SINGLE_CANDIDATE
2034,GASPRA,951 Gaspra,ORBITAL_RECON,2,2034-01-15T00:00:00Z,2035-01-15T00:00:00Z,365,8.092649,5.834215,65.490968,775.532,EXISTING_SCREEN_SINGLE_CANDIDATE
2034,GASPRA,951 Gaspra,RENDEZVOUS,2,2034-01-15T00:00:00Z,2035-01-15T00:00:00Z,365,8.092649,5.834215,65.490968,775.532,EXISTING_SCREEN_SINGLE_CANDIDATE
2034,GASPRA,951 Gaspra,LANDING_PROSPECTING,5,2034-01-15T00:00:00Z,2035-01-15T00:00:00Z,365,8.092649,5.834215,65.490968,1384.919,EXISTING_SCREEN_SINGLE_CANDIDATE
2034,GASPRA,951 Gaspra,CARGO_DELIVERY,20,2034-01-15T00:00:00Z,2035-01-15T00:00:00Z,365,8.092649,5.834215,65.490968,2647.498,EXISTING_SCREEN_SINGLE_CANDIDATE
2034,GASPRA,951 Gaspra,CREWED_TRANSPORT,100,2034-01-15T00:00:00Z,2035-01-15T00:00:00Z,365,8.092649,5.834215,65.490968,12480.312,EXISTING_SCREEN_SINGLE_CANDIDATE
2035,GASPRA,951 Gaspra,FLYBY,1,2035-07-15T00:00:00Z,2036-07-14T00:00:00Z,365,14.997945,4.896583,224.938354,614.942,EXISTING_SCREEN_SINGLE_CANDIDATE
2035,GASPRA,951 Gaspra,ORBITAL_RECON,2,2035-07-15T00:00:00Z,2036-07-14T00:00:00Z,365,14.997945,4.896583,224.938354,843.691,EXISTING_SCREEN_SINGLE_CANDIDATE
2035,GASPRA,951 Gaspra,RENDEZVOUS,2,2035-07-15T00:00:00Z,2036-07-14T00:00:00Z,365,14.997945,4.896583,224.938354,843.691,EXISTING_SCREEN_SINGLE_CANDIDATE
2035,GASPRA,951 Gaspra,LANDING_PROSPECTING,5,2035-07-15T00:00:00Z,2036-07-14T00:00:00Z,365,14.997945,4.896583,224.938354,1411.814,EXISTING_SCREEN_SINGLE_CANDIDATE
2035,GASPRA,951 Gaspra,CARGO_DELIVERY,20,2035-07-15T00:00:00Z,2036-07-14T00:00:00Z,365,14.997945,4.896583,224.938354,2399.301,EXISTING_SCREEN_SINGLE_CANDIDATE
2035,GASPRA,951 Gaspra,CREWED_TRANSPORT,100,2035-07-15T00:00:00Z,2036-07-14T00:00:00Z,365,14.997945,4.896583,224.938354,10856.65,EXISTING_SCREEN_SINGLE_CANDIDATE
2026,GONGGONG,225088 Gonggong,FLYBY,1,2026-07-15T00:00:00Z,2034-07-13T00:00:00Z,2920,53.218225,52.309652,2832.179472,2389.143,EXISTING_SCREEN_SINGLE_CANDIDATE
2026,GONGGONG,225088 Gonggong,ORBITAL_RECON,2,2026-07-15T00:00:00Z,2034-07-13T00:00:00Z,2920,53.218225,52.309652,2832.179472,4474053.179,EXISTING_SCREEN_SINGLE_CANDIDATE
2026,GONGGONG,225088 Gonggong,RENDEZVOUS,2,2026-07-15T00:00:00Z,2034-07-13T00:00:00Z,2920,53.218225,52.309652,2832.179472,4474053.179,EXISTING_SCREEN_SINGLE_CANDIDATE
2026,GONGGONG,225088 Gonggong,LANDING_PROSPECTING,5,2026-07-15T00:00:00Z,2034-07-13T00:00:00Z,2920,53.218225,52.309652,2832.179472,11181774.233,EXISTING_SCREEN_SINGLE_CANDIDATE
2026,GONGGONG,225088 Gonggong,CARGO_DELIVERY,20,2026-07-15T00:00:00Z,2034-07-13T00:00:00Z,2920,53.218225,52.309652,2832.179472,55897114.593,EXISTING_SCREEN_SINGLE_CANDIDATE
2026,GONGGONG,225088 Gonggong,CREWED_TRANSPORT,100,2026-07-15T00:00:00Z,2034-07-13T00:00:00Z,2920,53.218225,52.309652,2832.179472,279478175.735,EXISTING_SCREEN_SINGLE_CANDIDATE
2027,GONGGONG,225088 Gonggong,FLYBY,1,2027-07-15T00:00:00Z,2035-07-13T00:00:00Z,2920,53.088575,52.443975,2818.396796,2380.874,EXISTING_SCREEN_SINGLE_CANDIDATE
2027,GONGGONG,225088 Gonggong,ORBITAL_RECON,2,2027-07-15T00:00:00Z,2035-07-13T00:00:00Z,2920,53.088575,52.443975,2818.396796,4609530.848,EXISTING_SCREEN_SINGLE_CANDIDATE
2027,GONGGONG,225088 Gonggong,RENDEZVOUS,2,2027-07-15T00:00:00Z,2035-07-13T00:00:00Z,2920,53.088575,52.443975,2818.396796,4609530.848,EXISTING_SCREEN_SINGLE_CANDIDATE
2027,GONGGONG,225088 Gonggong,LANDING_PROSPECTING,5,2027-07-15T00:00:00Z,2035-07-13T00:00:00Z,2920,53.088575,52.443975,2818.396796,11520480.81,EXISTING_SCREEN_SINGLE_CANDIDATE
2027,GONGGONG,225088 Gonggong,CARGO_DELIVERY,20,2027-07-15T00:00:00Z,2035-07-13T00:00:00Z,2920,53.088575,52.443975,2818.396796,57590680.555,EXISTING_SCREEN_SINGLE_CANDIDATE
2027,GONGGONG,225088 Gonggong,CREWED_TRANSPORT,100,2027-07-15T00:00:00Z,2035-07-13T00:00:00Z,2920,53.088575,52.443975,2818.396796,287946038.622,EXISTING_SCREEN_SINGLE_CANDIDATE
2028,GONGGONG,225088 Gonggong,FLYBY,1,2028-07-15T00:00:00Z,2036-07-13T00:00:00Z,2920,53.341845,52.567014,2845.352428,2397.047,EXISTING_SCREEN_SINGLE_CANDIDATE
2028,GONGGONG,225088 Gonggong,ORBITAL_RECON,2,2028-07-15T00:00:00Z,2036-07-13T00:00:00Z,2920,53.341845,52.567014,2845.352428,4737250.588,EXISTING_SCREEN_SINGLE_CANDIDATE
2028,GONGGONG,225088 Gonggong,RENDEZVOUS,2,2028-07-15T00:00:00Z,2036-07-13T00:00:00Z,2920,53.341845,52.567014,2845.352428,4737250.588,EXISTING_SCREEN_SINGLE_CANDIDATE
2028,GONGGONG,225088 Gonggong,LANDING_PROSPECTING,5,2028-07-15T00:00:00Z,2036-07-13T00:00:00Z,2920,53.341845,52.567014,2845.352428,11839755.9,EXISTING_SCREEN_SINGLE_CANDIDATE
2028,GONGGONG,225088 Gonggong,CARGO_DELIVERY,20,2028-07-15T00:00:00Z,2036-07-13T00:00:00Z,2920,53.341845,52.567014,2845.352428,59186991.313,EXISTING_SCREEN_SINGLE_CANDIDATE
2028,GONGGONG,225088 Gonggong,CREWED_TRANSPORT,100,2028-07-15T00:00:00Z,2036-07-13T00:00:00Z,2920,53.341845,52.567014,2845.352428,295927527.718,EXISTING_SCREEN_SINGLE_CANDIDATE
2029,GONGGONG,225088 Gonggong,FLYBY,1,2029-07-15T00:00:00Z,2037-07-13T00:00:00Z,2920,53.214896,52.690916,2831.825156,2388.931,EXISTING_SCREEN_SINGLE_CANDIDATE
2029,GONGGONG,225088 Gonggong,ORBITAL_RECON,2,2029-07-15T00:00:00Z,2037-07-13T00:00:00Z,2920,53.214896,52.690916,2831.825156,4869419.16,EXISTING_SCREEN_SINGLE_CANDIDATE
2029,GONGGONG,225088 Gonggong,RENDEZVOUS,2,2029-07-15T00:00:00Z,2037-07-13T00:00:00Z,2920,53.214896,52.690916,2831.825156,4869419.16,EXISTING_SCREEN_SINGLE_CANDIDATE
2029,GONGGONG,225088 Gonggong,LANDING_PROSPECTING,5,2029-07-15T00:00:00Z,2037-07-13T00:00:00Z,2920,53.214896,52.690916,2831.825156,12170189.504,EXISTING_SCREEN_SINGLE_CANDIDATE
2029,GONGGONG,225088 Gonggong,CARGO_DELIVERY,20,2029-07-15T00:00:00Z,2037-07-13T00:00:00Z,2920,53.214896,52.690916,2831.825156,60839191.797,EXISTING_SCREEN_SINGLE_CANDIDATE
2029,GONGGONG,225088 Gonggong,CREWED_TRANSPORT,100,2029-07-15T00:00:00Z,2037-07-13T00:00:00Z,2920,53.214896,52.690916,2831.825156,304188562.603,EXISTING_SCREEN_SINGLE_CANDIDATE
2030,GONGGONG,225088 Gonggong,FLYBY,1,2030-07-15T00:00:00Z,2038-07-13T00:00:00Z,2920,53.074169,52.811408,2816.867415,2379.956,EXISTING_SCREEN_SINGLE_CANDIDATE
2030,GONGGONG,225088 Gonggong,ORBITAL_RECON,2,2030-07-15T00:00:00Z,2038-07-13T00:00:00Z,2920,53.074169,52.811408,2816.867415,5001487.198,EXISTING_SCREEN_SINGLE_CANDIDATE
2030,GONGGONG,225088 Gonggong,RENDEZVOUS,2,2030-07-15T00:00:00Z,2038-07-13T00:00:00Z,2920,53.074169,52.811408,2816.867415,5001487.198,EXISTING_SCREEN_SINGLE_CANDIDATE
2030,GONGGONG,225088 Gonggong,LANDING_PROSPECTING,5,2030-07-15T00:00:00Z,2038-07-13T00:00:00Z,2920,53.074169,52.811408,2816.867415,12500373.06,EXISTING_SCREEN_SINGLE_CANDIDATE
2030,GONGGONG,225088 Gonggong,CARGO_DELIVERY,20,2030-07-15T00:00:00Z,2038-07-13T00:00:00Z,2920,53.074169,52.811408,2816.867415,62490145.473,EXISTING_SCREEN_SINGLE_CANDIDATE
2030,GONGGONG,225088 Gonggong,CREWED_TRANSPORT,100,2030-07-15T00:00:00Z,2038-07-13T00:00:00Z,2920,53.074169,52.811408,2816.867415,312443366.884,EXISTING_SCREEN_SINGLE_CANDIDATE
2031,GONGGONG,225088 Gonggong,FLYBY,1,2031-07-15T00:00:00Z,2039-07-13T00:00:00Z,2920,52.916835,52.929895,2800.191426,2369.951,EXISTING_SCREEN_SINGLE_CANDIDATE
2031,GONGGONG,225088 Gonggong,ORBITAL_RECON,2,2031-07-15T00:00:00Z,2039-07-13T00:00:00Z,2920,52.916835,52.929895,2800.191426,5134851.204,EXISTING_SCREEN_SINGLE_CANDIDATE
2031,GONGGONG,225088 Gonggong,RENDEZVOUS,2,2031-07-15T00:00:00Z,2039-07-13T00:00:00Z,2920,52.916835,52.929895,2800.191426,5134851.204,EXISTING_SCREEN_SINGLE_CANDIDATE
2031,GONGGONG,225088 Gonggong,LANDING_PROSPECTING,5,2031-07-15T00:00:00Z,2039-07-13T00:00:00Z,2920,52.916835,52.929895,2800.191426,12833798.084,EXISTING_SCREEN_SINGLE_CANDIDATE
2031,GONGGONG,225088 Gonggong,CARGO_DELIVERY,20,2031-07-15T00:00:00Z,2039-07-13T00:00:00Z,2920,52.916835,52.929895,2800.191426,64157310.619,EXISTING_SCREEN_SINGLE_CANDIDATE
2031,GONGGONG,225088 Gonggong,CREWED_TRANSPORT,100,2031-07-15T00:00:00Z,2039-07-13T00:00:00Z,2920,52.916835,52.929895,2800.191426,320779232.638,EXISTING_SCREEN_SINGLE_CANDIDATE
2032,GONGGONG,225088 Gonggong,FLYBY,1,2032-07-15T00:00:00Z,2040-07-13T00:00:00Z,2920,53.215288,53.042368,2831.866877,2388.956,EXISTING_SCREEN_SINGLE_CANDIDATE
2032,GONGGONG,225088 Gonggong,ORBITAL_RECON,2,2032-07-15T00:00:00Z,2040-07-13T00:00:00Z,2920,53.215288,53.042368,2831.866877,5264765.233,EXISTING_SCREEN_SINGLE_CANDIDATE
2032,GONGGONG,225088 Gonggong,RENDEZVOUS,2,2032-07-15T00:00:00Z,2040-07-13T00:00:00Z,2920,53.215288,53.042368,2831.866877,5264765.233,EXISTING_SCREEN_SINGLE_CANDIDATE
2032,GONGGONG,225088 Gonggong,LANDING_PROSPECTING,5,2032-07-15T00:00:00Z,2040-07-13T00:00:00Z,2920,53.215288,53.042368,2831.866877,13158554.648,EXISTING_SCREEN_SINGLE_CANDIDATE
2032,GONGGONG,225088 Gonggong,CARGO_DELIVERY,20,2032-07-15T00:00:00Z,2040-07-13T00:00:00Z,2920,53.215288,53.042368,2831.866877,65781017.414,EXISTING_SCREEN_SINGLE_CANDIDATE
2032,GONGGONG,225088 Gonggong,CREWED_TRANSPORT,100,2032-07-15T00:00:00Z,2040-07-13T00:00:00Z,2920,53.215288,53.042368,2831.866877,328897690.591,EXISTING_SCREEN_SINGLE_CANDIDATE
2033,GONGGONG,225088 Gonggong,FLYBY,1,2033-07-15T00:00:00Z,2041-07-13T00:00:00Z,2920,53.062643,53.16163,2815.644082,2379.222,EXISTING_SCREEN_SINGLE_CANDIDATE
2033,GONGGONG,225088 Gonggong,ORBITAL_RECON,2,2033-07-15T00:00:00Z,2041-07-13T00:00:00Z,2920,53.062643,53.16163,2815.644082,5406084.108,EXISTING_SCREEN_SINGLE_CANDIDATE
2033,GONGGONG,225088 Gonggong,RENDEZVOUS,2,2033-07-15T00:00:00Z,2041-07-13T00:00:00Z,2920,53.062643,53.16163,2815.644082,5406084.108,EXISTING_SCREEN_SINGLE_CANDIDATE
2033,GONGGONG,225088 Gonggong,LANDING_PROSPECTING,5,2033-07-15T00:00:00Z,2041-07-13T00:00:00Z,2920,53.062643,53.16163,2815.644082,13511866.437,EXISTING_SCREEN_SINGLE_CANDIDATE
2033,GONGGONG,225088 Gonggong,CARGO_DELIVERY,20,2033-07-15T00:00:00Z,2041-07-13T00:00:00Z,2920,53.062643,53.16163,2815.644082,67547615.297,EXISTING_SCREEN_SINGLE_CANDIDATE
2033,GONGGONG,225088 Gonggong,CREWED_TRANSPORT,100,2033-07-15T00:00:00Z,2041-07-13T00:00:00Z,2920,53.062643,53.16163,2815.644082,337730718.94,EXISTING_SCREEN_SINGLE_CANDIDATE
2034,GONGGONG,225088 Gonggong,FLYBY,1,2034-07-15T00:00:00Z,2042-07-13T00:00:00Z,2920,52.919857,53.282244,2800.511265,2370.142,EXISTING_SCREEN_SINGLE_CANDIDATE
2034,GONGGONG,225088 Gonggong,ORBITAL_RECON,2,2034-07-15T00:00:00Z,2042-07-13T00:00:00Z,2920,52.919857,53.282244,2800.511265,5552866.631,EXISTING_SCREEN_SINGLE_CANDIDATE
2034,GONGGONG,225088 Gonggong,RENDEZVOUS,2,2034-07-15T00:00:00Z,2042-07-13T00:00:00Z,2920,52.919857,53.282244,2800.511265,5552866.631,EXISTING_SCREEN_SINGLE_CANDIDATE
2034,GONGGONG,225088 Gonggong,LANDING_PROSPECTING,5,2034-07-15T00:00:00Z,2042-07-13T00:00:00Z,2920,52.919857,53.282244,2800.511265,13878836.363,EXISTING_SCREEN_SINGLE_CANDIDATE
2034,GONGGONG,225088 Gonggong,CARGO_DELIVERY,20,2034-07-15T00:00:00Z,2042-07-13T00:00:00Z,2920,52.919857,53.282244,2800.511265,69382501.243,EXISTING_SCREEN_SINGLE_CANDIDATE
2034,GONGGONG,225088 Gonggong,CREWED_TRANSPORT,100,2034-07-15T00:00:00Z,2042-07-13T00:00:00Z,2920,52.919857,53.282244,2800.511265,346905184.987,EXISTING_SCREEN_SINGLE_CANDIDATE
2035,GONGGONG,225088 Gonggong,FLYBY,1,2035-07-15T00:00:00Z,2043-07-13T00:00:00Z,2920,52.800333,53.405051,2787.875165,2362.561,EXISTING_SCREEN_SINGLE_CANDIDATE
2035,GONGGONG,225088 Gonggong,ORBITAL_RECON,2,2035-07-15T00:00:00Z,2043-07-13T00:00:00Z,2920,52.800333,53.405051,2787.875165,5706417.37,EXISTING_SCREEN_SINGLE_CANDIDATE
2035,GONGGONG,225088 Gonggong,RENDEZVOUS,2,2035-07-15T00:00:00Z,2043-07-13T00:00:00Z,2920,52.800333,53.405051,2787.875165,5706417.37,EXISTING_SCREEN_SINGLE_CANDIDATE
2035,GONGGONG,225088 Gonggong,LANDING_PROSPECTING,5,2035-07-15T00:00:00Z,2043-07-13T00:00:00Z,2920,52.800333,53.405051,2787.875165,14262724.584,EXISTING_SCREEN_SINGLE_CANDIDATE
2035,GONGGONG,225088 Gonggong,CARGO_DELIVERY,20,2035-07-15T00:00:00Z,2043-07-13T00:00:00Z,2920,52.800333,53.405051,2787.875165,71301972.676,EXISTING_SCREEN_SINGLE_CANDIDATE
2035,GONGGONG,225088 Gonggong,CREWED_TRANSPORT,100,2035-07-15T00:00:00Z,2043-07-13T00:00:00Z,2920,52.800333,53.405051,2787.875165,356502572.479,EXISTING_SCREEN_SINGLE_CANDIDATE
2026,HARTLEY2,103P/Hartley 2,FLYBY,1,2026-01-15T00:00:00Z,2028-01-15T00:00:00Z,730,14.67287,8.572048,215.293114,639.135,EXISTING_SCREEN_SINGLE_CANDIDATE
2026,HARTLEY2,103P/Hartley 2,ORBITAL_RECON,2,2026-01-15T00:00:00Z,2028-01-15T00:00:00Z,730,14.67287,8.572048,215.293114,1017.884,EXISTING_SCREEN_SINGLE_CANDIDATE
2026,HARTLEY2,103P/Hartley 2,RENDEZVOUS,2,2026-01-15T00:00:00Z,2028-01-15T00:00:00Z,730,14.67287,8.572048,215.293114,1017.884,EXISTING_SCREEN_SINGLE_CANDIDATE
2026,HARTLEY2,103P/Hartley 2,LANDING_PROSPECTING,5,2026-01-15T00:00:00Z,2028-01-15T00:00:00Z,730,14.67287,8.572048,215.293114,1811.008,EXISTING_SCREEN_SINGLE_CANDIDATE
2026,HARTLEY2,103P/Hartley 2,CARGO_DELIVERY,20,2026-01-15T00:00:00Z,2028-01-15T00:00:00Z,730,14.67287,8.572048,215.293114,4298.501,EXISTING_SCREEN_SINGLE_CANDIDATE
2026,HARTLEY2,103P/Hartley 2,CREWED_TRANSPORT,100,2026-01-15T00:00:00Z,2028-01-15T00:00:00Z,730,14.67287,8.572048,215.293114,20375.802,EXISTING_SCREEN_SINGLE_CANDIDATE
2027,HARTLEY2,103P/Hartley 2,FLYBY,1,2027-01-15T00:00:00Z,2029-01-14T00:00:00Z,730,14.302941,9.060337,204.574121,632.703,EXISTING_SCREEN_SINGLE_CANDIDATE
2027,HARTLEY2,103P/Hartley 2,ORBITAL_RECON,2,2027-01-15T00:00:00Z,2029-01-14T00:00:00Z,730,14.302941,9.060337,204.574121,1042.255,EXISTING_SCREEN_SINGLE_CANDIDATE
2027,HARTLEY2,103P/Hartley 2,RENDEZVOUS,2,2027-01-15T00:00:00Z,2029-01-14T00:00:00Z,730,14.302941,9.060337,204.574121,1042.255,EXISTING_SCREEN_SINGLE_CANDIDATE
2027,HARTLEY2,103P/Hartley 2,LANDING_PROSPECTING,5,2027-01-15T00:00:00Z,2029-01-14T00:00:00Z,730,14.302941,9.060337,204.574121,1881.583,EXISTING_SCREEN_SINGLE_CANDIDATE
2027,HARTLEY2,103P/Hartley 2,CARGO_DELIVERY,20,2027-01-15T00:00:00Z,2029-01-14T00:00:00Z,730,14.302941,9.060337,204.574121,4677.102,EXISTING_SCREEN_SINGLE_CANDIDATE
2027,HARTLEY2,103P/Hartley 2,CREWED_TRANSPORT,100,2027-01-15T00:00:00Z,2029-01-14T00:00:00Z,730,14.302941,9.060337,204.574121,22294.533,EXISTING_SCREEN_SINGLE_CANDIDATE
2028,HARTLEY2,103P/Hartley 2,FLYBY,1,2028-01-15T00:00:00Z,2030-01-14T00:00:00Z,730,15.87518,10.557021,252.02134,661.172,EXISTING_SCREEN_SINGLE_CANDIDATE
2028,HARTLEY2,103P/Hartley 2,ORBITAL_RECON,2,2028-01-15T00:00:00Z,2030-01-14T00:00:00Z,730,15.87518,10.557021,252.02134,1188.922,EXISTING_SCREEN_SINGLE_CANDIDATE
2028,HARTLEY2,103P/Hartley 2,RENDEZVOUS,2,2028-01-15T00:00:00Z,2030-01-14T00:00:00Z,730,15.87518,10.557021,252.02134,1188.922,EXISTING_SCREEN_SINGLE_CANDIDATE
2028,HARTLEY2,103P/Hartley 2,LANDING_PROSPECTING,5,2028-01-15T00:00:00Z,2030-01-14T00:00:00Z,730,15.87518,10.557021,252.02134,2205.548,EXISTING_SCREEN_SINGLE_CANDIDATE
2028,HARTLEY2,103P/Hartley 2,CARGO_DELIVERY,20,2028-01-15T00:00:00Z,2030-01-14T00:00:00Z,730,15.87518,10.557021,252.02134,6183.052,EXISTING_SCREEN_SINGLE_CANDIDATE
2028,HARTLEY2,103P/Hartley 2,CREWED_TRANSPORT,100,2028-01-15T00:00:00Z,2030-01-14T00:00:00Z,730,15.87518,10.557021,252.02134,29710.407,EXISTING_SCREEN_SINGLE_CANDIDATE
2029,HARTLEY2,103P/Hartley 2,FLYBY,1,2029-01-15T00:00:00Z,2030-01-15T00:00:00Z,365,12.795443,14.727685,163.723362,578.213,EXISTING_SCREEN_SINGLE_CANDIDATE
2029,HARTLEY2,103P/Hartley 2,ORBITAL_RECON,2,2029-01-15T00:00:00Z,2030-01-15T00:00:00Z,365,12.795443,14.727685,163.723362,1743.638,EXISTING_SCREEN_SINGLE_CANDIDATE
2029,HARTLEY2,103P/Hartley 2,RENDEZVOUS,2,2029-01-15T00:00:00Z,2030-01-15T00:00:00Z,365,12.795443,14.727685,163.723362,1743.638,EXISTING_SCREEN_SINGLE_CANDIDATE
2029,HARTLEY2,103P/Hartley 2,LANDING_PROSPECTING,5,2029-01-15T00:00:00Z,2030-01-15T00:00:00Z,365,12.795443,14.727685,163.723362,3716.775,EXISTING_SCREEN_SINGLE_CANDIDATE
2029,HARTLEY2,103P/Hartley 2,CARGO_DELIVERY,20,2029-01-15T00:00:00Z,2030-01-15T00:00:00Z,365,12.795443,14.727685,163.723362,14071.02,EXISTING_SCREEN_SINGLE_CANDIDATE
2029,HARTLEY2,103P/Hartley 2,CREWED_TRANSPORT,100,2029-01-15T00:00:00Z,2030-01-15T00:00:00Z,365,12.795443,14.727685,163.723362,69362.163,EXISTING_SCREEN_SINGLE_CANDIDATE
2030,HARTLEY2,103P/Hartley 2,FLYBY,1,2030-01-15T00:00:00Z,2034-01-14T00:00:00Z,1460,21.770679,2.840742,473.962464,854.295,EXISTING_SCREEN_SINGLE_CANDIDATE
2030,HARTLEY2,103P/Hartley 2,ORBITAL_RECON,2,2030-01-15T00:00:00Z,2034-01-14T00:00:00Z,1460,21.770679,2.840742,473.962464,1039.496,EXISTING_SCREEN_SINGLE_CANDIDATE
2030,HARTLEY2,103P/Hartley 2,RENDEZVOUS,2,2030-01-15T00:00:00Z,2034-01-14T00:00:00Z,1460,21.770679,2.840742,473.962464,1039.496,EXISTING_SCREEN_SINGLE_CANDIDATE
2030,HARTLEY2,103P/Hartley 2,LANDING_PROSPECTING,5,2030-01-15T00:00:00Z,2034-01-14T00:00:00Z,1460,21.770679,2.840742,473.962464,1542.296,EXISTING_SCREEN_SINGLE_CANDIDATE
2030,HARTLEY2,103P/Hartley 2,CARGO_DELIVERY,20,2030-01-15T00:00:00Z,2034-01-14T00:00:00Z,1460,21.770679,2.840742,473.962464,2094.299,EXISTING_SCREEN_SINGLE_CANDIDATE
2030,HARTLEY2,103P/Hartley 2,CREWED_TRANSPORT,100,2030-01-15T00:00:00Z,2034-01-14T00:00:00Z,1460,21.770679,2.840742,473.962464,8733.987,EXISTING_SCREEN_SINGLE_CANDIDATE
2031,HARTLEY2,103P/Hartley 2,FLYBY,1,2031-01-15T00:00:00Z,2035-01-14T00:00:00Z,1460,19.589317,2.589204,383.741341,800.163,EXISTING_SCREEN_SINGLE_CANDIDATE
2031,HARTLEY2,103P/Hartley 2,ORBITAL_RECON,2,2031-01-15T00:00:00Z,2035-01-14T00:00:00Z,1460,19.589317,2.589204,383.741341,981.275,EXISTING_SCREEN_SINGLE_CANDIDATE
2031,HARTLEY2,103P/Hartley 2,RENDEZVOUS,2,2031-01-15T00:00:00Z,2035-01-14T00:00:00Z,1460,19.589317,2.589204,383.741341,981.275,EXISTING_SCREEN_SINGLE_CANDIDATE
2031,HARTLEY2,103P/Hartley 2,LANDING_PROSPECTING,5,2031-01-15T00:00:00Z,2035-01-14T00:00:00Z,1460,19.589317,2.589204,383.741341,1477.943,EXISTING_SCREEN_SINGLE_CANDIDATE
2031,HARTLEY2,103P/Hartley 2,CARGO_DELIVERY,20,2031-01-15T00:00:00Z,2035-01-14T00:00:00Z,1460,19.589317,2.589204,383.741341,1989.064,EXISTING_SCREEN_SINGLE_CANDIDATE
2031,HARTLEY2,103P/Hartley 2,CREWED_TRANSPORT,100,2031-01-15T00:00:00Z,2035-01-14T00:00:00Z,1460,19.589317,2.589204,383.741341,8424.343,EXISTING_SCREEN_SINGLE_CANDIDATE
2032,HARTLEY2,103P/Hartley 2,FLYBY,1,2032-01-15T00:00:00Z,2034-01-14T00:00:00Z,730,15.772863,7.569314,248.783207,659.229,EXISTING_SCREEN_SINGLE_CANDIDATE
2032,HARTLEY2,103P/Hartley 2,ORBITAL_RECON,2,2032-01-15T00:00:00Z,2034-01-14T00:00:00Z,730,15.772863,7.569314,248.783207,984.296,EXISTING_SCREEN_SINGLE_CANDIDATE
2032,HARTLEY2,103P/Hartley 2,RENDEZVOUS,2,2032-01-15T00:00:00Z,2034-01-14T00:00:00Z,730,15.772863,7.569314,248.783207,984.296,EXISTING_SCREEN_SINGLE_CANDIDATE
2032,HARTLEY2,103P/Hartley 2,LANDING_PROSPECTING,5,2032-01-15T00:00:00Z,2034-01-14T00:00:00Z,730,15.772863,7.569314,248.783207,1696.896,EXISTING_SCREEN_SINGLE_CANDIDATE
2032,HARTLEY2,103P/Hartley 2,CARGO_DELIVERY,20,2032-01-15T00:00:00Z,2034-01-14T00:00:00Z,730,15.772863,7.569314,248.783207,3647.565,EXISTING_SCREEN_SINGLE_CANDIDATE
2032,HARTLEY2,103P/Hartley 2,CREWED_TRANSPORT,100,2032-01-15T00:00:00Z,2034-01-14T00:00:00Z,730,15.772863,7.569314,248.783207,17040.747,EXISTING_SCREEN_SINGLE_CANDIDATE
2033,HARTLEY2,103P/Hartley 2,FLYBY,1,2033-01-15T00:00:00Z,2035-01-15T00:00:00Z,730,13.976415,9.043352,195.340176,627.163,EXISTING_SCREEN_SINGLE_CANDIDATE
2033,HARTLEY2,103P/Hartley 2,ORBITAL_RECON,2,2033-01-15T00:00:00Z,2035-01-15T00:00:00Z,730,13.976415,9.043352,195.340176,1035.586,EXISTING_SCREEN_SINGLE_CANDIDATE
2033,HARTLEY2,103P/Hartley 2,RENDEZVOUS,2,2033-01-15T00:00:00Z,2035-01-15T00:00:00Z,730,13.976415,9.043352,195.340176,1035.586,EXISTING_SCREEN_SINGLE_CANDIDATE
2033,HARTLEY2,103P/Hartley 2,LANDING_PROSPECTING,5,2033-01-15T00:00:00Z,2035-01-15T00:00:00Z,730,13.976415,9.043352,195.340176,1873.221,EXISTING_SCREEN_SINGLE_CANDIDATE
2033,HARTLEY2,103P/Hartley 2,CARGO_DELIVERY,20,2033-01-15T00:00:00Z,2035-01-15T00:00:00Z,730,13.976415,9.043352,195.340176,4657.455,EXISTING_SCREEN_SINGLE_CANDIDATE
2033,HARTLEY2,103P/Hartley 2,CREWED_TRANSPORT,100,2033-01-15T00:00:00Z,2035-01-15T00:00:00Z,730,13.976415,9.043352,195.340176,22218.46,EXISTING_SCREEN_SINGLE_CANDIDATE
2034,HARTLEY2,103P/Hartley 2,FLYBY,1,2034-01-15T00:00:00Z,2042-01-13T00:00:00Z,2920,23.153652,5.274899,536.091601,1011.491,EXISTING_SCREEN_SINGLE_CANDIDATE
2034,HARTLEY2,103P/Hartley 2,ORBITAL_RECON,2,2034-01-15T00:00:00Z,2042-01-13T00:00:00Z,2920,23.153652,5.274899,536.091601,1250.654,EXISTING_SCREEN_SINGLE_CANDIDATE
2034,HARTLEY2,103P/Hartley 2,RENDEZVOUS,2,2034-01-15T00:00:00Z,2042-01-13T00:00:00Z,2920,23.153652,5.274899,536.091601,1250.654,EXISTING_SCREEN_SINGLE_CANDIDATE
2034,HARTLEY2,103P/Hartley 2,LANDING_PROSPECTING,5,2034-01-15T00:00:00Z,2042-01-13T00:00:00Z,2920,23.153652,5.274899,536.091601,1834.4,EXISTING_SCREEN_SINGLE_CANDIDATE
2034,HARTLEY2,103P/Hartley 2,CARGO_DELIVERY,20,2034-01-15T00:00:00Z,2042-01-13T00:00:00Z,2920,23.153652,5.274899,536.091601,2926.035,EXISTING_SCREEN_SINGLE_CANDIDATE
2034,HARTLEY2,103P/Hartley 2,CREWED_TRANSPORT,100,2034-01-15T00:00:00Z,2042-01-13T00:00:00Z,2920,23.153652,5.274899,536.091601,12743.554,EXISTING_SCREEN_SINGLE_CANDIDATE
2035,HARTLEY2,103P/Hartley 2,FLYBY,1,2035-07-15T00:00:00Z,2037-07-14T00:00:00Z,730,13.394355,15.804678,179.408746,617.604,EXISTING_SCREEN_SINGLE_CANDIDATE
2035,HARTLEY2,103P/Hartley 2,ORBITAL_RECON,2,2035-07-15T00:00:00Z,2037-07-14T00:00:00Z,730,13.394355,15.804678,179.408746,2068.415,EXISTING_SCREEN_SINGLE_CANDIDATE
2035,HARTLEY2,103P/Hartley 2,RENDEZVOUS,2,2035-07-15T00:00:00Z,2037-07-14T00:00:00Z,730,13.394355,15.804678,179.408746,2068.415,EXISTING_SCREEN_SINGLE_CANDIDATE
2035,HARTLEY2,103P/Hartley 2,LANDING_PROSPECTING,5,2035-07-15T00:00:00Z,2037-07-14T00:00:00Z,730,13.394355,15.804678,179.408746,4469.632,EXISTING_SCREEN_SINGLE_CANDIDATE
2035,HARTLEY2,103P/Hartley 2,CARGO_DELIVERY,20,2035-07-15T00:00:00Z,2037-07-14T00:00:00Z,730,13.394355,15.804678,179.408746,17677.745,EXISTING_SCREEN_SINGLE_CANDIDATE
2035,HARTLEY2,103P/Hartley 2,CREWED_TRANSPORT,100,2035-07-15T00:00:00Z,2037-07-14T00:00:00Z,730,13.394355,15.804678,179.408746,87358.143,EXISTING_SCREEN_SINGLE_CANDIDATE
2026,HAUMEA,136108 Haumea,FLYBY,1,2026-01-15T00:00:00Z,2034-01-13T00:00:00Z,2920,28.754479,28.215017,826.820048,1185.928,REFINED_GROUPED_LAMBERT_GRID
2026,HAUMEA,136108 Haumea,ORBITAL_RECON,2,2026-03-15T00:00:00Z,2034-03-13T00:00:00Z,2920,41.750585,27.866275,1743.111324,21408.501,REFINED_GROUPED_LAMBERT_GRID
2026,HAUMEA,136108 Haumea,RENDEZVOUS,2,2026-03-15T00:00:00Z,2034-03-13T00:00:00Z,2920,41.750585,27.866275,1743.111324,21408.501,REFINED_GROUPED_LAMBERT_GRID
2026,HAUMEA,136108 Haumea,LANDING_PROSPECTING,5,2026-04-15T00:00:00Z,2034-04-13T00:00:00Z,2920,51.931235,27.791025,2696.853123,50903.915,REFINED_GROUPED_LAMBERT_GRID
2026,HAUMEA,136108 Haumea,CARGO_DELIVERY,20,2026-04-15T00:00:00Z,2034-04-13T00:00:00Z,2920,51.931235,27.791025,2696.853123,243087.784,REFINED_GROUPED_LAMBERT_GRID
2026,HAUMEA,136108 Haumea,CREWED_TRANSPORT,100,2026-04-15T00:00:00Z,2034-04-13T00:00:00Z,2920,51.931235,27.791025,2696.853123,1208366.472,REFINED_GROUPED_LAMBERT_GRID
2027,HAUMEA,136108 Haumea,FLYBY,1,2027-01-15T00:00:00Z,2035-01-13T00:00:00Z,2920,28.663918,28.154671,821.620204,1182.808,REFINED_GROUPED_LAMBERT_GRID
2027,HAUMEA,136108 Haumea,ORBITAL_RECON,2,2027-03-15T00:00:00Z,2035-03-13T00:00:00Z,2920,41.286624,27.803445,1704.585303,21114.144,REFINED_GROUPED_LAMBERT_GRID
2027,HAUMEA,136108 Haumea,RENDEZVOUS,2,2027-03-15T00:00:00Z,2035-03-13T00:00:00Z,2920,41.286624,27.803445,1704.585303,21114.144,REFINED_GROUPED_LAMBERT_GRID
2027,HAUMEA,136108 Haumea,LANDING_PROSPECTING,5,2027-04-15T00:00:00Z,2035-04-13T00:00:00Z,2920,51.456354,27.72353,2647.75637,50158.453,REFINED_GROUPED_LAMBERT_GRID
2027,HAUMEA,136108 Haumea,CARGO_DELIVERY,20,2027-04-15T00:00:00Z,2035-04-13T00:00:00Z,2920,51.456354,27.72353,2647.75637,239478.309,REFINED_GROUPED_LAMBERT_GRID
2027,HAUMEA,136108 Haumea,CREWED_TRANSPORT,100,2027-04-15T00:00:00Z,2035-04-13T00:00:00Z,2920,51.456354,27.72353,2647.75637,1190436.93,REFINED_GROUPED_LAMBERT_GRID
2028,HAUMEA,136108 Haumea,FLYBY,1,2028-01-15T00:00:00Z,2036-01-13T00:00:00Z,2920,28.572152,28.092732,816.367879,1179.656,REFINED_GROUPED_LAMBERT_GRID
2028,HAUMEA,136108 Haumea,ORBITAL_RECON,2,2028-03-15T00:00:00Z,2036-03-13T00:00:00Z,2920,41.10455,27.734859,1689.584008,20813.342,REFINED_GROUPED_LAMBERT_GRID
2028,HAUMEA,136108 Haumea,RENDEZVOUS,2,2028-03-15T00:00:00Z,2036-03-13T00:00:00Z,2920,41.10455,27.734859,1689.584008,20813.342,REFINED_GROUPED_LAMBERT_GRID
2028,HAUMEA,136108 Haumea,LANDING_PROSPECTING,5,2028-04-15T00:00:00Z,2036-04-13T00:00:00Z,2920,51.270256,27.653966,2628.639139,49420.182,REFINED_GROUPED_LAMBERT_GRID
2028,HAUMEA,136108 Haumea,CARGO_DELIVERY,20,2028-04-15T00:00:00Z,2036-04-13T00:00:00Z,2920,51.270256,27.653966,2628.639139,235832.833,REFINED_GROUPED_LAMBERT_GRID
2028,HAUMEA,136108 Haumea,CREWED_TRANSPORT,100,2028-04-15T00:00:00Z,2036-04-13T00:00:00Z,2920,51.270256,27.653966,2628.639139,1172255.43,REFINED_GROUPED_LAMBERT_GRID
2029,HAUMEA,136108 Haumea,FLYBY,1,2029-01-15T00:00:00Z,2037-01-13T00:00:00Z,2920,28.484419,28.02457,811.362117,1176.653,REFINED_GROUPED_LAMBERT_GRID
2029,HAUMEA,136108 Haumea,ORBITAL_RECON,2,2029-03-15T00:00:00Z,2037-03-13T00:00:00Z,2920,40.626233,27.671381,1650.490829,20523.754,REFINED_GROUPED_LAMBERT_GRID
2029,HAUMEA,136108 Haumea,RENDEZVOUS,2,2029-03-15T00:00:00Z,2037-03-13T00:00:00Z,2920,40.626233,27.671381,1650.490829,20523.754,REFINED_GROUPED_LAMBERT_GRID
2029,HAUMEA,136108 Haumea,LANDING_PROSPECTING,5,2029-04-15T00:00:00Z,2037-04-13T00:00:00Z,2920,50.794453,27.586085,2580.076502,48692.579,REFINED_GROUPED_LAMBERT_GRID
2029,HAUMEA,136108 Haumea,CARGO_DELIVERY,20,2029-04-15T00:00:00Z,2037-04-13T00:00:00Z,2920,50.794453,27.586085,2580.076502,232311.37,REFINED_GROUPED_LAMBERT_GRID
2029,HAUMEA,136108 Haumea,CREWED_TRANSPORT,100,2029-04-15T00:00:00Z,2037-04-13T00:00:00Z,2920,50.794453,27.586085,2580.076502,1154764.669,REFINED_GROUPED_LAMBERT_GRID
2030,HAUMEA,136108 Haumea,FLYBY,1,2030-01-15T00:00:00Z,2038-01-13T00:00:00Z,2920,28.413299,27.963872,807.31557,1174.225,REFINED_GROUPED_LAMBERT_GRID
2030,HAUMEA,136108 Haumea,ORBITAL_RECON,2,2030-03-15T00:00:00Z,2038-03-13T00:00:00Z,2920,40.148457,27.609232,1611.898562,20243.65,REFINED_GROUPED_LAMBERT_GRID
2030,HAUMEA,136108 Haumea,RENDEZVOUS,2,2030-03-15T00:00:00Z,2038-03-13T00:00:00Z,2920,40.148457,27.609232,1611.898562,20243.65,REFINED_GROUPED_LAMBERT_GRID
2030,HAUMEA,136108 Haumea,LANDING_PROSPECTING,5,2030-04-15T00:00:00Z,2038-04-13T00:00:00Z,2920,50.298898,27.519842,2529.979154,47990.987,REFINED_GROUPED_LAMBERT_GRID
2030,HAUMEA,136108 Haumea,CARGO_DELIVERY,20,2030-04-15T00:00:00Z,2038-04-13T00:00:00Z,2920,50.298898,27.519842,2529.979154,228923.64,REFINED_GROUPED_LAMBERT_GRID
2030,HAUMEA,136108 Haumea,CREWED_TRANSPORT,100,2030-04-15T00:00:00Z,2038-04-13T00:00:00Z,2920,50.298898,27.519842,2529.979154,1137946.249,REFINED_GROUPED_LAMBERT_GRID
2031,HAUMEA,136108 Haumea,FLYBY,1,2031-01-15T00:00:00Z,2039-01-13T00:00:00Z,2920,28.337615,27.904771,803.020426,1171.648,REFINED_GROUPED_LAMBERT_GRID
2031,HAUMEA,136108 Haumea,ORBITAL_RECON,2,2031-03-15T00:00:00Z,2039-03-13T00:00:00Z,2920,39.640952,27.548518,1571.405041,19971.738,REFINED_GROUPED_LAMBERT_GRID
2031,HAUMEA,136108 Haumea,RENDEZVOUS,2,2031-03-15T00:00:00Z,2039-03-13T00:00:00Z,2920,39.640952,27.548518,1571.405041,19971.738,REFINED_GROUPED_LAMBERT_GRID
2031,HAUMEA,136108 Haumea,LANDING_PROSPECTING,5,2031-04-15T00:00:00Z,2039-04-13T00:00:00Z,2920,49.784295,27.454772,2478.476034,47310.007,REFINED_GROUPED_LAMBERT_GRID
2031,HAUMEA,136108 Haumea,CARGO_DELIVERY,20,2031-04-15T00:00:00Z,2039-04-13T00:00:00Z,2920,49.784295,27.454772,2478.476034,225642.352,REFINED_GROUPED_LAMBERT_GRID
2031,HAUMEA,136108 Haumea,CREWED_TRANSPORT,100,2031-04-15T00:00:00Z,2039-04-13T00:00:00Z,2920,49.784295,27.454772,2478.476034,1121663.417,REFINED_GROUPED_LAMBERT_GRID
2032,HAUMEA,136108 Haumea,FLYBY,1,2032-01-15T00:00:00Z,2040-01-13T00:00:00Z,2920,28.273873,27.84597,799.411889,1169.483,REFINED_GROUPED_LAMBERT_GRID
2032,HAUMEA,136108 Haumea,ORBITAL_RECON,2,2032-03-15T00:00:00Z,2040-03-13T00:00:00Z,2920,39.482166,27.483818,1558.841442,19703.984,REFINED_GROUPED_LAMBERT_GRID
2032,HAUMEA,136108 Haumea,RENDEZVOUS,2,2032-03-15T00:00:00Z,2040-03-13T00:00:00Z,2920,39.482166,27.483818,1558.841442,19703.984,REFINED_GROUPED_LAMBERT_GRID
2032,HAUMEA,136108 Haumea,LANDING_PROSPECTING,5,2032-04-15T00:00:00Z,2040-04-13T00:00:00Z,2920,49.627154,27.389152,2462.854401,46654.506,REFINED_GROUPED_LAMBERT_GRID
2032,HAUMEA,136108 Haumea,CARGO_DELIVERY,20,2032-04-15T00:00:00Z,2040-04-13T00:00:00Z,2920,49.627154,27.389152,2462.854401,222402.337,REFINED_GROUPED_LAMBERT_GRID
2032,HAUMEA,136108 Haumea,CREWED_TRANSPORT,100,2032-04-15T00:00:00Z,2040-04-13T00:00:00Z,2920,49.627154,27.389152,2462.854401,1105500.835,REFINED_GROUPED_LAMBERT_GRID
2033,HAUMEA,136108 Haumea,FLYBY,1,2033-01-15T00:00:00Z,2041-01-13T00:00:00Z,2920,28.195505,27.780766,794.986508,1166.828,REFINED_GROUPED_LAMBERT_GRID
2033,HAUMEA,136108 Haumea,ORBITAL_RECON,2,2033-03-15T00:00:00Z,2041-03-13T00:00:00Z,2920,38.985144,27.423156,1519.841487,19439.98,REFINED_GROUPED_LAMBERT_GRID
2033,HAUMEA,136108 Haumea,RENDEZVOUS,2,2033-03-15T00:00:00Z,2041-03-13T00:00:00Z,2920,38.985144,27.423156,1519.841487,19439.98,REFINED_GROUPED_LAMBERT_GRID
2033,HAUMEA,136108 Haumea,LANDING_PROSPECTING,5,2033-04-15T00:00:00Z,2041-04-13T00:00:00Z,2920,49.106138,27.324136,2411.412798,45992.684,REFINED_GROUPED_LAMBERT_GRID
2033,HAUMEA,136108 Haumea,CARGO_DELIVERY,20,2033-04-15T00:00:00Z,2041-04-13T00:00:00Z,2920,49.106138,27.324136,2411.412798,219216.689,REFINED_GROUPED_LAMBERT_GRID
2033,HAUMEA,136108 Haumea,CREWED_TRANSPORT,100,2033-04-15T00:00:00Z,2041-04-13T00:00:00Z,2920,49.106138,27.324136,2411.412798,1089696.053,REFINED_GROUPED_LAMBERT_GRID
2034,HAUMEA,136108 Haumea,FLYBY,1,2034-01-15T00:00:00Z,2042-01-13T00:00:00Z,2920,28.136287,27.720516,791.650671,1164.826,REFINED_GROUPED_LAMBERT_GRID
2034,HAUMEA,136108 Haumea,ORBITAL_RECON,2,2034-03-15T00:00:00Z,2042-03-13T00:00:00Z,2920,38.478046,27.361276,1480.560058,19174.297,REFINED_GROUPED_LAMBERT_GRID
2034,HAUMEA,136108 Haumea,RENDEZVOUS,2,2034-03-15T00:00:00Z,2042-03-13T00:00:00Z,2920,38.478046,27.361276,1480.560058,19174.297,REFINED_GROUPED_LAMBERT_GRID
2034,HAUMEA,136108 Haumea,LANDING_PROSPECTING,5,2034-04-15T00:00:00Z,2042-04-13T00:00:00Z,2920,48.591884,27.257611,2361.171197,45326.309,REFINED_GROUPED_LAMBERT_GRID
2034,HAUMEA,136108 Haumea,CARGO_DELIVERY,20,2034-04-15T00:00:00Z,2042-04-13T00:00:00Z,2920,48.591884,27.257611,2361.171197,216005.392,REFINED_GROUPED_LAMBERT_GRID
2034,HAUMEA,136108 Haumea,CREWED_TRANSPORT,100,2034-04-15T00:00:00Z,2042-04-13T00:00:00Z,2920,48.591884,27.257611,2361.171197,1073760.15,REFINED_GROUPED_LAMBERT_GRID
2035,HAUMEA,136108 Haumea,FLYBY,1,2035-01-15T00:00:00Z,2043-01-13T00:00:00Z,2920,28.100295,27.657523,789.626562,1163.612,REFINED_GROUPED_LAMBERT_GRID
2035,HAUMEA,136108 Haumea,ORBITAL_RECON,2,2035-03-15T00:00:00Z,2043-03-13T00:00:00Z,2920,38.003603,27.2969,1444.273827,18904.154,REFINED_GROUPED_LAMBERT_GRID
2035,HAUMEA,136108 Haumea,RENDEZVOUS,2,2035-03-15T00:00:00Z,2043-03-13T00:00:00Z,2920,38.003603,27.2969,1444.273827,18904.154,REFINED_GROUPED_LAMBERT_GRID
2035,HAUMEA,136108 Haumea,LANDING_PROSPECTING,5,2035-04-15T00:00:00Z,2043-04-13T00:00:00Z,2920,48.095607,27.188802,2313.187412,44649.266,REFINED_GROUPED_LAMBERT_GRID
2035,HAUMEA,136108 Haumea,CARGO_DELIVERY,20,2035-04-15T00:00:00Z,2043-04-13T00:00:00Z,2920,48.095607,27.188802,2313.187412,212735.337,REFINED_GROUPED_LAMBERT_GRID
2035,HAUMEA,136108 Haumea,CREWED_TRANSPORT,100,2035-04-15T00:00:00Z,2043-04-13T00:00:00Z,2920,48.095607,27.188802,2313.187412,1057525.034,REFINED_GROUPED_LAMBERT_GRID
2026,HYDRA,Hydra,FLYBY,1,2026-03-15T00:00:00Z,2034-03-13T00:00:00Z,2920,18.700014,19.42805,349.690511,1799.65,REFINED_GROUPED_LAMBERT_GRID
2026,HYDRA,Hydra,ORBITAL_RECON,2,2026-04-15T00:00:00Z,2034-04-13T00:00:00Z,2920,18.743758,19.267148,351.328468,4804.844,REFINED_GROUPED_LAMBERT_GRID
2026,HYDRA,Hydra,RENDEZVOUS,2,2026-04-15T00:00:00Z,2034-04-13T00:00:00Z,2920,18.743758,19.267148,351.328468,4804.844,REFINED_GROUPED_LAMBERT_GRID
2026,HYDRA,Hydra,LANDING_PROSPECTING,5,2026-05-15T00:00:00Z,2034-05-13T00:00:00Z,2920,25.7109,19.091694,661.05037,9445.311,REFINED_GROUPED_LAMBERT_GRID
2026,HYDRA,Hydra,CARGO_DELIVERY,20,2026-06-15T00:00:00Z,2034-06-13T00:00:00Z,2920,35.878406,18.948516,1287.26003,36366.786,REFINED_GROUPED_LAMBERT_GRID
2026,HYDRA,Hydra,CREWED_TRANSPORT,100,2026-07-15T00:00:00Z,2034-07-13T00:00:00Z,2920,46.217653,18.903601,2136.071435,175180.103,REFINED_GROUPED_LAMBERT_GRID
2027,HYDRA,Hydra,FLYBY,1,2027-04-15T00:00:00Z,2035-04-13T00:00:00Z,2920,18.651921,19.444118,347.894161,1798.572,REFINED_GROUPED_LAMBERT_GRID
2027,HYDRA,Hydra,ORBITAL_RECON,2,2027-04-15T00:00:00Z,2035-04-13T00:00:00Z,2920,18.651921,19.444118,347.894161,4918.871,REFINED_GROUPED_LAMBERT_GRID
2027,HYDRA,Hydra,RENDEZVOUS,2,2027-04-15T00:00:00Z,2035-04-13T00:00:00Z,2920,18.651921,19.444118,347.894161,4918.871,REFINED_GROUPED_LAMBERT_GRID
2027,HYDRA,Hydra,LANDING_PROSPECTING,5,2027-05-15T00:00:00Z,2035-05-13T00:00:00Z,2920,25.256033,19.267514,637.867201,9708.673,REFINED_GROUPED_LAMBERT_GRID
2027,HYDRA,Hydra,CARGO_DELIVERY,20,2027-06-15T00:00:00Z,2035-06-13T00:00:00Z,2920,35.30773,19.118814,1246.635766,37642.368,REFINED_GROUPED_LAMBERT_GRID
2027,HYDRA,Hydra,CREWED_TRANSPORT,100,2027-07-15T00:00:00Z,2035-07-13T00:00:00Z,2920,45.659736,19.065028,2084.811533,181243.331,REFINED_GROUPED_LAMBERT_GRID
2028,HYDRA,Hydra,FLYBY,1,2028-04-15T00:00:00Z,2036-04-13T00:00:00Z,2920,18.682373,19.612048,349.031073,1799.254,REFINED_GROUPED_LAMBERT_GRID
2028,HYDRA,Hydra,ORBITAL_RECON,2,2028-04-15T00:00:00Z,2036-04-13T00:00:00Z,2920,18.682373,19.612048,349.031073,5034.013,REFINED_GROUPED_LAMBERT_GRID
2028,HYDRA,Hydra,RENDEZVOUS,2,2028-04-15T00:00:00Z,2036-04-13T00:00:00Z,2920,18.682373,19.612048,349.031073,5034.013,REFINED_GROUPED_LAMBERT_GRID
2028,HYDRA,Hydra,LANDING_PROSPECTING,5,2028-05-15T00:00:00Z,2036-05-13T00:00:00Z,2920,25.065358,19.434353,628.272175,9976.232,REFINED_GROUPED_LAMBERT_GRID
2028,HYDRA,Hydra,CARGO_DELIVERY,20,2028-06-15T00:00:00Z,2036-06-13T00:00:00Z,2920,35.058991,19.282445,1229.132843,38928.142,REFINED_GROUPED_LAMBERT_GRID
2028,HYDRA,Hydra,CREWED_TRANSPORT,100,2028-07-15T00:00:00Z,2036-07-13T00:00:00Z,2920,45.431537,19.223856,2064.024592,187443.922,REFINED_GROUPED_LAMBERT_GRID
2029,HYDRA,Hydra,FLYBY,1,2029-04-15T00:00:00Z,2037-04-13T00:00:00Z,2920,18.631659,19.783275,347.138722,1798.119,REFINED_GROUPED_LAMBERT_GRID
2029,HYDRA,Hydra,ORBITAL_RECON,2,2029-04-15T00:00:00Z,2037-04-13T00:00:00Z,2920,18.631659,19.783275,347.138722,5154.067,REFINED_GROUPED_LAMBERT_GRID
2029,HYDRA,Hydra,RENDEZVOUS,2,2029-04-15T00:00:00Z,2037-04-13T00:00:00Z,2920,18.631659,19.783275,347.138722,5154.067,REFINED_GROUPED_LAMBERT_GRID
2029,HYDRA,Hydra,LANDING_PROSPECTING,5,2029-05-15T00:00:00Z,2037-05-13T00:00:00Z,2920,24.632358,19.604901,606.753041,10253.387,REFINED_GROUPED_LAMBERT_GRID
2029,HYDRA,Hydra,CARGO_DELIVERY,20,2029-07-15T00:00:00Z,2037-07-13T00:00:00Z,2920,44.903067,19.381172,2016.285416,40205.655,REFINED_GROUPED_LAMBERT_GRID
2029,HYDRA,Hydra,CREWED_TRANSPORT,100,2029-07-15T00:00:00Z,2037-07-13T00:00:00Z,2920,44.903067,19.381172,2016.285416,193789.188,REFINED_GROUPED_LAMBERT_GRID
2030,HYDRA,Hydra,FLYBY,1,2030-04-15T00:00:00Z,2038-04-13T00:00:00Z,2920,18.652442,19.953097,347.913602,1798.584,REFINED_GROUPED_LAMBERT_GRID
2030,HYDRA,Hydra,ORBITAL_RECON,2,2030-04-15T00:00:00Z,2038-04-13T00:00:00Z,2920,18.652442,19.953097,347.913602,5279.369,REFINED_GROUPED_LAMBERT_GRID
2030,HYDRA,Hydra,RENDEZVOUS,2,2030-04-15T00:00:00Z,2038-04-13T00:00:00Z,2920,18.652442,19.953097,347.913602,5279.369,REFINED_GROUPED_LAMBERT_GRID
2030,HYDRA,Hydra,LANDING_PROSPECTING,5,2030-05-15T00:00:00Z,2038-05-13T00:00:00Z,2920,24.23131,19.77458,587.156381,10541.336,REFINED_GROUPED_LAMBERT_GRID
2030,HYDRA,Hydra,CARGO_DELIVERY,20,2030-07-15T00:00:00Z,2038-07-13T00:00:00Z,2920,44.344675,19.539145,1966.450214,41501.5,REFINED_GROUPED_LAMBERT_GRID
2030,HYDRA,Hydra,CREWED_TRANSPORT,100,2030-07-15T00:00:00Z,2038-07-13T00:00:00Z,2920,44.344675,19.539145,1966.450214,200388.021,REFINED_GROUPED_LAMBERT_GRID
2031,HYDRA,Hydra,FLYBY,1,2031-04-15T00:00:00Z,2039-04-13T00:00:00Z,2920,18.680363,20.123687,348.955976,1799.209,REFINED_GROUPED_LAMBERT_GRID
2031,HYDRA,Hydra,ORBITAL_RECON,2,2031-05-15T00:00:00Z,2039-05-13T00:00:00Z,2920,23.817041,19.945191,567.251449,5405.055,REFINED_GROUPED_LAMBERT_GRID
2031,HYDRA,Hydra,RENDEZVOUS,2,2031-05-15T00:00:00Z,2039-05-13T00:00:00Z,2920,23.817041,19.945191,567.251449,5405.055,REFINED_GROUPED_LAMBERT_GRID
2031,HYDRA,Hydra,LANDING_PROSPECTING,5,2031-05-15T00:00:00Z,2039-05-13T00:00:00Z,2920,23.817041,19.945191,567.251449,10842.357,REFINED_GROUPED_LAMBERT_GRID
2031,HYDRA,Hydra,CARGO_DELIVERY,20,2031-07-15T00:00:00Z,2039-07-13T00:00:00Z,2920,43.7967,19.698625,1918.150964,42858.964,REFINED_GROUPED_LAMBERT_GRID
2031,HYDRA,Hydra,CREWED_TRANSPORT,100,2031-07-15T00:00:00Z,2039-07-13T00:00:00Z,2920,43.7967,19.698625,1918.150964,207291.258,REFINED_GROUPED_LAMBERT_GRID
2032,HYDRA,Hydra,FLYBY,1,2032-04-15T00:00:00Z,2040-04-13T00:00:00Z,2920,18.808438,20.290137,353.757327,1802.09,REFINED_GROUPED_LAMBERT_GRID
2032,HYDRA,Hydra,ORBITAL_RECON,2,2032-05-15T00:00:00Z,2040-05-13T00:00:00Z,2920,23.721643,20.111763,562.716368,5529.222,REFINED_GROUPED_LAMBERT_GRID
2032,HYDRA,Hydra,RENDEZVOUS,2,2032-05-15T00:00:00Z,2040-05-13T00:00:00Z,2920,23.721643,20.111763,562.716368,5529.222,REFINED_GROUPED_LAMBERT_GRID
2032,HYDRA,Hydra,LANDING_PROSPECTING,5,2032-05-15T00:00:00Z,2040-05-13T00:00:00Z,2920,23.721643,20.111763,562.716368,11156.857,REFINED_GROUPED_LAMBERT_GRID
2032,HYDRA,Hydra,CARGO_DELIVERY,20,2032-07-15T00:00:00Z,2040-07-13T00:00:00Z,2920,43.622464,19.859823,1902.919385,44302.038,REFINED_GROUPED_LAMBERT_GRID
2032,HYDRA,Hydra,CREWED_TRANSPORT,100,2032-07-15T00:00:00Z,2040-07-13T00:00:00Z,2920,43.622464,19.859823,1902.919385,214543.185,REFINED_GROUPED_LAMBERT_GRID
2033,HYDRA,Hydra,FLYBY,1,2033-04-15T00:00:00Z,2041-04-13T00:00:00Z,2920,18.928861,20.464146,358.301789,1804.817,REFINED_GROUPED_LAMBERT_GRID
2033,HYDRA,Hydra,ORBITAL_RECON,2,2033-05-15T00:00:00Z,2041-05-13T00:00:00Z,2920,23.369325,20.286381,546.125331,5657.424,REFINED_GROUPED_LAMBERT_GRID
2033,HYDRA,Hydra,RENDEZVOUS,2,2033-05-15T00:00:00Z,2041-05-13T00:00:00Z,2920,23.369325,20.286381,546.125331,5657.424,REFINED_GROUPED_LAMBERT_GRID
2033,HYDRA,Hydra,LANDING_PROSPECTING,5,2033-06-15T00:00:00Z,2041-06-13T00:00:00Z,2920,32.69074,20.116495,1068.684459,11469.621,REFINED_GROUPED_LAMBERT_GRID
2033,HYDRA,Hydra,CARGO_DELIVERY,20,2033-07-15T00:00:00Z,2041-07-13T00:00:00Z,2920,43.067994,20.024928,1854.852069,45815.529,REFINED_GROUPED_LAMBERT_GRID
2033,HYDRA,Hydra,CREWED_TRANSPORT,100,2033-07-15T00:00:00Z,2041-07-13T00:00:00Z,2920,43.067994,20.024928,1854.852069,222226.002,REFINED_GROUPED_LAMBERT_GRID
2034,HYDRA,Hydra,FLYBY,1,2034-04-15T00:00:00Z,2042-04-13T00:00:00Z,2920,19.059345,20.640658,363.258649,1807.791,REFINED_GROUPED_LAMBERT_GRID
2034,HYDRA,Hydra,ORBITAL_RECON,2,2034-05-15T00:00:00Z,2042-05-13T00:00:00Z,2920,23.024141,20.463631,530.111076,5793.647,REFINED_GROUPED_LAMBERT_GRID
2034,HYDRA,Hydra,RENDEZVOUS,2,2034-05-15T00:00:00Z,2042-05-13T00:00:00Z,2920,23.024141,20.463631,530.111076,5793.647,REFINED_GROUPED_LAMBERT_GRID
2034,HYDRA,Hydra,LANDING_PROSPECTING,5,2034-06-15T00:00:00Z,2042-06-13T00:00:00Z,2920,32.172597,20.290726,1035.076005,11794.432,REFINED_GROUPED_LAMBERT_GRID
2034,HYDRA,Hydra,CARGO_DELIVERY,20,2034-07-15T00:00:00Z,2042-07-13T00:00:00Z,2920,42.542829,20.192743,1809.892313,47415.29,REFINED_GROUPED_LAMBERT_GRID
2034,HYDRA,Hydra,CREWED_TRANSPORT,100,2034-07-15T00:00:00Z,2042-07-13T00:00:00Z,2920,42.542829,20.192743,1809.892313,230332.709,REFINED_GROUPED_LAMBERT_GRID
2035,HYDRA,Hydra,FLYBY,1,2035-04-15T00:00:00Z,2043-04-13T00:00:00Z,2920,19.255864,20.818905,370.788305,1812.309,REFINED_GROUPED_LAMBERT_GRID
2035,HYDRA,Hydra,ORBITAL_RECON,2,2035-05-15T00:00:00Z,2043-05-13T00:00:00Z,2920,22.743146,20.643029,517.250673,5939.497,REFINED_GROUPED_LAMBERT_GRID
2035,HYDRA,Hydra,RENDEZVOUS,2,2035-05-15T00:00:00Z,2043-05-13T00:00:00Z,2920,22.743146,20.643029,517.250673,5939.497,REFINED_GROUPED_LAMBERT_GRID
2035,HYDRA,Hydra,LANDING_PROSPECTING,5,2035-06-15T00:00:00Z,2043-06-13T00:00:00Z,2920,31.68506,20.467646,1003.943021,12139.991,REFINED_GROUPED_LAMBERT_GRID
2035,HYDRA,Hydra,CARGO_DELIVERY,20,2035-07-15T00:00:00Z,2043-07-13T00:00:00Z,2920,42.021215,20.363589,1765.782504,49108.438,REFINED_GROUPED_LAMBERT_GRID
2035,HYDRA,Hydra,CREWED_TRANSPORT,100,2035-07-15T00:00:00Z,2043-07-13T00:00:00Z,2920,42.021215,20.363589,1765.782504,238904.314,REFINED_GROUPED_LAMBERT_GRID
2026,HYGIEA,10 Hygiea,FLYBY,1,2026-12-15T00:00:00Z,2027-12-15T00:00:00Z,365,8.669582,7.080458,75.161643,525.076,REFINED_GROUPED_LAMBERT_GRID
2026,HYGIEA,10 Hygiea,ORBITAL_RECON,2,2026-12-15T00:00:00Z,2027-12-15T00:00:00Z,365,8.669582,7.080458,75.161643,828.004,REFINED_GROUPED_LAMBERT_GRID
2026,HYGIEA,10 Hygiea,RENDEZVOUS,2,2026-12-15T00:00:00Z,2027-12-15T00:00:00Z,365,8.669582,7.080458,75.161643,828.004,REFINED_GROUPED_LAMBERT_GRID
2026,HYGIEA,10 Hygiea,LANDING_PROSPECTING,5,2026-12-15T00:00:00Z,2027-12-15T00:00:00Z,365,8.669582,7.080458,75.161643,1507.395,REFINED_GROUPED_LAMBERT_GRID
2026,HYGIEA,10 Hygiea,CARGO_DELIVERY,20,2026-12-15T00:00:00Z,2027-12-15T00:00:00Z,365,8.669582,7.080458,75.161643,3236.67,REFINED_GROUPED_LAMBERT_GRID
2026,HYGIEA,10 Hygiea,CREWED_TRANSPORT,100,2026-12-15T00:00:00Z,2027-12-15T00:00:00Z,365,8.669582,7.080458,75.161643,15402.964,REFINED_GROUPED_LAMBERT_GRID
2027,HYGIEA,10 Hygiea,FLYBY,1,2027-01-15T00:00:00Z,2029-01-14T00:00:00Z,730,8.32303,8.401456,69.272837,551.523,REFINED_GROUPED_LAMBERT_GRID
2027,HYGIEA,10 Hygiea,ORBITAL_RECON,2,2027-01-15T00:00:00Z,2028-01-15T00:00:00Z,365,13.106559,6.99234,171.7819,882.235,REFINED_GROUPED_LAMBERT_GRID
2027,HYGIEA,10 Hygiea,RENDEZVOUS,2,2027-01-15T00:00:00Z,2028-01-15T00:00:00Z,365,13.106559,6.99234,171.7819,882.235,REFINED_GROUPED_LAMBERT_GRID
2027,HYGIEA,10 Hygiea,LANDING_PROSPECTING,5,2027-01-15T00:00:00Z,2028-01-15T00:00:00Z,365,13.106559,6.99234,171.7819,1556.015,REFINED_GROUPED_LAMBERT_GRID
2027,HYGIEA,10 Hygiea,CARGO_DELIVERY,20,2027-01-15T00:00:00Z,2028-01-15T00:00:00Z,365,13.106559,6.99234,171.7819,3247.879,REFINED_GROUPED_LAMBERT_GRID
2027,HYGIEA,10 Hygiea,CREWED_TRANSPORT,100,2027-01-15T00:00:00Z,2028-01-15T00:00:00Z,365,13.106559,6.99234,171.7819,15227.117,REFINED_GROUPED_LAMBERT_GRID
2028,HYGIEA,10 Hygiea,FLYBY,1,2028-03-15T00:00:00Z,2029-03-15T00:00:00Z,365,7.773072,6.563337,60.420651,516.232,REFINED_GROUPED_LAMBERT_GRID
2028,HYGIEA,10 Hygiea,ORBITAL_RECON,2,2028-03-15T00:00:00Z,2029-03-15T00:00:00Z,365,7.773072,6.563337,60.420651,798.215,REFINED_GROUPED_LAMBERT_GRID
2028,HYGIEA,10 Hygiea,RENDEZVOUS,2,2028-03-15T00:00:00Z,2029-03-15T00:00:00Z,365,7.773072,6.563337,60.420651,798.215,REFINED_GROUPED_LAMBERT_GRID
2028,HYGIEA,10 Hygiea,LANDING_PROSPECTING,5,2028-03-15T00:00:00Z,2029-03-15T00:00:00Z,365,7.773072,6.563337,60.420651,1446.191,REFINED_GROUPED_LAMBERT_GRID
2028,HYGIEA,10 Hygiea,CARGO_DELIVERY,20,2028-04-15T00:00:00Z,2029-04-15T00:00:00Z,365,11.197656,6.170348,125.387506,2825.227,REFINED_GROUPED_LAMBERT_GRID
2028,HYGIEA,10 Hygiea,CREWED_TRANSPORT,100,2028-04-15T00:00:00Z,2029-04-15T00:00:00Z,365,11.197656,6.170348,125.387506,13225.207,REFINED_GROUPED_LAMBERT_GRID
2029,HYGIEA,10 Hygiea,FLYBY,1,2029-06-15T00:00:00Z,2030-06-15T00:00:00Z,365,9.669635,8.195002,93.501833,536.081,REFINED_GROUPED_LAMBERT_GRID
2029,HYGIEA,10 Hygiea,ORBITAL_RECON,2,2029-05-15T00:00:00Z,2031-05-15T00:00:00Z,730,8.538134,4.98516,72.899738,784.808,REFINED_GROUPED_LAMBERT_GRID
2029,HYGIEA,10 Hygiea,RENDEZVOUS,2,2029-05-15T00:00:00Z,2031-05-15T00:00:00Z,730,8.538134,4.98516,72.899738,784.808,REFINED_GROUPED_LAMBERT_GRID
2029,HYGIEA,10 Hygiea,LANDING_PROSPECTING,5,2029-05-15T00:00:00Z,2031-05-15T00:00:00Z,730,8.538134,4.98516,72.899738,1356.472,REFINED_GROUPED_LAMBERT_GRID
2029,HYGIEA,10 Hygiea,CARGO_DELIVERY,20,2029-05-15T00:00:00Z,2031-05-15T00:00:00Z,730,8.538134,4.98516,72.899738,2367.564,REFINED_GROUPED_LAMBERT_GRID
2029,HYGIEA,10 Hygiea,CREWED_TRANSPORT,100,2029-05-15T00:00:00Z,2031-05-15T00:00:00Z,730,8.538134,4.98516,72.899738,11062.862,REFINED_GROUPED_LAMBERT_GRID
2030,HYGIEA,10 Hygiea,FLYBY,1,2030-08-15T00:00:00Z,2031-08-15T00:00:00Z,365,9.079431,9.744392,82.436062,529.441,REFINED_GROUPED_LAMBERT_GRID
2030,HYGIEA,10 Hygiea,ORBITAL_RECON,2,2030-07-15T00:00:00Z,2032-07-14T00:00:00Z,730,8.47626,5.475403,71.846978,798.116,REFINED_GROUPED_LAMBERT_GRID
2030,HYGIEA,10 Hygiea,RENDEZVOUS,2,2030-07-15T00:00:00Z,2032-07-14T00:00:00Z,730,8.47626,5.475403,71.846978,798.116,REFINED_GROUPED_LAMBERT_GRID
2030,HYGIEA,10 Hygiea,LANDING_PROSPECTING,5,2030-07-15T00:00:00Z,2032-07-14T00:00:00Z,730,8.47626,5.475403,71.846978,1390.689,REFINED_GROUPED_LAMBERT_GRID
2030,HYGIEA,10 Hygiea,CARGO_DELIVERY,20,2030-07-15T00:00:00Z,2032-07-14T00:00:00Z,730,8.47626,5.475403,71.846978,2541.176,REFINED_GROUPED_LAMBERT_GRID
2030,HYGIEA,10 Hygiea,CREWED_TRANSPORT,100,2030-07-15T00:00:00Z,2032-07-14T00:00:00Z,730,8.47626,5.475403,71.846978,11933.449,REFINED_GROUPED_LAMBERT_GRID
2031,HYGIEA,10 Hygiea,FLYBY,1,2031-10-15T00:00:00Z,2032-10-14T00:00:00Z,365,8.381477,8.85504,70.249151,522.129,REFINED_GROUPED_LAMBERT_GRID
2031,HYGIEA,10 Hygiea,ORBITAL_RECON,2,2031-10-15T00:00:00Z,2033-10-14T00:00:00Z,730,7.627723,8.042888,58.182152,893.802,REFINED_GROUPED_LAMBERT_GRID
2031,HYGIEA,10 Hygiea,RENDEZVOUS,2,2031-10-15T00:00:00Z,2033-10-14T00:00:00Z,730,7.627723,8.042888,58.182152,893.802,REFINED_GROUPED_LAMBERT_GRID
2031,HYGIEA,10 Hygiea,LANDING_PROSPECTING,5,2031-11-15T00:00:00Z,2032-11-14T00:00:00Z,365,12.071109,7.805161,145.711661,1634.005,REFINED_GROUPED_LAMBERT_GRID
2031,HYGIEA,10 Hygiea,CARGO_DELIVERY,20,2031-11-15T00:00:00Z,2032-11-14T00:00:00Z,365,12.071109,7.805161,145.711661,3700.398,REFINED_GROUPED_LAMBERT_GRID
2031,HYGIEA,10 Hygiea,CREWED_TRANSPORT,100,2031-11-15T00:00:00Z,2032-11-14T00:00:00Z,365,12.071109,7.805161,145.711661,17552.28,REFINED_GROUPED_LAMBERT_GRID
2032,HYGIEA,10 Hygiea,FLYBY,1,2032-12-15T00:00:00Z,2033-12-15T00:00:00Z,365,10.699176,7.777634,114.472362,548.663,REFINED_GROUPED_LAMBERT_GRID
2032,HYGIEA,10 Hygiea,ORBITAL_RECON,2,2032-12-15T00:00:00Z,2033-12-15T00:00:00Z,365,10.699176,7.777634,114.472362,883.92,REFINED_GROUPED_LAMBERT_GRID
2032,HYGIEA,10 Hygiea,RENDEZVOUS,2,2032-12-15T00:00:00Z,2033-12-15T00:00:00Z,365,10.699176,7.777634,114.472362,883.92,REFINED_GROUPED_LAMBERT_GRID
2032,HYGIEA,10 Hygiea,LANDING_PROSPECTING,5,2032-12-15T00:00:00Z,2033-12-15T00:00:00Z,365,10.699176,7.777634,114.472362,1611.806,REFINED_GROUPED_LAMBERT_GRID
2032,HYGIEA,10 Hygiea,CARGO_DELIVERY,20,2032-12-15T00:00:00Z,2033-12-15T00:00:00Z,365,10.699176,7.777634,114.472362,3664.377,REFINED_GROUPED_LAMBERT_GRID
2032,HYGIEA,10 Hygiea,CREWED_TRANSPORT,100,2032-12-15T00:00:00Z,2033-12-15T00:00:00Z,365,10.699176,7.777634,114.472362,17447.151,REFINED_GROUPED_LAMBERT_GRID
2033,HYGIEA,10 Hygiea,FLYBY,1,2033-01-15T00:00:00Z,2034-01-15T00:00:00Z,365,7.210402,6.637734,51.989891,511.173,REFINED_GROUPED_LAMBERT_GRID
2033,HYGIEA,10 Hygiea,ORBITAL_RECON,2,2033-01-15T00:00:00Z,2034-01-15T00:00:00Z,365,7.210402,6.637734,51.989891,796.024,REFINED_GROUPED_LAMBERT_GRID
2033,HYGIEA,10 Hygiea,RENDEZVOUS,2,2033-01-15T00:00:00Z,2034-01-15T00:00:00Z,365,7.210402,6.637734,51.989891,796.024,REFINED_GROUPED_LAMBERT_GRID
2033,HYGIEA,10 Hygiea,LANDING_PROSPECTING,5,2033-01-15T00:00:00Z,2034-01-15T00:00:00Z,365,7.210402,6.637734,51.989891,1448.3,REFINED_GROUPED_LAMBERT_GRID
2033,HYGIEA,10 Hygiea,CARGO_DELIVERY,20,2033-02-15T00:00:00Z,2034-02-15T00:00:00Z,365,10.80279,6.520182,116.700267,2979.276,REFINED_GROUPED_LAMBERT_GRID
2033,HYGIEA,10 Hygiea,CREWED_TRANSPORT,100,2033-02-15T00:00:00Z,2034-02-15T00:00:00Z,365,10.80279,6.520182,116.700267,14016.299,REFINED_GROUPED_LAMBERT_GRID
2034,HYGIEA,10 Hygiea,FLYBY,1,2034-04-15T00:00:00Z,2035-04-15T00:00:00Z,365,8.565424,7.318988,73.366485,523.999,REFINED_GROUPED_LAMBERT_GRID
2034,HYGIEA,10 Hygiea,ORBITAL_RECON,2,2034-04-15T00:00:00Z,2036-04-14T00:00:00Z,730,9.507157,5.721525,90.386041,816.831,REFINED_GROUPED_LAMBERT_GRID
2034,HYGIEA,10 Hygiea,RENDEZVOUS,2,2034-04-15T00:00:00Z,2036-04-14T00:00:00Z,730,9.507157,5.721525,90.386041,816.831,REFINED_GROUPED_LAMBERT_GRID
2034,HYGIEA,10 Hygiea,LANDING_PROSPECTING,5,2034-04-15T00:00:00Z,2036-04-14T00:00:00Z,730,9.507157,5.721525,90.386041,1420.793,REFINED_GROUPED_LAMBERT_GRID
2034,HYGIEA,10 Hygiea,CARGO_DELIVERY,20,2034-04-15T00:00:00Z,2036-04-14T00:00:00Z,730,9.507157,5.721525,90.386041,2647.2,REFINED_GROUPED_LAMBERT_GRID
2034,HYGIEA,10 Hygiea,CREWED_TRANSPORT,100,2034-04-15T00:00:00Z,2036-04-14T00:00:00Z,730,9.507157,5.721525,90.386041,12419.075,REFINED_GROUPED_LAMBERT_GRID
2035,HYGIEA,10 Hygiea,FLYBY,1,2035-06-15T00:00:00Z,2036-06-14T00:00:00Z,365,9.594915,9.992582,92.062393,535.217,REFINED_GROUPED_LAMBERT_GRID
2035,HYGIEA,10 Hygiea,ORBITAL_RECON,2,2035-06-15T00:00:00Z,2037-06-14T00:00:00Z,730,7.903273,4.895729,62.461724,776.162,REFINED_GROUPED_LAMBERT_GRID
2035,HYGIEA,10 Hygiea,RENDEZVOUS,2,2035-06-15T00:00:00Z,2037-06-14T00:00:00Z,730,7.903273,4.895729,62.461724,776.162,REFINED_GROUPED_LAMBERT_GRID
2035,HYGIEA,10 Hygiea,LANDING_PROSPECTING,5,2035-06-15T00:00:00Z,2037-06-14T00:00:00Z,730,7.903273,4.895729,62.461724,1344.251,REFINED_GROUPED_LAMBERT_GRID
2035,HYGIEA,10 Hygiea,CARGO_DELIVERY,20,2035-06-15T00:00:00Z,2037-06-14T00:00:00Z,730,7.903273,4.895729,62.461724,2331.512,REFINED_GROUPED_LAMBERT_GRID
2035,HYGIEA,10 Hygiea,CREWED_TRANSPORT,100,2035-06-15T00:00:00Z,2037-06-14T00:00:00Z,730,7.903273,4.895729,62.461724,10907.654,REFINED_GROUPED_LAMBERT_GRID
2026,HYPERION,Hyperion,FLYBY,1,2026-06-15T00:00:00Z,2028-06-14T00:00:00Z,730,14.210476,18.661071,201.937625,1031.122,REFINED_GROUPED_LAMBERT_GRID
2026,HYPERION,Hyperion,ORBITAL_RECON,2,2026-06-15T00:00:00Z,2030-06-14T00:00:00Z,1460,11.294616,7.169161,127.568357,1334.367,REFINED_GROUPED_LAMBERT_GRID
2026,HYPERION,Hyperion,RENDEZVOUS,2,2026-06-15T00:00:00Z,2030-06-14T00:00:00Z,1460,11.294616,7.169161,127.568357,1334.367,REFINED_GROUPED_LAMBERT_GRID
2026,HYPERION,Hyperion,LANDING_PROSPECTING,5,2026-06-15T00:00:00Z,2030-06-14T00:00:00Z,1460,11.294616,7.169161,127.568357,1991.23,REFINED_GROUPED_LAMBERT_GRID
2026,HYPERION,Hyperion,CARGO_DELIVERY,20,2026-06-15T00:00:00Z,2030-06-14T00:00:00Z,1460,11.294616,7.169161,127.568357,3570.315,REFINED_GROUPED_LAMBERT_GRID
2026,HYPERION,Hyperion,CREWED_TRANSPORT,100,2026-06-15T00:00:00Z,2030-06-14T00:00:00Z,1460,11.294616,7.169161,127.568357,16145.412,REFINED_GROUPED_LAMBERT_GRID
2027,HYPERION,Hyperion,FLYBY,1,2027-06-15T00:00:00Z,2029-06-14T00:00:00Z,730,14.765455,18.652111,218.018662,1040.77,REFINED_GROUPED_LAMBERT_GRID
2027,HYPERION,Hyperion,ORBITAL_RECON,2,2027-06-15T00:00:00Z,2031-06-14T00:00:00Z,1460,11.722274,7.158517,137.411707,1340.187,REFINED_GROUPED_LAMBERT_GRID
2027,HYPERION,Hyperion,RENDEZVOUS,2,2027-06-15T00:00:00Z,2031-06-14T00:00:00Z,1460,11.722274,7.158517,137.411707,1340.187,REFINED_GROUPED_LAMBERT_GRID
2027,HYPERION,Hyperion,LANDING_PROSPECTING,5,2027-06-15T00:00:00Z,2031-06-14T00:00:00Z,1460,11.722274,7.158517,137.411707,1996.92,REFINED_GROUPED_LAMBERT_GRID
2027,HYPERION,Hyperion,CARGO_DELIVERY,20,2027-06-15T00:00:00Z,2031-06-14T00:00:00Z,1460,11.722274,7.158517,137.411707,3575.142,REFINED_GROUPED_LAMBERT_GRID
2027,HYPERION,Hyperion,CREWED_TRANSPORT,100,2027-07-15T00:00:00Z,2031-07-14T00:00:00Z,1460,12.821415,7.027342,164.388681,16096.444,REFINED_GROUPED_LAMBERT_GRID
2028,HYPERION,Hyperion,FLYBY,1,2028-07-15T00:00:00Z,2030-07-15T00:00:00Z,730,14.026102,18.002957,196.731529,1027.998,REFINED_GROUPED_LAMBERT_GRID
2028,HYPERION,Hyperion,ORBITAL_RECON,2,2028-07-15T00:00:00Z,2032-07-14T00:00:00Z,1460,11.189939,6.97094,125.214738,1331.374,REFINED_GROUPED_LAMBERT_GRID
2028,HYPERION,Hyperion,RENDEZVOUS,2,2028-07-15T00:00:00Z,2032-07-14T00:00:00Z,1460,11.189939,6.97094,125.214738,1331.374,REFINED_GROUPED_LAMBERT_GRID
2028,HYPERION,Hyperion,LANDING_PROSPECTING,5,2028-07-15T00:00:00Z,2032-07-14T00:00:00Z,1460,11.189939,6.97094,125.214738,1985.865,REFINED_GROUPED_LAMBERT_GRID
2028,HYPERION,Hyperion,CARGO_DELIVERY,20,2028-07-15T00:00:00Z,2032-07-14T00:00:00Z,1460,11.189939,6.97094,125.214738,3549.139,REFINED_GROUPED_LAMBERT_GRID
2028,HYPERION,Hyperion,CREWED_TRANSPORT,100,2028-07-15T00:00:00Z,2032-07-14T00:00:00Z,1460,11.189939,6.97094,125.214738,16045.182,REFINED_GROUPED_LAMBERT_GRID
2029,HYPERION,Hyperion,FLYBY,1,2029-07-15T00:00:00Z,2031-07-15T00:00:00Z,730,14.264756,18.082014,203.483261,1032.049,REFINED_GROUPED_LAMBERT_GRID
2029,HYPERION,Hyperion,ORBITAL_RECON,2,2029-07-15T00:00:00Z,2033-07-14T00:00:00Z,1460,10.638613,6.952675,113.180085,1324.01,REFINED_GROUPED_LAMBERT_GRID
2029,HYPERION,Hyperion,RENDEZVOUS,2,2029-07-15T00:00:00Z,2033-07-14T00:00:00Z,1460,10.638613,6.952675,113.180085,1324.01,REFINED_GROUPED_LAMBERT_GRID
2029,HYPERION,Hyperion,LANDING_PROSPECTING,5,2029-07-15T00:00:00Z,2033-07-14T00:00:00Z,1460,10.638613,6.952675,113.180085,1978.287,REFINED_GROUPED_LAMBERT_GRID
2029,HYPERION,Hyperion,CARGO_DELIVERY,20,2029-07-15T00:00:00Z,2033-07-14T00:00:00Z,1460,10.638613,6.952675,113.180085,3540.133,REFINED_GROUPED_LAMBERT_GRID
2029,HYPERION,Hyperion,CREWED_TRANSPORT,100,2029-07-15T00:00:00Z,2033-07-14T00:00:00Z,1460,10.638613,6.952675,113.180085,16029.033,REFINED_GROUPED_LAMBERT_GRID
2030,HYPERION,Hyperion,FLYBY,1,2030-08-15T00:00:00Z,2032-08-14T00:00:00Z,730,13.947618,17.548328,194.536054,1026.681,REFINED_GROUPED_LAMBERT_GRID
2030,HYPERION,Hyperion,ORBITAL_RECON,2,2030-08-15T00:00:00Z,2034-08-14T00:00:00Z,1460,11.241886,6.85885,126.379996,1331.204,REFINED_GROUPED_LAMBERT_GRID
2030,HYPERION,Hyperion,RENDEZVOUS,2,2030-08-15T00:00:00Z,2034-08-14T00:00:00Z,1460,11.241886,6.85885,126.379996,1331.204,REFINED_GROUPED_LAMBERT_GRID
2030,HYPERION,Hyperion,LANDING_PROSPECTING,5,2030-08-15T00:00:00Z,2034-08-14T00:00:00Z,1460,11.241886,6.85885,126.379996,1984.391,REFINED_GROUPED_LAMBERT_GRID
2030,HYPERION,Hyperion,CARGO_DELIVERY,20,2030-08-15T00:00:00Z,2034-08-14T00:00:00Z,1460,11.241886,6.85885,126.379996,3538.974,REFINED_GROUPED_LAMBERT_GRID
2030,HYPERION,Hyperion,CREWED_TRANSPORT,100,2030-08-15T00:00:00Z,2034-08-14T00:00:00Z,1460,11.241886,6.85885,126.379996,15991.557,REFINED_GROUPED_LAMBERT_GRID
2031,HYPERION,Hyperion,FLYBY,1,2031-08-15T00:00:00Z,2033-08-14T00:00:00Z,730,14.011726,17.764301,196.328453,1027.756,REFINED_GROUPED_LAMBERT_GRID
2031,HYPERION,Hyperion,ORBITAL_RECON,2,2031-08-15T00:00:00Z,2035-08-14T00:00:00Z,1460,10.672954,6.898477,113.911949,1324.029,REFINED_GROUPED_LAMBERT_GRID
2031,HYPERION,Hyperion,RENDEZVOUS,2,2031-08-15T00:00:00Z,2035-08-14T00:00:00Z,1460,10.672954,6.898477,113.911949,1324.029,REFINED_GROUPED_LAMBERT_GRID
2031,HYPERION,Hyperion,LANDING_PROSPECTING,5,2031-08-15T00:00:00Z,2035-08-14T00:00:00Z,1460,10.672954,6.898477,113.911949,1977.674,REFINED_GROUPED_LAMBERT_GRID
2031,HYPERION,Hyperion,CARGO_DELIVERY,20,2031-08-15T00:00:00Z,2035-08-14T00:00:00Z,1460,10.672954,6.898477,113.911949,3535.309,REFINED_GROUPED_LAMBERT_GRID
2031,HYPERION,Hyperion,CREWED_TRANSPORT,100,2031-08-15T00:00:00Z,2035-08-14T00:00:00Z,1460,10.672954,6.898477,113.911949,16003.154,REFINED_GROUPED_LAMBERT_GRID
2032,HYPERION,Hyperion,FLYBY,1,2032-09-15T00:00:00Z,2034-09-15T00:00:00Z,730,14.079926,17.359122,198.244305,1028.906,REFINED_GROUPED_LAMBERT_GRID
2032,HYPERION,Hyperion,ORBITAL_RECON,2,2032-09-15T00:00:00Z,2036-09-14T00:00:00Z,1460,11.634799,6.834169,135.368537,1336.408,REFINED_GROUPED_LAMBERT_GRID
2032,HYPERION,Hyperion,RENDEZVOUS,2,2032-09-15T00:00:00Z,2036-09-14T00:00:00Z,1460,11.634799,6.834169,135.368537,1336.408,REFINED_GROUPED_LAMBERT_GRID
2032,HYPERION,Hyperion,LANDING_PROSPECTING,5,2032-09-15T00:00:00Z,2036-09-14T00:00:00Z,1460,11.634799,6.834169,135.368537,1989.312,REFINED_GROUPED_LAMBERT_GRID
2032,HYPERION,Hyperion,CARGO_DELIVERY,20,2032-09-15T00:00:00Z,2036-09-14T00:00:00Z,1460,11.634799,6.834169,135.368537,3542.005,REFINED_GROUPED_LAMBERT_GRID
2032,HYPERION,Hyperion,CREWED_TRANSPORT,100,2032-09-15T00:00:00Z,2036-09-14T00:00:00Z,1460,11.634799,6.834169,135.368537,15985.138,REFINED_GROUPED_LAMBERT_GRID
2033,HYPERION,Hyperion,FLYBY,1,2033-09-15T00:00:00Z,2035-09-15T00:00:00Z,730,13.958473,17.735541,194.838981,1026.862,REFINED_GROUPED_LAMBERT_GRID
2033,HYPERION,Hyperion,ORBITAL_RECON,2,2033-09-15T00:00:00Z,2037-09-14T00:00:00Z,1460,11.228749,6.934397,126.084814,1331.611,REFINED_GROUPED_LAMBERT_GRID
2033,HYPERION,Hyperion,RENDEZVOUS,2,2033-09-15T00:00:00Z,2037-09-14T00:00:00Z,1460,11.228749,6.934397,126.084814,1331.611,REFINED_GROUPED_LAMBERT_GRID
2033,HYPERION,Hyperion,LANDING_PROSPECTING,5,2033-09-15T00:00:00Z,2037-09-14T00:00:00Z,1460,11.228749,6.934397,126.084814,1985.674,REFINED_GROUPED_LAMBERT_GRID
2033,HYPERION,Hyperion,CARGO_DELIVERY,20,2033-09-15T00:00:00Z,2037-09-14T00:00:00Z,1460,11.228749,6.934397,126.084814,3546.095,REFINED_GROUPED_LAMBERT_GRID
2033,HYPERION,Hyperion,CREWED_TRANSPORT,100,2033-10-15T00:00:00Z,2037-10-14T00:00:00Z,1460,13.949778,6.833892,194.596316,16020.543,REFINED_GROUPED_LAMBERT_GRID
2034,HYPERION,Hyperion,FLYBY,1,2034-10-15T00:00:00Z,2036-10-14T00:00:00Z,730,14.273632,17.519575,203.736557,1032.201,REFINED_GROUPED_LAMBERT_GRID
2034,HYPERION,Hyperion,ORBITAL_RECON,2,2034-10-15T00:00:00Z,2038-10-14T00:00:00Z,1460,11.966928,6.895516,143.207356,1341.583,REFINED_GROUPED_LAMBERT_GRID
2034,HYPERION,Hyperion,RENDEZVOUS,2,2034-10-15T00:00:00Z,2038-10-14T00:00:00Z,1460,11.966928,6.895516,143.207356,1341.583,REFINED_GROUPED_LAMBERT_GRID
2034,HYPERION,Hyperion,LANDING_PROSPECTING,5,2034-10-15T00:00:00Z,2038-10-14T00:00:00Z,1460,11.966928,6.895516,143.207356,1995.194,REFINED_GROUPED_LAMBERT_GRID
2034,HYPERION,Hyperion,CARGO_DELIVERY,20,2034-10-15T00:00:00Z,2038-10-14T00:00:00Z,1460,11.966928,6.895516,143.207356,3552.6,REFINED_GROUPED_LAMBERT_GRID
2034,HYPERION,Hyperion,CREWED_TRANSPORT,100,2034-10-15T00:00:00Z,2038-10-14T00:00:00Z,1460,11.966928,6.895516,143.207356,16019.301,REFINED_GROUPED_LAMBERT_GRID
2035,HYPERION,Hyperion,FLYBY,1,2035-10-15T00:00:00Z,2037-10-14T00:00:00Z,730,14.161977,18.032618,200.561603,1030.296,REFINED_GROUPED_LAMBERT_GRID
2035,HYPERION,Hyperion,ORBITAL_RECON,2,2035-10-15T00:00:00Z,2039-10-14T00:00:00Z,1460,11.557067,7.038877,133.565804,1336.92,REFINED_GROUPED_LAMBERT_GRID
2035,HYPERION,Hyperion,RENDEZVOUS,2,2035-10-15T00:00:00Z,2039-10-14T00:00:00Z,1460,11.557067,7.038877,133.565804,1336.92,REFINED_GROUPED_LAMBERT_GRID
2035,HYPERION,Hyperion,LANDING_PROSPECTING,5,2035-10-15T00:00:00Z,2039-10-14T00:00:00Z,1460,11.557067,7.038877,133.565804,1992.215,REFINED_GROUPED_LAMBERT_GRID
2035,HYPERION,Hyperion,CARGO_DELIVERY,20,2035-10-15T00:00:00Z,2039-10-14T00:00:00Z,1460,11.557067,7.038877,133.565804,3560.844,REFINED_GROUPED_LAMBERT_GRID
2035,HYPERION,Hyperion,CREWED_TRANSPORT,100,2035-11-15T00:00:00Z,2039-11-14T00:00:00Z,1460,14.677087,6.929889,215.416896,16079.279,REFINED_GROUPED_LAMBERT_GRID
2026,IAPETUS,Iapetus,FLYBY,1,2026-06-15T00:00:00Z,2028-06-14T00:00:00Z,730,14.210476,18.661071,201.937625,1031.122,REFINED_GROUPED_LAMBERT_GRID
2026,IAPETUS,Iapetus,ORBITAL_RECON,2,2026-06-15T00:00:00Z,2030-06-14T00:00:00Z,1460,11.294616,7.169161,127.568357,1334.367,REFINED_GROUPED_LAMBERT_GRID
2026,IAPETUS,Iapetus,RENDEZVOUS,2,2026-06-15T00:00:00Z,2030-06-14T00:00:00Z,1460,11.294616,7.169161,127.568357,1334.367,REFINED_GROUPED_LAMBERT_GRID
2026,IAPETUS,Iapetus,LANDING_PROSPECTING,5,2026-06-15T00:00:00Z,2030-06-14T00:00:00Z,1460,11.294616,7.169161,127.568357,1991.23,REFINED_GROUPED_LAMBERT_GRID
2026,IAPETUS,Iapetus,CARGO_DELIVERY,20,2026-06-15T00:00:00Z,2030-06-14T00:00:00Z,1460,11.294616,7.169161,127.568357,3570.315,REFINED_GROUPED_LAMBERT_GRID
2026,IAPETUS,Iapetus,CREWED_TRANSPORT,100,2026-06-15T00:00:00Z,2030-06-14T00:00:00Z,1460,11.294616,7.169161,127.568357,16145.412,REFINED_GROUPED_LAMBERT_GRID
2027,IAPETUS,Iapetus,FLYBY,1,2027-06-15T00:00:00Z,2029-06-14T00:00:00Z,730,14.765455,18.652111,218.018662,1040.77,REFINED_GROUPED_LAMBERT_GRID
2027,IAPETUS,Iapetus,ORBITAL_RECON,2,2027-06-15T00:00:00Z,2031-06-14T00:00:00Z,1460,11.722274,7.158517,137.411707,1340.187,REFINED_GROUPED_LAMBERT_GRID
2027,IAPETUS,Iapetus,RENDEZVOUS,2,2027-06-15T00:00:00Z,2031-06-14T00:00:00Z,1460,11.722274,7.158517,137.411707,1340.187,REFINED_GROUPED_LAMBERT_GRID
2027,IAPETUS,Iapetus,LANDING_PROSPECTING,5,2027-06-15T00:00:00Z,2031-06-14T00:00:00Z,1460,11.722274,7.158517,137.411707,1996.92,REFINED_GROUPED_LAMBERT_GRID
2027,IAPETUS,Iapetus,CARGO_DELIVERY,20,2027-06-15T00:00:00Z,2031-06-14T00:00:00Z,1460,11.722274,7.158517,137.411707,3575.142,REFINED_GROUPED_LAMBERT_GRID
2027,IAPETUS,Iapetus,CREWED_TRANSPORT,100,2027-07-15T00:00:00Z,2031-07-14T00:00:00Z,1460,12.821415,7.027342,164.388681,16096.444,REFINED_GROUPED_LAMBERT_GRID
2028,IAPETUS,Iapetus,FLYBY,1,2028-07-15T00:00:00Z,2030-07-15T00:00:00Z,730,14.026102,18.002957,196.731529,1027.998,REFINED_GROUPED_LAMBERT_GRID
2028,IAPETUS,Iapetus,ORBITAL_RECON,2,2028-07-15T00:00:00Z,2032-07-14T00:00:00Z,1460,11.189939,6.97094,125.214738,1331.374,REFINED_GROUPED_LAMBERT_GRID
2028,IAPETUS,Iapetus,RENDEZVOUS,2,2028-07-15T00:00:00Z,2032-07-14T00:00:00Z,1460,11.189939,6.97094,125.214738,1331.374,REFINED_GROUPED_LAMBERT_GRID
2028,IAPETUS,Iapetus,LANDING_PROSPECTING,5,2028-07-15T00:00:00Z,2032-07-14T00:00:00Z,1460,11.189939,6.97094,125.214738,1985.865,REFINED_GROUPED_LAMBERT_GRID
2028,IAPETUS,Iapetus,CARGO_DELIVERY,20,2028-07-15T00:00:00Z,2032-07-14T00:00:00Z,1460,11.189939,6.97094,125.214738,3549.139,REFINED_GROUPED_LAMBERT_GRID
2028,IAPETUS,Iapetus,CREWED_TRANSPORT,100,2028-07-15T00:00:00Z,2032-07-14T00:00:00Z,1460,11.189939,6.97094,125.214738,16045.182,REFINED_GROUPED_LAMBERT_GRID
2029,IAPETUS,Iapetus,FLYBY,1,2029-07-15T00:00:00Z,2031-07-15T00:00:00Z,730,14.264756,18.082014,203.483261,1032.049,REFINED_GROUPED_LAMBERT_GRID
2029,IAPETUS,Iapetus,ORBITAL_RECON,2,2029-07-15T00:00:00Z,2033-07-14T00:00:00Z,1460,10.638613,6.952675,113.180085,1324.01,REFINED_GROUPED_LAMBERT_GRID
2029,IAPETUS,Iapetus,RENDEZVOUS,2,2029-07-15T00:00:00Z,2033-07-14T00:00:00Z,1460,10.638613,6.952675,113.180085,1324.01,REFINED_GROUPED_LAMBERT_GRID
2029,IAPETUS,Iapetus,LANDING_PROSPECTING,5,2029-07-15T00:00:00Z,2033-07-14T00:00:00Z,1460,10.638613,6.952675,113.180085,1978.287,REFINED_GROUPED_LAMBERT_GRID
2029,IAPETUS,Iapetus,CARGO_DELIVERY,20,2029-07-15T00:00:00Z,2033-07-14T00:00:00Z,1460,10.638613,6.952675,113.180085,3540.133,REFINED_GROUPED_LAMBERT_GRID
2029,IAPETUS,Iapetus,CREWED_TRANSPORT,100,2029-07-15T00:00:00Z,2033-07-14T00:00:00Z,1460,10.638613,6.952675,113.180085,16029.033,REFINED_GROUPED_LAMBERT_GRID
2030,IAPETUS,Iapetus,FLYBY,1,2030-08-15T00:00:00Z,2032-08-14T00:00:00Z,730,13.947618,17.548328,194.536054,1026.681,REFINED_GROUPED_LAMBERT_GRID
2030,IAPETUS,Iapetus,ORBITAL_RECON,2,2030-08-15T00:00:00Z,2034-08-14T00:00:00Z,1460,11.241886,6.85885,126.379996,1331.204,REFINED_GROUPED_LAMBERT_GRID
2030,IAPETUS,Iapetus,RENDEZVOUS,2,2030-08-15T00:00:00Z,2034-08-14T00:00:00Z,1460,11.241886,6.85885,126.379996,1331.204,REFINED_GROUPED_LAMBERT_GRID
2030,IAPETUS,Iapetus,LANDING_PROSPECTING,5,2030-08-15T00:00:00Z,2034-08-14T00:00:00Z,1460,11.241886,6.85885,126.379996,1984.391,REFINED_GROUPED_LAMBERT_GRID
2030,IAPETUS,Iapetus,CARGO_DELIVERY,20,2030-08-15T00:00:00Z,2034-08-14T00:00:00Z,1460,11.241886,6.85885,126.379996,3538.974,REFINED_GROUPED_LAMBERT_GRID
2030,IAPETUS,Iapetus,CREWED_TRANSPORT,100,2030-08-15T00:00:00Z,2034-08-14T00:00:00Z,1460,11.241886,6.85885,126.379996,15991.557,REFINED_GROUPED_LAMBERT_GRID
2031,IAPETUS,Iapetus,FLYBY,1,2031-08-15T00:00:00Z,2033-08-14T00:00:00Z,730,14.011726,17.764301,196.328453,1027.756,REFINED_GROUPED_LAMBERT_GRID
2031,IAPETUS,Iapetus,ORBITAL_RECON,2,2031-08-15T00:00:00Z,2035-08-14T00:00:00Z,1460,10.672954,6.898477,113.911949,1324.029,REFINED_GROUPED_LAMBERT_GRID
2031,IAPETUS,Iapetus,RENDEZVOUS,2,2031-08-15T00:00:00Z,2035-08-14T00:00:00Z,1460,10.672954,6.898477,113.911949,1324.029,REFINED_GROUPED_LAMBERT_GRID
2031,IAPETUS,Iapetus,LANDING_PROSPECTING,5,2031-08-15T00:00:00Z,2035-08-14T00:00:00Z,1460,10.672954,6.898477,113.911949,1977.674,REFINED_GROUPED_LAMBERT_GRID
2031,IAPETUS,Iapetus,CARGO_DELIVERY,20,2031-08-15T00:00:00Z,2035-08-14T00:00:00Z,1460,10.672954,6.898477,113.911949,3535.309,REFINED_GROUPED_LAMBERT_GRID
2031,IAPETUS,Iapetus,CREWED_TRANSPORT,100,2031-08-15T00:00:00Z,2035-08-14T00:00:00Z,1460,10.672954,6.898477,113.911949,16003.154,REFINED_GROUPED_LAMBERT_GRID
2032,IAPETUS,Iapetus,FLYBY,1,2032-09-15T00:00:00Z,2034-09-15T00:00:00Z,730,14.079926,17.359122,198.244305,1028.906,REFINED_GROUPED_LAMBERT_GRID
2032,IAPETUS,Iapetus,ORBITAL_RECON,2,2032-09-15T00:00:00Z,2036-09-14T00:00:00Z,1460,11.634799,6.834169,135.368537,1336.408,REFINED_GROUPED_LAMBERT_GRID
2032,IAPETUS,Iapetus,RENDEZVOUS,2,2032-09-15T00:00:00Z,2036-09-14T00:00:00Z,1460,11.634799,6.834169,135.368537,1336.408,REFINED_GROUPED_LAMBERT_GRID
2032,IAPETUS,Iapetus,LANDING_PROSPECTING,5,2032-09-15T00:00:00Z,2036-09-14T00:00:00Z,1460,11.634799,6.834169,135.368537,1989.312,REFINED_GROUPED_LAMBERT_GRID
2032,IAPETUS,Iapetus,CARGO_DELIVERY,20,2032-09-15T00:00:00Z,2036-09-14T00:00:00Z,1460,11.634799,6.834169,135.368537,3542.005,REFINED_GROUPED_LAMBERT_GRID
2032,IAPETUS,Iapetus,CREWED_TRANSPORT,100,2032-09-15T00:00:00Z,2036-09-14T00:00:00Z,1460,11.634799,6.834169,135.368537,15985.138,REFINED_GROUPED_LAMBERT_GRID
2033,IAPETUS,Iapetus,FLYBY,1,2033-09-15T00:00:00Z,2035-09-15T00:00:00Z,730,13.958473,17.735541,194.838981,1026.862,REFINED_GROUPED_LAMBERT_GRID
2033,IAPETUS,Iapetus,ORBITAL_RECON,2,2033-09-15T00:00:00Z,2037-09-14T00:00:00Z,1460,11.228749,6.934397,126.084814,1331.611,REFINED_GROUPED_LAMBERT_GRID
2033,IAPETUS,Iapetus,RENDEZVOUS,2,2033-09-15T00:00:00Z,2037-09-14T00:00:00Z,1460,11.228749,6.934397,126.084814,1331.611,REFINED_GROUPED_LAMBERT_GRID
2033,IAPETUS,Iapetus,LANDING_PROSPECTING,5,2033-09-15T00:00:00Z,2037-09-14T00:00:00Z,1460,11.228749,6.934397,126.084814,1985.674,REFINED_GROUPED_LAMBERT_GRID
2033,IAPETUS,Iapetus,CARGO_DELIVERY,20,2033-09-15T00:00:00Z,2037-09-14T00:00:00Z,1460,11.228749,6.934397,126.084814,3546.095,REFINED_GROUPED_LAMBERT_GRID
2033,IAPETUS,Iapetus,CREWED_TRANSPORT,100,2033-10-15T00:00:00Z,2037-10-14T00:00:00Z,1460,13.949778,6.833892,194.596316,16020.543,REFINED_GROUPED_LAMBERT_GRID
2034,IAPETUS,Iapetus,FLYBY,1,2034-10-15T00:00:00Z,2036-10-14T00:00:00Z,730,14.273632,17.519575,203.736557,1032.201,REFINED_GROUPED_LAMBERT_GRID
2034,IAPETUS,Iapetus,ORBITAL_RECON,2,2034-10-15T00:00:00Z,2038-10-14T00:00:00Z,1460,11.966928,6.895516,143.207356,1341.583,REFINED_GROUPED_LAMBERT_GRID
2034,IAPETUS,Iapetus,RENDEZVOUS,2,2034-10-15T00:00:00Z,2038-10-14T00:00:00Z,1460,11.966928,6.895516,143.207356,1341.583,REFINED_GROUPED_LAMBERT_GRID
2034,IAPETUS,Iapetus,LANDING_PROSPECTING,5,2034-10-15T00:00:00Z,2038-10-14T00:00:00Z,1460,11.966928,6.895516,143.207356,1995.194,REFINED_GROUPED_LAMBERT_GRID
2034,IAPETUS,Iapetus,CARGO_DELIVERY,20,2034-10-15T00:00:00Z,2038-10-14T00:00:00Z,1460,11.966928,6.895516,143.207356,3552.6,REFINED_GROUPED_LAMBERT_GRID
2034,IAPETUS,Iapetus,CREWED_TRANSPORT,100,2034-10-15T00:00:00Z,2038-10-14T00:00:00Z,1460,11.966928,6.895516,143.207356,16019.301,REFINED_GROUPED_LAMBERT_GRID
2035,IAPETUS,Iapetus,FLYBY,1,2035-10-15T00:00:00Z,2037-10-14T00:00:00Z,730,14.161977,18.032618,200.561603,1030.296,REFINED_GROUPED_LAMBERT_GRID
2035,IAPETUS,Iapetus,ORBITAL_RECON,2,2035-10-15T00:00:00Z,2039-10-14T00:00:00Z,1460,11.557067,7.038877,133.565804,1336.92,REFINED_GROUPED_LAMBERT_GRID
2035,IAPETUS,Iapetus,RENDEZVOUS,2,2035-10-15T00:00:00Z,2039-10-14T00:00:00Z,1460,11.557067,7.038877,133.565804,1336.92,REFINED_GROUPED_LAMBERT_GRID
2035,IAPETUS,Iapetus,LANDING_PROSPECTING,5,2035-10-15T00:00:00Z,2039-10-14T00:00:00Z,1460,11.557067,7.038877,133.565804,1992.215,REFINED_GROUPED_LAMBERT_GRID
2035,IAPETUS,Iapetus,CARGO_DELIVERY,20,2035-10-15T00:00:00Z,2039-10-14T00:00:00Z,1460,11.557067,7.038877,133.565804,3560.844,REFINED_GROUPED_LAMBERT_GRID
2035,IAPETUS,Iapetus,CREWED_TRANSPORT,100,2035-11-15T00:00:00Z,2039-11-14T00:00:00Z,1460,14.677087,6.929889,215.416896,16079.279,REFINED_GROUPED_LAMBERT_GRID
2026,IDA,243 Ida,FLYBY,1,2026-01-15T00:00:00Z,2028-01-15T00:00:00Z,730,16.929217,9.185637,286.598388,681.918,EXISTING_SCREEN_SINGLE_CANDIDATE
2026,IDA,243 Ida,ORBITAL_RECON,2,2026-01-15T00:00:00Z,2028-01-15T00:00:00Z,730,16.929217,9.185637,286.598388,1099.928,EXISTING_SCREEN_SINGLE_CANDIDATE
2026,IDA,243 Ida,RENDEZVOUS,2,2026-01-15T00:00:00Z,2028-01-15T00:00:00Z,730,16.929217,9.185637,286.598388,1099.928,EXISTING_SCREEN_SINGLE_CANDIDATE
2026,IDA,243 Ida,LANDING_PROSPECTING,5,2026-01-15T00:00:00Z,2028-01-15T00:00:00Z,730,16.929217,9.185637,286.598388,1951.943,EXISTING_SCREEN_SINGLE_CANDIDATE
2026,IDA,243 Ida,CARGO_DELIVERY,20,2026-01-15T00:00:00Z,2028-01-15T00:00:00Z,730,16.929217,9.185637,286.598388,4832.042,EXISTING_SCREEN_SINGLE_CANDIDATE
2026,IDA,243 Ida,CREWED_TRANSPORT,100,2026-01-15T00:00:00Z,2028-01-15T00:00:00Z,730,16.929217,9.185637,286.598388,22872.376,EXISTING_SCREEN_SINGLE_CANDIDATE
2027,IDA,243 Ida,FLYBY,1,2027-01-15T00:00:00Z,2029-01-14T00:00:00Z,730,6.853987,6.415058,46.977138,538.145,EXISTING_SCREEN_SINGLE_CANDIDATE
2027,IDA,243 Ida,ORBITAL_RECON,2,2027-01-15T00:00:00Z,2029-01-14T00:00:00Z,730,6.853987,6.415058,46.977138,814.554,EXISTING_SCREEN_SINGLE_CANDIDATE
2027,IDA,243 Ida,RENDEZVOUS,2,2027-01-15T00:00:00Z,2029-01-14T00:00:00Z,730,6.853987,6.415058,46.977138,814.554,EXISTING_SCREEN_SINGLE_CANDIDATE
2027,IDA,243 Ida,LANDING_PROSPECTING,5,2027-01-15T00:00:00Z,2029-01-14T00:00:00Z,730,6.853987,6.415058,46.977138,1454.167,EXISTING_SCREEN_SINGLE_CANDIDATE
2027,IDA,243 Ida,CARGO_DELIVERY,20,2027-01-15T00:00:00Z,2029-01-14T00:00:00Z,730,6.853987,6.415058,46.977138,2918.256,EXISTING_SCREEN_SINGLE_CANDIDATE
2027,IDA,243 Ida,CREWED_TRANSPORT,100,2027-01-15T00:00:00Z,2029-01-14T00:00:00Z,730,6.853987,6.415058,46.977138,13878.536,EXISTING_SCREEN_SINGLE_CANDIDATE
2028,IDA,243 Ida,FLYBY,1,2028-01-15T00:00:00Z,2029-01-14T00:00:00Z,365,12.096836,8.800421,146.333441,567.78,EXISTING_SCREEN_SINGLE_CANDIDATE
2028,IDA,243 Ida,ORBITAL_RECON,2,2028-01-15T00:00:00Z,2029-01-14T00:00:00Z,365,12.096836,8.800421,146.333441,960.52,EXISTING_SCREEN_SINGLE_CANDIDATE
2028,IDA,243 Ida,RENDEZVOUS,2,2028-01-15T00:00:00Z,2029-01-14T00:00:00Z,365,12.096836,8.800421,146.333441,960.52,EXISTING_SCREEN_SINGLE_CANDIDATE
2028,IDA,243 Ida,LANDING_PROSPECTING,5,2028-01-15T00:00:00Z,2029-01-14T00:00:00Z,365,12.096836,8.800421,146.333441,1774.63,EXISTING_SCREEN_SINGLE_CANDIDATE
2028,IDA,243 Ida,CARGO_DELIVERY,20,2028-01-15T00:00:00Z,2029-01-14T00:00:00Z,365,12.096836,8.800421,146.333441,4402.032,EXISTING_SCREEN_SINGLE_CANDIDATE
2028,IDA,243 Ida,CREWED_TRANSPORT,100,2028-01-15T00:00:00Z,2029-01-14T00:00:00Z,365,12.096836,8.800421,146.333441,21058.962,EXISTING_SCREEN_SINGLE_CANDIDATE
2029,IDA,243 Ida,FLYBY,1,2029-07-15T00:00:00Z,2030-07-15T00:00:00Z,365,8.331068,5.980644,69.406694,521.623,EXISTING_SCREEN_SINGLE_CANDIDATE
2029,IDA,243 Ida,ORBITAL_RECON,2,2029-07-15T00:00:00Z,2030-07-15T00:00:00Z,365,8.331068,5.980644,69.406694,782.719,EXISTING_SCREEN_SINGLE_CANDIDATE
2029,IDA,243 Ida,RENDEZVOUS,2,2029-07-15T00:00:00Z,2030-07-15T00:00:00Z,365,8.331068,5.980644,69.406694,782.719,EXISTING_SCREEN_SINGLE_CANDIDATE
2029,IDA,243 Ida,LANDING_PROSPECTING,5,2029-07-15T00:00:00Z,2030-07-15T00:00:00Z,365,8.331068,5.980644,69.406694,1399.362,EXISTING_SCREEN_SINGLE_CANDIDATE
2029,IDA,243 Ida,CARGO_DELIVERY,20,2029-07-15T00:00:00Z,2030-07-15T00:00:00Z,365,8.331068,5.980644,69.406694,2710.316,EXISTING_SCREEN_SINGLE_CANDIDATE
2029,IDA,243 Ida,CREWED_TRANSPORT,100,2029-07-15T00:00:00Z,2030-07-15T00:00:00Z,365,8.331068,5.980644,69.406694,12785.004,EXISTING_SCREEN_SINGLE_CANDIDATE
2030,IDA,243 Ida,FLYBY,1,2030-01-15T00:00:00Z,2034-01-14T00:00:00Z,1460,9.010767,11.457364,81.193922,618.634,EXISTING_SCREEN_SINGLE_CANDIDATE
2030,IDA,243 Ida,ORBITAL_RECON,2,2030-01-15T00:00:00Z,2034-01-14T00:00:00Z,1460,9.010767,11.457364,81.193922,1238.915,EXISTING_SCREEN_SINGLE_CANDIDATE
2030,IDA,243 Ida,RENDEZVOUS,2,2030-01-15T00:00:00Z,2034-01-14T00:00:00Z,1460,9.010767,11.457364,81.193922,1238.915,EXISTING_SCREEN_SINGLE_CANDIDATE
2030,IDA,243 Ida,LANDING_PROSPECTING,5,2030-01-15T00:00:00Z,2034-01-14T00:00:00Z,1460,9.010767,11.457364,81.193922,2394.335,EXISTING_SCREEN_SINGLE_CANDIDATE
2030,IDA,243 Ida,CARGO_DELIVERY,20,2030-01-15T00:00:00Z,2034-01-14T00:00:00Z,1460,9.010767,11.457364,81.193922,7297.139,EXISTING_SCREEN_SINGLE_CANDIDATE
2030,IDA,243 Ida,CREWED_TRANSPORT,100,2030-01-15T00:00:00Z,2034-01-14T00:00:00Z,1460,9.010767,11.457364,81.193922,35690.83,EXISTING_SCREEN_SINGLE_CANDIDATE
2031,IDA,243 Ida,FLYBY,1,2031-01-15T00:00:00Z,2033-01-14T00:00:00Z,730,14.617433,8.417123,213.669348,638.161,EXISTING_SCREEN_SINGLE_CANDIDATE
2031,IDA,243 Ida,ORBITAL_RECON,2,2031-01-15T00:00:00Z,2033-01-14T00:00:00Z,730,14.617433,8.417123,213.669348,1007.815,EXISTING_SCREEN_SINGLE_CANDIDATE
2031,IDA,243 Ida,RENDEZVOUS,2,2031-01-15T00:00:00Z,2033-01-14T00:00:00Z,730,14.617433,8.417123,213.669348,1007.815,EXISTING_SCREEN_SINGLE_CANDIDATE
2031,IDA,243 Ida,LANDING_PROSPECTING,5,2031-01-15T00:00:00Z,2033-01-14T00:00:00Z,730,14.617433,8.417123,213.669348,1787.296,EXISTING_SCREEN_SINGLE_CANDIDATE
2031,IDA,243 Ida,CARGO_DELIVERY,20,2031-01-15T00:00:00Z,2033-01-14T00:00:00Z,730,14.617433,8.417123,213.669348,4183.84,EXISTING_SCREEN_SINGLE_CANDIDATE
2031,IDA,243 Ida,CREWED_TRANSPORT,100,2031-01-15T00:00:00Z,2033-01-14T00:00:00Z,730,14.617433,8.417123,213.669348,19806.392,EXISTING_SCREEN_SINGLE_CANDIDATE
2032,IDA,243 Ida,FLYBY,1,2032-01-15T00:00:00Z,2034-01-14T00:00:00Z,730,7.088745,6.456046,50.250306,540.109,EXISTING_SCREEN_SINGLE_CANDIDATE
2032,IDA,243 Ida,ORBITAL_RECON,2,2032-01-15T00:00:00Z,2034-01-14T00:00:00Z,730,7.088745,6.456046,50.250306,818.041,EXISTING_SCREEN_SINGLE_CANDIDATE
2032,IDA,243 Ida,RENDEZVOUS,2,2032-01-15T00:00:00Z,2034-01-14T00:00:00Z,730,7.088745,6.456046,50.250306,818.041,EXISTING_SCREEN_SINGLE_CANDIDATE
2032,IDA,243 Ida,LANDING_PROSPECTING,5,2032-01-15T00:00:00Z,2034-01-14T00:00:00Z,730,7.088745,6.456046,50.250306,1459.938,EXISTING_SCREEN_SINGLE_CANDIDATE
2032,IDA,243 Ida,CARGO_DELIVERY,20,2032-01-15T00:00:00Z,2034-01-14T00:00:00Z,730,7.088745,6.456046,50.250306,2939.253,EXISTING_SCREEN_SINGLE_CANDIDATE
2032,IDA,243 Ida,CREWED_TRANSPORT,100,2032-01-15T00:00:00Z,2034-01-14T00:00:00Z,730,7.088745,6.456046,50.250306,13975.666,EXISTING_SCREEN_SINGLE_CANDIDATE
2033,IDA,243 Ida,FLYBY,1,2033-01-15T00:00:00Z,2034-01-15T00:00:00Z,365,13.63834,8.908444,186.004318,591.582,EXISTING_SCREEN_SINGLE_CANDIDATE
2033,IDA,243 Ida,ORBITAL_RECON,2,2033-01-15T00:00:00Z,2034-01-15T00:00:00Z,365,13.63834,8.908444,186.004318,991.192,EXISTING_SCREEN_SINGLE_CANDIDATE
2033,IDA,243 Ida,RENDEZVOUS,2,2033-01-15T00:00:00Z,2034-01-15T00:00:00Z,365,13.63834,8.908444,186.004318,991.192,EXISTING_SCREEN_SINGLE_CANDIDATE
2033,IDA,243 Ida,LANDING_PROSPECTING,5,2033-01-15T00:00:00Z,2034-01-15T00:00:00Z,365,13.63834,8.908444,186.004318,1815.606,EXISTING_SCREEN_SINGLE_CANDIDATE
2033,IDA,243 Ida,CARGO_DELIVERY,20,2033-01-15T00:00:00Z,2034-01-15T00:00:00Z,365,13.63834,8.908444,186.004318,4511.702,EXISTING_SCREEN_SINGLE_CANDIDATE
2033,IDA,243 Ida,CREWED_TRANSPORT,100,2033-01-15T00:00:00Z,2034-01-15T00:00:00Z,365,13.63834,8.908444,186.004318,21512.098,EXISTING_SCREEN_SINGLE_CANDIDATE
2034,IDA,243 Ida,FLYBY,1,2034-07-15T00:00:00Z,2035-07-15T00:00:00Z,365,6.959183,6.144771,48.430228,509.038,EXISTING_SCREEN_SINGLE_CANDIDATE
2034,IDA,243 Ida,ORBITAL_RECON,2,2034-07-15T00:00:00Z,2035-07-15T00:00:00Z,365,6.959183,6.144771,48.430228,775.746,EXISTING_SCREEN_SINGLE_CANDIDATE
2034,IDA,243 Ida,RENDEZVOUS,2,2034-07-15T00:00:00Z,2035-07-15T00:00:00Z,365,6.959183,6.144771,48.430228,775.746,EXISTING_SCREEN_SINGLE_CANDIDATE
2034,IDA,243 Ida,LANDING_PROSPECTING,5,2034-07-15T00:00:00Z,2035-07-15T00:00:00Z,365,6.959183,6.144771,48.430228,1400.808,EXISTING_SCREEN_SINGLE_CANDIDATE
2034,IDA,243 Ida,CARGO_DELIVERY,20,2034-07-15T00:00:00Z,2035-07-15T00:00:00Z,365,6.959183,6.144771,48.430228,2767.887,EXISTING_SCREEN_SINGLE_CANDIDATE
2034,IDA,243 Ida,CREWED_TRANSPORT,100,2034-07-15T00:00:00Z,2035-07-15T00:00:00Z,365,6.959183,6.144771,48.430228,13123.205,EXISTING_SCREEN_SINGLE_CANDIDATE
2035,IDA,243 Ida,FLYBY,1,2035-01-15T00:00:00Z,2039-01-14T00:00:00Z,1460,8.339057,11.458575,69.539872,611.642,EXISTING_SCREEN_SINGLE_CANDIDATE
2035,IDA,243 Ida,ORBITAL_RECON,2,2035-01-15T00:00:00Z,2039-01-14T00:00:00Z,1460,8.339057,11.458575,69.539872,1232.06,EXISTING_SCREEN_SINGLE_CANDIDATE
2035,IDA,243 Ida,RENDEZVOUS,2,2035-01-15T00:00:00Z,2039-01-14T00:00:00Z,1460,8.339057,11.458575,69.539872,1232.06,EXISTING_SCREEN_SINGLE_CANDIDATE
2035,IDA,243 Ida,LANDING_PROSPECTING,5,2035-01-15T00:00:00Z,2039-01-14T00:00:00Z,1460,8.339057,11.458575,69.539872,2387.686,EXISTING_SCREEN_SINGLE_CANDIDATE
2035,IDA,243 Ida,CARGO_DELIVERY,20,2035-01-15T00:00:00Z,2039-01-14T00:00:00Z,1460,8.339057,11.458575,69.539872,7291.863,EXISTING_SCREEN_SINGLE_CANDIDATE
2035,IDA,243 Ida,CREWED_TRANSPORT,100,2035-01-15T00:00:00Z,2039-01-14T00:00:00Z,1460,8.339057,11.458575,69.539872,35692.421,EXISTING_SCREEN_SINGLE_CANDIDATE
2026,INTERAMNIA,704 Interamnia,FLYBY,1,2026-01-15T00:00:00Z,2027-01-15T00:00:00Z,365,9.907993,10.272135,98.168325,538.88,EXISTING_SCREEN_SINGLE_CANDIDATE
2026,INTERAMNIA,704 Interamnia,ORBITAL_RECON,2,2026-01-15T00:00:00Z,2027-01-15T00:00:00Z,365,9.907993,10.272135,98.168325,1041.004,EXISTING_SCREEN_SINGLE_CANDIDATE
2026,INTERAMNIA,704 Interamnia,RENDEZVOUS,2,2026-01-15T00:00:00Z,2027-01-15T00:00:00Z,365,9.907993,10.272135,98.168325,1041.004,EXISTING_SCREEN_SINGLE_CANDIDATE
2026,INTERAMNIA,704 Interamnia,LANDING_PROSPECTING,5,2026-01-15T00:00:00Z,2027-01-15T00:00:00Z,365,9.907993,10.272135,98.168325,2019.189,EXISTING_SCREEN_SINGLE_CANDIDATE
2026,INTERAMNIA,704 Interamnia,CARGO_DELIVERY,20,2026-01-15T00:00:00Z,2027-01-15T00:00:00Z,365,9.907993,10.272135,98.168325,5740.421,EXISTING_SCREEN_SINGLE_CANDIDATE
2026,INTERAMNIA,704 Interamnia,CREWED_TRANSPORT,100,2026-01-15T00:00:00Z,2027-01-15T00:00:00Z,365,9.907993,10.272135,98.168325,27866.499,EXISTING_SCREEN_SINGLE_CANDIDATE
2027,INTERAMNIA,704 Interamnia,FLYBY,1,2027-07-15T00:00:00Z,2029-07-14T00:00:00Z,730,9.983287,10.726667,99.666019,569.759,EXISTING_SCREEN_SINGLE_CANDIDATE
2027,INTERAMNIA,704 Interamnia,ORBITAL_RECON,2,2027-07-15T00:00:00Z,2029-07-14T00:00:00Z,730,9.983287,10.726667,99.666019,1113.558,EXISTING_SCREEN_SINGLE_CANDIDATE
2027,INTERAMNIA,704 Interamnia,RENDEZVOUS,2,2027-07-15T00:00:00Z,2029-07-14T00:00:00Z,730,9.983287,10.726667,99.666019,1113.558,EXISTING_SCREEN_SINGLE_CANDIDATE
2027,INTERAMNIA,704 Interamnia,LANDING_PROSPECTING,5,2027-07-15T00:00:00Z,2029-07-14T00:00:00Z,730,9.983287,10.726667,99.666019,2154.258,EXISTING_SCREEN_SINGLE_CANDIDATE
2027,INTERAMNIA,704 Interamnia,CARGO_DELIVERY,20,2027-07-15T00:00:00Z,2029-07-14T00:00:00Z,730,9.983287,10.726667,99.666019,6292.257,EXISTING_SCREEN_SINGLE_CANDIDATE
2027,INTERAMNIA,704 Interamnia,CREWED_TRANSPORT,100,2027-07-15T00:00:00Z,2029-07-14T00:00:00Z,730,9.983287,10.726667,99.666019,30622.084,EXISTING_SCREEN_SINGLE_CANDIDATE
2028,INTERAMNIA,704 Interamnia,FLYBY,1,2028-07-15T00:00:00Z,2029-07-15T00:00:00Z,365,8.156695,7.796476,66.531673,519.898,EXISTING_SCREEN_SINGLE_CANDIDATE
2028,INTERAMNIA,704 Interamnia,ORBITAL_RECON,2,2028-07-15T00:00:00Z,2029-07-15T00:00:00Z,365,8.156695,7.796476,66.531673,856.101,EXISTING_SCREEN_SINGLE_CANDIDATE
2028,INTERAMNIA,704 Interamnia,RENDEZVOUS,2,2028-07-15T00:00:00Z,2029-07-15T00:00:00Z,365,8.156695,7.796476,66.531673,856.101,EXISTING_SCREEN_SINGLE_CANDIDATE
2028,INTERAMNIA,704 Interamnia,LANDING_PROSPECTING,5,2028-07-15T00:00:00Z,2029-07-15T00:00:00Z,365,8.156695,7.796476,66.531673,1585.404,EXISTING_SCREEN_SINGLE_CANDIDATE
2028,INTERAMNIA,704 Interamnia,CARGO_DELIVERY,20,2028-07-15T00:00:00Z,2029-07-15T00:00:00Z,365,8.156695,7.796476,66.531673,3647.427,EXISTING_SCREEN_SINGLE_CANDIDATE
2028,INTERAMNIA,704 Interamnia,CREWED_TRANSPORT,100,2028-07-15T00:00:00Z,2029-07-15T00:00:00Z,365,8.156695,7.796476,66.531673,17477.459,EXISTING_SCREEN_SINGLE_CANDIDATE
2029,INTERAMNIA,704 Interamnia,FLYBY,1,2029-07-15T00:00:00Z,2031-07-15T00:00:00Z,730,22.921027,6.791438,525.373479,825.183,EXISTING_SCREEN_SINGLE_CANDIDATE
2029,INTERAMNIA,704 Interamnia,ORBITAL_RECON,2,2029-07-15T00:00:00Z,2031-07-15T00:00:00Z,730,22.921027,6.791438,525.373479,1116.109,EXISTING_SCREEN_SINGLE_CANDIDATE
2029,INTERAMNIA,704 Interamnia,RENDEZVOUS,2,2029-07-15T00:00:00Z,2031-07-15T00:00:00Z,730,22.921027,6.791438,525.373479,1116.109,EXISTING_SCREEN_SINGLE_CANDIDATE
2029,INTERAMNIA,704 Interamnia,LANDING_PROSPECTING,5,2029-07-15T00:00:00Z,2031-07-15T00:00:00Z,730,22.921027,6.791438,525.373479,1777.498,EXISTING_SCREEN_SINGLE_CANDIDATE
2029,INTERAMNIA,704 Interamnia,CARGO_DELIVERY,20,2029-07-15T00:00:00Z,2031-07-15T00:00:00Z,730,22.921027,6.791438,525.373479,3386.758,EXISTING_SCREEN_SINGLE_CANDIDATE
2029,INTERAMNIA,704 Interamnia,CREWED_TRANSPORT,100,2029-07-15T00:00:00Z,2031-07-15T00:00:00Z,730,22.921027,6.791438,525.373479,15072.891,EXISTING_SCREEN_SINGLE_CANDIDATE
2030,INTERAMNIA,704 Interamnia,FLYBY,1,2030-01-15T00:00:00Z,2032-01-15T00:00:00Z,730,19.039775,6.607398,362.513032,727.467,EXISTING_SCREEN_SINGLE_CANDIDATE
2030,INTERAMNIA,704 Interamnia,ORBITAL_RECON,2,2030-01-15T00:00:00Z,2032-01-15T00:00:00Z,730,19.039775,6.607398,362.513032,1011.143,EXISTING_SCREEN_SINGLE_CANDIDATE
2030,INTERAMNIA,704 Interamnia,RENDEZVOUS,2,2030-01-15T00:00:00Z,2032-01-15T00:00:00Z,730,19.039775,6.607398,362.513032,1011.143,EXISTING_SCREEN_SINGLE_CANDIDATE
2030,INTERAMNIA,704 Interamnia,LANDING_PROSPECTING,5,2030-01-15T00:00:00Z,2032-01-15T00:00:00Z,730,19.039775,6.607398,362.513032,1661.656,EXISTING_SCREEN_SINGLE_CANDIDATE
2030,INTERAMNIA,704 Interamnia,CARGO_DELIVERY,20,2030-01-15T00:00:00Z,2032-01-15T00:00:00Z,730,19.039775,6.607398,362.513032,3198.414,EXISTING_SCREEN_SINGLE_CANDIDATE
2030,INTERAMNIA,704 Interamnia,CREWED_TRANSPORT,100,2030-01-15T00:00:00Z,2032-01-15T00:00:00Z,730,19.039775,6.607398,362.513032,14522.038,EXISTING_SCREEN_SINGLE_CANDIDATE
2031,INTERAMNIA,704 Interamnia,FLYBY,1,2031-01-15T00:00:00Z,2032-01-15T00:00:00Z,365,12.725347,9.716968,161.934456,577.14,EXISTING_SCREEN_SINGLE_CANDIDATE
2031,INTERAMNIA,704 Interamnia,ORBITAL_RECON,2,2031-01-15T00:00:00Z,2032-01-15T00:00:00Z,365,12.725347,9.716968,161.934456,1033.752,EXISTING_SCREEN_SINGLE_CANDIDATE
2031,INTERAMNIA,704 Interamnia,RENDEZVOUS,2,2031-01-15T00:00:00Z,2032-01-15T00:00:00Z,365,12.725347,9.716968,161.934456,1033.752,EXISTING_SCREEN_SINGLE_CANDIDATE
2031,INTERAMNIA,704 Interamnia,LANDING_PROSPECTING,5,2031-01-15T00:00:00Z,2032-01-15T00:00:00Z,365,12.725347,9.716968,161.934456,1943.67,EXISTING_SCREEN_SINGLE_CANDIDATE
2031,INTERAMNIA,704 Interamnia,CARGO_DELIVERY,20,2031-01-15T00:00:00Z,2032-01-15T00:00:00Z,365,12.725347,9.716968,161.934456,5209.789,EXISTING_SCREEN_SINGLE_CANDIDATE
2031,INTERAMNIA,704 Interamnia,CREWED_TRANSPORT,100,2031-01-15T00:00:00Z,2032-01-15T00:00:00Z,365,12.725347,9.716968,161.934456,25060.301,EXISTING_SCREEN_SINGLE_CANDIDATE
2032,INTERAMNIA,704 Interamnia,FLYBY,1,2032-07-15T00:00:00Z,2036-07-14T00:00:00Z,1460,17.253982,10.338149,297.699895,748.538,EXISTING_SCREEN_SINGLE_CANDIDATE
2032,INTERAMNIA,704 Interamnia,ORBITAL_RECON,2,2032-07-15T00:00:00Z,2036-07-14T00:00:00Z,1460,17.253982,10.338149,297.699895,1256.456,EXISTING_SCREEN_SINGLE_CANDIDATE
2032,INTERAMNIA,704 Interamnia,RENDEZVOUS,2,2032-07-15T00:00:00Z,2036-07-14T00:00:00Z,1460,17.253982,10.338149,297.699895,1256.456,EXISTING_SCREEN_SINGLE_CANDIDATE
2032,INTERAMNIA,704 Interamnia,LANDING_PROSPECTING,5,2032-07-15T00:00:00Z,2036-07-14T00:00:00Z,1460,17.253982,10.338149,297.699895,2243.333,EXISTING_SCREEN_SINGLE_CANDIDATE
2032,INTERAMNIA,704 Interamnia,CARGO_DELIVERY,20,2032-07-15T00:00:00Z,2036-07-14T00:00:00Z,1460,17.253982,10.338149,297.699895,6022.513,EXISTING_SCREEN_SINGLE_CANDIDATE
2032,INTERAMNIA,704 Interamnia,CREWED_TRANSPORT,100,2032-07-15T00:00:00Z,2036-07-14T00:00:00Z,1460,17.253982,10.338149,297.699895,28798.083,EXISTING_SCREEN_SINGLE_CANDIDATE
2033,INTERAMNIA,704 Interamnia,FLYBY,1,2033-07-15T00:00:00Z,2034-07-15T00:00:00Z,365,10.243052,5.808392,104.920114,542.932,EXISTING_SCREEN_SINGLE_CANDIDATE
2033,INTERAMNIA,704 Interamnia,ORBITAL_RECON,2,2033-07-15T00:00:00Z,2034-07-15T00:00:00Z,365,10.243052,5.808392,104.920114,798.353,EXISTING_SCREEN_SINGLE_CANDIDATE
2033,INTERAMNIA,704 Interamnia,RENDEZVOUS,2,2033-07-15T00:00:00Z,2034-07-15T00:00:00Z,365,10.243052,5.808392,104.920114,798.353,EXISTING_SCREEN_SINGLE_CANDIDATE
2033,INTERAMNIA,704 Interamnia,LANDING_PROSPECTING,5,2033-07-15T00:00:00Z,2034-07-15T00:00:00Z,365,10.243052,5.808392,104.920114,1406.484,EXISTING_SCREEN_SINGLE_CANDIDATE
2033,INTERAMNIA,704 Interamnia,CARGO_DELIVERY,20,2033-07-15T00:00:00Z,2034-07-15T00:00:00Z,365,10.243052,5.808392,104.920114,2660.694,EXISTING_SCREEN_SINGLE_CANDIDATE
2033,INTERAMNIA,704 Interamnia,CREWED_TRANSPORT,100,2033-07-15T00:00:00Z,2034-07-15T00:00:00Z,365,10.243052,5.808392,104.920114,12451.664,EXISTING_SCREEN_SINGLE_CANDIDATE
2034,INTERAMNIA,704 Interamnia,FLYBY,1,2034-07-15T00:00:00Z,2036-07-14T00:00:00Z,730,19.870479,6.026563,394.835936,746.86,EXISTING_SCREEN_SINGLE_CANDIDATE
2034,INTERAMNIA,704 Interamnia,ORBITAL_RECON,2,2034-07-15T00:00:00Z,2036-07-14T00:00:00Z,730,19.870479,6.026563,394.835936,1009.506,EXISTING_SCREEN_SINGLE_CANDIDATE
2034,INTERAMNIA,704 Interamnia,RENDEZVOUS,2,2034-07-15T00:00:00Z,2036-07-14T00:00:00Z,730,19.870479,6.026563,394.835936,1009.506,EXISTING_SCREEN_SINGLE_CANDIDATE
2034,INTERAMNIA,704 Interamnia,LANDING_PROSPECTING,5,2034-07-15T00:00:00Z,2036-07-14T00:00:00Z,730,19.870479,6.026563,394.835936,1628.473,EXISTING_SCREEN_SINGLE_CANDIDATE
2034,INTERAMNIA,704 Interamnia,CARGO_DELIVERY,20,2034-07-15T00:00:00Z,2036-07-14T00:00:00Z,730,19.870479,6.026563,394.835936,2954.924,EXISTING_SCREEN_SINGLE_CANDIDATE
2034,INTERAMNIA,704 Interamnia,CREWED_TRANSPORT,100,2034-07-15T00:00:00Z,2036-07-14T00:00:00Z,730,19.870479,6.026563,394.835936,13227.016,EXISTING_SCREEN_SINGLE_CANDIDATE
2035,INTERAMNIA,704 Interamnia,FLYBY,1,2035-01-15T00:00:00Z,2039-01-14T00:00:00Z,1460,14.093206,12.819107,198.618455,689.089,EXISTING_SCREEN_SINGLE_CANDIDATE
2035,INTERAMNIA,704 Interamnia,ORBITAL_RECON,2,2035-01-15T00:00:00Z,2039-01-14T00:00:00Z,1460,14.093206,12.819107,198.618455,1489.695,EXISTING_SCREEN_SINGLE_CANDIDATE
2035,INTERAMNIA,704 Interamnia,RENDEZVOUS,2,2035-01-15T00:00:00Z,2039-01-14T00:00:00Z,1460,14.093206,12.819107,198.618455,1489.695,EXISTING_SCREEN_SINGLE_CANDIDATE
2035,INTERAMNIA,704 Interamnia,LANDING_PROSPECTING,5,2035-01-15T00:00:00Z,2039-01-14T00:00:00Z,1460,14.093206,12.819107,198.618455,2915.605,EXISTING_SCREEN_SINGLE_CANDIDATE
2035,INTERAMNIA,704 Interamnia,CARGO_DELIVERY,20,2035-01-15T00:00:00Z,2039-01-14T00:00:00Z,1460,14.093206,12.819107,198.618455,9621.668,EXISTING_SCREEN_SINGLE_CANDIDATE
2035,INTERAMNIA,704 Interamnia,CREWED_TRANSPORT,100,2035-01-15T00:00:00Z,2039-01-14T00:00:00Z,1460,14.093206,12.819107,198.618455,47031.654,EXISTING_SCREEN_SINGLE_CANDIDATE
2026,IO,Io,FLYBY,1,2026-10-15T00:00:00Z,2028-10-14T00:00:00Z,730,10.009154,7.664479,100.183167,820.069,REFINED_GROUPED_LAMBERT_GRID
2026,IO,Io,ORBITAL_RECON,2,2026-10-15T00:00:00Z,2028-10-14T00:00:00Z,730,10.009154,7.664479,100.183167,1357.773,REFINED_GROUPED_LAMBERT_GRID
2026,IO,Io,RENDEZVOUS,2,2026-10-15T00:00:00Z,2028-10-14T00:00:00Z,730,10.009154,7.664479,100.183167,1357.773,REFINED_GROUPED_LAMBERT_GRID
2026,IO,Io,LANDING_PROSPECTING,5,2026-10-15T00:00:00Z,2028-10-14T00:00:00Z,730,10.009154,7.664479,100.183167,2389.329,REFINED_GROUPED_LAMBERT_GRID
2026,IO,Io,CARGO_DELIVERY,20,2026-11-15T00:00:00Z,2030-11-14T00:00:00Z,1460,9.160859,6.447972,83.921329,6345.204,REFINED_GROUPED_LAMBERT_GRID
2026,IO,Io,CREWED_TRANSPORT,100,2026-11-15T00:00:00Z,2030-11-14T00:00:00Z,1460,9.160859,6.447972,83.921329,30424.608,REFINED_GROUPED_LAMBERT_GRID
2027,IO,Io,FLYBY,1,2027-11-15T00:00:00Z,2029-11-14T00:00:00Z,730,9.745207,7.811387,94.969066,816.94,REFINED_GROUPED_LAMBERT_GRID
2027,IO,Io,ORBITAL_RECON,2,2027-11-15T00:00:00Z,2029-11-14T00:00:00Z,730,9.745207,7.811387,94.969066,1356.491,REFINED_GROUPED_LAMBERT_GRID
2027,IO,Io,RENDEZVOUS,2,2027-11-15T00:00:00Z,2029-11-14T00:00:00Z,730,9.745207,7.811387,94.969066,1356.491,REFINED_GROUPED_LAMBERT_GRID
2027,IO,Io,LANDING_PROSPECTING,5,2027-11-15T00:00:00Z,2029-11-14T00:00:00Z,730,9.745207,7.811387,94.969066,2390.817,REFINED_GROUPED_LAMBERT_GRID
2027,IO,Io,CARGO_DELIVERY,20,2027-12-15T00:00:00Z,2031-12-14T00:00:00Z,1460,8.934915,6.67473,79.832698,6372.085,REFINED_GROUPED_LAMBERT_GRID
2027,IO,Io,CREWED_TRANSPORT,100,2027-12-15T00:00:00Z,2031-12-14T00:00:00Z,1460,8.934915,6.67473,79.832698,30568.827,REFINED_GROUPED_LAMBERT_GRID
2028,IO,Io,FLYBY,1,2028-12-15T00:00:00Z,2030-12-15T00:00:00Z,730,9.262555,7.788666,85.794934,811.436,REFINED_GROUPED_LAMBERT_GRID
2028,IO,Io,ORBITAL_RECON,2,2028-12-15T00:00:00Z,2030-12-15T00:00:00Z,730,9.262555,7.788666,85.794934,1350.698,REFINED_GROUPED_LAMBERT_GRID
2028,IO,Io,RENDEZVOUS,2,2028-12-15T00:00:00Z,2030-12-15T00:00:00Z,730,9.262555,7.788666,85.794934,1350.698,REFINED_GROUPED_LAMBERT_GRID
2028,IO,Io,LANDING_PROSPECTING,5,2028-12-15T00:00:00Z,2030-12-15T00:00:00Z,730,9.262555,7.788666,85.794934,2384.591,REFINED_GROUPED_LAMBERT_GRID
2028,IO,Io,CARGO_DELIVERY,20,2028-01-15T00:00:00Z,2032-01-14T00:00:00Z,1460,11.337821,6.986825,128.546189,6443.612,REFINED_GROUPED_LAMBERT_GRID
2028,IO,Io,CREWED_TRANSPORT,100,2028-01-15T00:00:00Z,2032-01-14T00:00:00Z,1460,11.337821,6.986825,128.546189,30809.552,REFINED_GROUPED_LAMBERT_GRID
2029,IO,Io,FLYBY,1,2029-01-15T00:00:00Z,2031-01-15T00:00:00Z,730,11.376369,7.448778,129.421765,837.612,REFINED_GROUPED_LAMBERT_GRID
2029,IO,Io,ORBITAL_RECON,2,2029-01-15T00:00:00Z,2031-01-15T00:00:00Z,730,11.376369,7.448778,129.421765,1372.681,REFINED_GROUPED_LAMBERT_GRID
2029,IO,Io,RENDEZVOUS,2,2029-01-15T00:00:00Z,2031-01-15T00:00:00Z,730,11.376369,7.448778,129.421765,1372.681,REFINED_GROUPED_LAMBERT_GRID
2029,IO,Io,LANDING_PROSPECTING,5,2029-01-15T00:00:00Z,2031-01-15T00:00:00Z,730,11.376369,7.448778,129.421765,2400.284,REFINED_GROUPED_LAMBERT_GRID
2029,IO,Io,CARGO_DELIVERY,20,2029-01-15T00:00:00Z,2033-01-14T00:00:00Z,1460,8.975331,7.051394,80.556575,6423.852,REFINED_GROUPED_LAMBERT_GRID
2029,IO,Io,CREWED_TRANSPORT,100,2029-01-15T00:00:00Z,2033-01-14T00:00:00Z,1460,8.975331,7.051394,80.556575,30825.924,REFINED_GROUPED_LAMBERT_GRID
2030,IO,Io,FLYBY,1,2030-01-15T00:00:00Z,2032-01-15T00:00:00Z,730,8.988597,7.635576,80.79488,808.436,REFINED_GROUPED_LAMBERT_GRID
2030,IO,Io,ORBITAL_RECON,2,2030-01-15T00:00:00Z,2032-01-15T00:00:00Z,730,8.988597,7.635576,80.79488,1345.781,REFINED_GROUPED_LAMBERT_GRID
2030,IO,Io,RENDEZVOUS,2,2030-01-15T00:00:00Z,2032-01-15T00:00:00Z,730,8.988597,7.635576,80.79488,1345.781,REFINED_GROUPED_LAMBERT_GRID
2030,IO,Io,LANDING_PROSPECTING,5,2030-01-15T00:00:00Z,2032-01-15T00:00:00Z,730,8.988597,7.635576,80.79488,2376.8,REFINED_GROUPED_LAMBERT_GRID
2030,IO,Io,CARGO_DELIVERY,20,2030-02-15T00:00:00Z,2032-02-15T00:00:00Z,730,11.172445,7.327237,124.823527,6430.149,REFINED_GROUPED_LAMBERT_GRID
2030,IO,Io,CREWED_TRANSPORT,100,2030-02-15T00:00:00Z,2032-02-15T00:00:00Z,730,11.172445,7.327237,124.823527,30751.17,REFINED_GROUPED_LAMBERT_GRID
2031,IO,Io,FLYBY,1,2031-02-15T00:00:00Z,2033-02-14T00:00:00Z,730,9.240817,7.442919,85.392703,811.195,REFINED_GROUPED_LAMBERT_GRID
2031,IO,Io,ORBITAL_RECON,2,2031-02-15T00:00:00Z,2033-02-14T00:00:00Z,730,9.240817,7.442919,85.392703,1346.193,REFINED_GROUPED_LAMBERT_GRID
2031,IO,Io,RENDEZVOUS,2,2031-02-15T00:00:00Z,2033-02-14T00:00:00Z,730,9.240817,7.442919,85.392703,1346.193,REFINED_GROUPED_LAMBERT_GRID
2031,IO,Io,LANDING_PROSPECTING,5,2031-02-15T00:00:00Z,2033-02-14T00:00:00Z,730,9.240817,7.442919,85.392703,2373.691,REFINED_GROUPED_LAMBERT_GRID
2031,IO,Io,CARGO_DELIVERY,20,2031-03-15T00:00:00Z,2033-03-14T00:00:00Z,730,10.311731,7.145867,106.331805,6392.751,REFINED_GROUPED_LAMBERT_GRID
2031,IO,Io,CREWED_TRANSPORT,100,2031-03-15T00:00:00Z,2033-03-14T00:00:00Z,730,10.311731,7.145867,106.331805,30608.56,REFINED_GROUPED_LAMBERT_GRID
2032,IO,Io,FLYBY,1,2032-04-15T00:00:00Z,2034-04-15T00:00:00Z,730,9.899216,6.922975,97.994475,818.756,REFINED_GROUPED_LAMBERT_GRID
2032,IO,Io,ORBITAL_RECON,2,2032-04-15T00:00:00Z,2034-04-15T00:00:00Z,730,9.899216,6.922975,97.994475,1347.774,REFINED_GROUPED_LAMBERT_GRID
2032,IO,Io,RENDEZVOUS,2,2032-04-15T00:00:00Z,2034-04-15T00:00:00Z,730,9.899216,6.922975,97.994475,1347.774,REFINED_GROUPED_LAMBERT_GRID
2032,IO,Io,LANDING_PROSPECTING,5,2032-04-15T00:00:00Z,2034-04-15T00:00:00Z,730,9.899216,6.922975,97.994475,2366.302,REFINED_GROUPED_LAMBERT_GRID
2032,IO,Io,CARGO_DELIVERY,20,2032-04-15T00:00:00Z,2034-04-15T00:00:00Z,730,9.899216,6.922975,97.994475,6356.485,REFINED_GROUPED_LAMBERT_GRID
2032,IO,Io,CREWED_TRANSPORT,100,2032-04-15T00:00:00Z,2034-04-15T00:00:00Z,730,9.899216,6.922975,97.994475,30447.24,REFINED_GROUPED_LAMBERT_GRID
2033,IO,Io,FLYBY,1,2033-05-15T00:00:00Z,2035-05-15T00:00:00Z,730,9.386985,6.754124,88.115491,812.828,REFINED_GROUPED_LAMBERT_GRID
2033,IO,Io,ORBITAL_RECON,2,2033-05-15T00:00:00Z,2035-05-15T00:00:00Z,730,9.386985,6.754124,88.115491,1340.013,REFINED_GROUPED_LAMBERT_GRID
2033,IO,Io,RENDEZVOUS,2,2033-05-15T00:00:00Z,2035-05-15T00:00:00Z,730,9.386985,6.754124,88.115491,1340.013,REFINED_GROUPED_LAMBERT_GRID
2033,IO,Io,LANDING_PROSPECTING,5,2033-05-15T00:00:00Z,2035-05-15T00:00:00Z,730,9.386985,6.754124,88.115491,2355.791,REFINED_GROUPED_LAMBERT_GRID
2033,IO,Io,CARGO_DELIVERY,20,2033-05-15T00:00:00Z,2035-05-15T00:00:00Z,730,9.386985,6.754124,88.115491,6327.643,REFINED_GROUPED_LAMBERT_GRID
2033,IO,Io,CREWED_TRANSPORT,100,2033-05-15T00:00:00Z,2035-05-15T00:00:00Z,730,9.386985,6.754124,88.115491,30326.74,REFINED_GROUPED_LAMBERT_GRID
2034,IO,Io,FLYBY,1,2034-06-15T00:00:00Z,2036-06-14T00:00:00Z,730,9.140953,6.680873,83.557015,810.093,REFINED_GROUPED_LAMBERT_GRID
2034,IO,Io,ORBITAL_RECON,2,2034-06-15T00:00:00Z,2036-06-14T00:00:00Z,730,9.140953,6.680873,83.557015,1336.499,REFINED_GROUPED_LAMBERT_GRID
2034,IO,Io,RENDEZVOUS,2,2034-06-15T00:00:00Z,2036-06-14T00:00:00Z,730,9.140953,6.680873,83.557015,1336.499,REFINED_GROUPED_LAMBERT_GRID
2034,IO,Io,LANDING_PROSPECTING,5,2034-06-15T00:00:00Z,2036-06-14T00:00:00Z,730,9.140953,6.680873,83.557015,2351.109,REFINED_GROUPED_LAMBERT_GRID
2034,IO,Io,CARGO_DELIVERY,20,2034-06-15T00:00:00Z,2036-06-14T00:00:00Z,730,9.140953,6.680873,83.557015,6315.172,REFINED_GROUPED_LAMBERT_GRID
2034,IO,Io,CREWED_TRANSPORT,100,2034-07-15T00:00:00Z,2036-07-14T00:00:00Z,730,11.987542,6.567764,143.701175,30237.438,REFINED_GROUPED_LAMBERT_GRID
2035,IO,Io,FLYBY,1,2035-07-15T00:00:00Z,2037-07-14T00:00:00Z,730,9.203797,6.790313,84.709886,810.785,REFINED_GROUPED_LAMBERT_GRID
2035,IO,Io,ORBITAL_RECON,2,2035-07-15T00:00:00Z,2037-07-14T00:00:00Z,730,9.203797,6.790313,84.709886,1338.359,REFINED_GROUPED_LAMBERT_GRID
2035,IO,Io,RENDEZVOUS,2,2035-07-15T00:00:00Z,2037-07-14T00:00:00Z,730,9.203797,6.790313,84.709886,1338.359,REFINED_GROUPED_LAMBERT_GRID
2035,IO,Io,LANDING_PROSPECTING,5,2035-07-15T00:00:00Z,2037-07-14T00:00:00Z,730,9.203797,6.790313,84.709886,2354.719,REFINED_GROUPED_LAMBERT_GRID
2035,IO,Io,CARGO_DELIVERY,20,2035-08-15T00:00:00Z,2037-08-14T00:00:00Z,730,11.253702,6.593452,126.645805,6329.565,REFINED_GROUPED_LAMBERT_GRID
2035,IO,Io,CREWED_TRANSPORT,100,2035-08-15T00:00:00Z,2037-08-14T00:00:00Z,730,11.253702,6.593452,126.645805,30243.877,REFINED_GROUPED_LAMBERT_GRID
2026,ITOKAWA,25143 Itokawa,FLYBY,1,2026-09-15T00:00:00Z,2027-03-14T00:00:00Z,180,3.630044,8.024767,13.17722,472.691,REFINED_GROUPED_LAMBERT_GRID
2026,ITOKAWA,25143 Itokawa,ORBITAL_RECON,2,2026-11-15T00:00:00Z,2027-05-14T00:00:00Z,180,5.787625,4.157316,33.496607,695.641,REFINED_GROUPED_LAMBERT_GRID
2026,ITOKAWA,25143 Itokawa,RENDEZVOUS,2,2026-11-15T00:00:00Z,2027-05-14T00:00:00Z,180,5.787625,4.157316,33.496607,695.641,REFINED_GROUPED_LAMBERT_GRID
2026,ITOKAWA,25143 Itokawa,LANDING_PROSPECTING,5,2026-12-15T00:00:00Z,2027-06-13T00:00:00Z,180,8.166082,3.537842,66.684894,1224.296,REFINED_GROUPED_LAMBERT_GRID
2026,ITOKAWA,25143 Itokawa,CARGO_DELIVERY,20,2026-12-15T00:00:00Z,2027-06-13T00:00:00Z,180,8.166082,3.537842,66.684894,1902.301,REFINED_GROUPED_LAMBERT_GRID
2026,ITOKAWA,25143 Itokawa,CREWED_TRANSPORT,100,2026-12-15T00:00:00Z,2027-06-13T00:00:00Z,180,8.166082,3.537842,66.684894,8751.46,REFINED_GROUPED_LAMBERT_GRID
2027,ITOKAWA,25143 Itokawa,FLYBY,1,2027-07-15T00:00:00Z,2028-01-11T00:00:00Z,180,4.732095,6.097902,22.392718,478.22,REFINED_GROUPED_LAMBERT_GRID
2027,ITOKAWA,25143 Itokawa,ORBITAL_RECON,2,2027-06-15T00:00:00Z,2028-06-14T00:00:00Z,365,3.705051,2.206566,13.727406,663.531,REFINED_GROUPED_LAMBERT_GRID
2027,ITOKAWA,25143 Itokawa,RENDEZVOUS,2,2027-06-15T00:00:00Z,2028-06-14T00:00:00Z,365,3.705051,2.206566,13.727406,663.531,REFINED_GROUPED_LAMBERT_GRID
2027,ITOKAWA,25143 Itokawa,LANDING_PROSPECTING,5,2027-07-15T00:00:00Z,2028-07-14T00:00:00Z,365,5.838093,1.493601,34.083335,1139.792,REFINED_GROUPED_LAMBERT_GRID
2027,ITOKAWA,25143 Itokawa,CARGO_DELIVERY,20,2027-03-15T00:00:00Z,2028-03-14T00:00:00Z,365,8.930795,0.996284,79.759101,1451.744,REFINED_GROUPED_LAMBERT_GRID
2027,ITOKAWA,25143 Itokawa,CREWED_TRANSPORT,100,2027-03-15T00:00:00Z,2028-03-14T00:00:00Z,365,8.930795,0.996284,79.759101,6467.298,REFINED_GROUPED_LAMBERT_GRID
2028,ITOKAWA,25143 Itokawa,FLYBY,1,2028-01-15T00:00:00Z,2029-01-14T00:00:00Z,365,4.925453,13.906712,24.260086,494.536,REFINED_GROUPED_LAMBERT_GRID
2028,ITOKAWA,25143 Itokawa,ORBITAL_RECON,2,2028-05-15T00:00:00Z,2029-05-15T00:00:00Z,365,9.362147,9.479776,87.649804,971.385,REFINED_GROUPED_LAMBERT_GRID
2028,ITOKAWA,25143 Itokawa,RENDEZVOUS,2,2028-05-15T00:00:00Z,2029-05-15T00:00:00Z,365,9.362147,9.479776,87.649804,971.385,REFINED_GROUPED_LAMBERT_GRID
2028,ITOKAWA,25143 Itokawa,LANDING_PROSPECTING,5,2028-04-15T00:00:00Z,2036-04-13T00:00:00Z,2920,10.382483,7.851709,107.795957,1827.003,REFINED_GROUPED_LAMBERT_GRID
2028,ITOKAWA,25143 Itokawa,CARGO_DELIVERY,20,2028-04-15T00:00:00Z,2036-04-13T00:00:00Z,2920,10.382483,7.851709,107.795957,3916.961,REFINED_GROUPED_LAMBERT_GRID
2028,ITOKAWA,25143 Itokawa,CREWED_TRANSPORT,100,2028-04-15T00:00:00Z,2036-04-13T00:00:00Z,2920,10.382483,7.851709,107.795957,18726.095,REFINED_GROUPED_LAMBERT_GRID
2029,ITOKAWA,25143 Itokawa,FLYBY,1,2029-10-15T00:00:00Z,2030-04-13T00:00:00Z,180,2.174351,5.256546,4.727803,467.621,REFINED_GROUPED_LAMBERT_GRID
2029,ITOKAWA,25143 Itokawa,ORBITAL_RECON,2,2029-11-15T00:00:00Z,2030-05-14T00:00:00Z,180,3.313167,3.917504,10.977077,676.9,REFINED_GROUPED_LAMBERT_GRID
2029,ITOKAWA,25143 Itokawa,RENDEZVOUS,2,2029-11-15T00:00:00Z,2030-05-14T00:00:00Z,180,3.313167,3.917504,10.977077,676.9,REFINED_GROUPED_LAMBERT_GRID
2029,ITOKAWA,25143 Itokawa,LANDING_PROSPECTING,5,2029-11-15T00:00:00Z,2030-05-14T00:00:00Z,180,3.313167,3.917504,10.977077,1210.195,REFINED_GROUPED_LAMBERT_GRID
2029,ITOKAWA,25143 Itokawa,CARGO_DELIVERY,20,2029-12-15T00:00:00Z,2030-06-13T00:00:00Z,180,5.516816,3.800825,30.435263,1946.601,REFINED_GROUPED_LAMBERT_GRID
2029,ITOKAWA,25143 Itokawa,CREWED_TRANSPORT,100,2029-12-15T00:00:00Z,2030-06-13T00:00:00Z,180,5.516816,3.800825,30.435263,9059.961,REFINED_GROUPED_LAMBERT_GRID
2030,ITOKAWA,25143 Itokawa,FLYBY,1,2030-06-15T00:00:00Z,2030-12-12T00:00:00Z,180,4.89743,4.954044,23.984823,479.175,REFINED_GROUPED_LAMBERT_GRID
2030,ITOKAWA,25143 Itokawa,ORBITAL_RECON,2,2030-05-15T00:00:00Z,2031-05-15T00:00:00Z,365,3.570014,1.869621,12.745002,658.23,REFINED_GROUPED_LAMBERT_GRID
2030,ITOKAWA,25143 Itokawa,RENDEZVOUS,2,2030-05-15T00:00:00Z,2031-05-15T00:00:00Z,365,3.570014,1.869621,12.745002,658.23,REFINED_GROUPED_LAMBERT_GRID
2030,ITOKAWA,25143 Itokawa,LANDING_PROSPECTING,5,2030-04-15T00:00:00Z,2031-04-15T00:00:00Z,365,5.55033,1.329832,30.806158,1132.845,REFINED_GROUPED_LAMBERT_GRID
2030,ITOKAWA,25143 Itokawa,CARGO_DELIVERY,20,2030-03-15T00:00:00Z,2031-03-15T00:00:00Z,365,8.43488,0.798764,71.147202,1419.784,REFINED_GROUPED_LAMBERT_GRID
2030,ITOKAWA,25143 Itokawa,CREWED_TRANSPORT,100,2030-03-15T00:00:00Z,2031-03-15T00:00:00Z,365,8.43488,0.798764,71.147202,6328.165,REFINED_GROUPED_LAMBERT_GRID
2031,ITOKAWA,25143 Itokawa,FLYBY,1,2031-01-15T00:00:00Z,2032-01-15T00:00:00Z,365,7.275595,15.555954,52.934279,511.74,REFINED_GROUPED_LAMBERT_GRID
2031,ITOKAWA,25143 Itokawa,ORBITAL_RECON,2,2031-04-15T00:00:00Z,2039-04-13T00:00:00Z,2920,9.853618,6.576124,97.093797,1030.565,REFINED_GROUPED_LAMBERT_GRID
2031,ITOKAWA,25143 Itokawa,RENDEZVOUS,2,2031-04-15T00:00:00Z,2039-04-13T00:00:00Z,2920,9.853618,6.576124,97.093797,1030.565,REFINED_GROUPED_LAMBERT_GRID
2031,ITOKAWA,25143 Itokawa,LANDING_PROSPECTING,5,2031-04-15T00:00:00Z,2039-04-13T00:00:00Z,2920,9.853618,6.576124,97.093797,1679.274,REFINED_GROUPED_LAMBERT_GRID
2031,ITOKAWA,25143 Itokawa,CARGO_DELIVERY,20,2031-04-15T00:00:00Z,2039-04-13T00:00:00Z,2920,9.853618,6.576124,97.093797,3204.004,REFINED_GROUPED_LAMBERT_GRID
2031,ITOKAWA,25143 Itokawa,CREWED_TRANSPORT,100,2031-04-15T00:00:00Z,2039-04-13T00:00:00Z,2920,9.853618,6.576124,97.093797,15186.993,REFINED_GROUPED_LAMBERT_GRID
2032,ITOKAWA,25143 Itokawa,FLYBY,1,2032-11-15T00:00:00Z,2033-05-14T00:00:00Z,180,0.843541,3.920641,0.711561,465.211,REFINED_GROUPED_LAMBERT_GRID
2032,ITOKAWA,25143 Itokawa,ORBITAL_RECON,2,2032-11-15T00:00:00Z,2033-05-14T00:00:00Z,180,0.843541,3.920641,0.711561,670.808,REFINED_GROUPED_LAMBERT_GRID
2032,ITOKAWA,25143 Itokawa,RENDEZVOUS,2,2032-11-15T00:00:00Z,2033-05-14T00:00:00Z,180,0.843541,3.920641,0.711561,670.808,REFINED_GROUPED_LAMBERT_GRID
2032,ITOKAWA,25143 Itokawa,LANDING_PROSPECTING,5,2032-11-15T00:00:00Z,2033-05-14T00:00:00Z,180,0.843541,3.920641,0.711561,1204.202,REFINED_GROUPED_LAMBERT_GRID
2032,ITOKAWA,25143 Itokawa,CARGO_DELIVERY,20,2032-11-15T00:00:00Z,2033-05-14T00:00:00Z,180,0.843541,3.920641,0.711561,1960.164,REFINED_GROUPED_LAMBERT_GRID
2032,ITOKAWA,25143 Itokawa,CREWED_TRANSPORT,100,2032-11-15T00:00:00Z,2033-05-14T00:00:00Z,180,0.843541,3.920641,0.711561,9199.111,REFINED_GROUPED_LAMBERT_GRID
2033,ITOKAWA,25143 Itokawa,FLYBY,1,2033-02-15T00:00:00Z,2033-03-17T00:00:00Z,30,5.469737,11.820887,29.918019,470.415,REFINED_GROUPED_LAMBERT_GRID
2033,ITOKAWA,25143 Itokawa,ORBITAL_RECON,2,2033-05-15T00:00:00Z,2034-05-15T00:00:00Z,365,3.609466,1.264982,13.028245,650.78,REFINED_GROUPED_LAMBERT_GRID
2033,ITOKAWA,25143 Itokawa,RENDEZVOUS,2,2033-05-15T00:00:00Z,2034-05-15T00:00:00Z,365,3.609466,1.264982,13.028245,650.78,REFINED_GROUPED_LAMBERT_GRID
2033,ITOKAWA,25143 Itokawa,LANDING_PROSPECTING,5,2033-04-15T00:00:00Z,2034-04-15T00:00:00Z,365,5.244497,0.792343,27.504746,1115.735,REFINED_GROUPED_LAMBERT_GRID
2033,ITOKAWA,25143 Itokawa,CARGO_DELIVERY,20,2033-04-15T00:00:00Z,2034-04-15T00:00:00Z,365,5.244497,0.792343,27.504746,1392.747,REFINED_GROUPED_LAMBERT_GRID
2033,ITOKAWA,25143 Itokawa,CREWED_TRANSPORT,100,2033-04-15T00:00:00Z,2034-04-15T00:00:00Z,365,5.244497,0.792343,27.504746,6297.722,REFINED_GROUPED_LAMBERT_GRID
2034,ITOKAWA,25143 Itokawa,FLYBY,1,2034-04-15T00:00:00Z,2036-04-14T00:00:00Z,730,6.504363,5.908555,42.306739,535.343,REFINED_GROUPED_LAMBERT_GRID
2034,ITOKAWA,25143 Itokawa,ORBITAL_RECON,2,2034-04-15T00:00:00Z,2036-04-14T00:00:00Z,730,6.504363,5.908555,42.306739,794.037,REFINED_GROUPED_LAMBERT_GRID
2034,ITOKAWA,25143 Itokawa,RENDEZVOUS,2,2034-04-15T00:00:00Z,2036-04-14T00:00:00Z,730,6.504363,5.908555,42.306739,794.037,REFINED_GROUPED_LAMBERT_GRID
2034,ITOKAWA,25143 Itokawa,LANDING_PROSPECTING,5,2034-04-15T00:00:00Z,2036-04-14T00:00:00Z,730,6.504363,5.908555,42.306739,1407.078,REFINED_GROUPED_LAMBERT_GRID
2034,ITOKAWA,25143 Itokawa,CARGO_DELIVERY,20,2034-04-15T00:00:00Z,2036-04-14T00:00:00Z,730,6.504363,5.908555,42.306739,2694.02,REFINED_GROUPED_LAMBERT_GRID
2034,ITOKAWA,25143 Itokawa,CREWED_TRANSPORT,100,2034-04-15T00:00:00Z,2036-04-14T00:00:00Z,730,6.504363,5.908555,42.306739,12768.566,REFINED_GROUPED_LAMBERT_GRID
2035,ITOKAWA,25143 Itokawa,FLYBY,1,2035-11-15T00:00:00Z,2036-05-13T00:00:00Z,180,4.076729,4.937364,16.619717,474.756,REFINED_GROUPED_LAMBERT_GRID
2035,ITOKAWA,25143 Itokawa,ORBITAL_RECON,2,2035-11-15T00:00:00Z,2036-05-13T00:00:00Z,180,4.076729,4.937364,16.619717,704.586,REFINED_GROUPED_LAMBERT_GRID
2035,ITOKAWA,25143 Itokawa,RENDEZVOUS,2,2035-11-15T00:00:00Z,2036-05-13T00:00:00Z,180,4.076729,4.937364,16.619717,704.586,REFINED_GROUPED_LAMBERT_GRID
2035,ITOKAWA,25143 Itokawa,LANDING_PROSPECTING,5,2035-11-15T00:00:00Z,2036-05-13T00:00:00Z,180,4.076729,4.937364,16.619717,1274.33,REFINED_GROUPED_LAMBERT_GRID
2035,ITOKAWA,25143 Itokawa,CARGO_DELIVERY,20,2035-11-15T00:00:00Z,2036-05-13T00:00:00Z,180,4.076729,4.937364,16.619717,2272.627,REFINED_GROUPED_LAMBERT_GRID
2035,ITOKAWA,25143 Itokawa,CREWED_TRANSPORT,100,2035-11-15T00:00:00Z,2036-05-13T00:00:00Z,180,4.076729,4.937364,16.619717,10723.249,REFINED_GROUPED_LAMBERT_GRID
2026,IXION,28978 Ixion,FLYBY,1,2026-01-15T00:00:00Z,2034-01-13T00:00:00Z,2920,45.824484,20.849847,2099.883334,1949.766,EXISTING_SCREEN_SINGLE_CANDIDATE
2026,IXION,28978 Ixion,ORBITAL_RECON,2,2026-01-15T00:00:00Z,2034-01-13T00:00:00Z,2920,45.824484,20.849847,2099.883334,6173.88,EXISTING_SCREEN_SINGLE_CANDIDATE
2026,IXION,28978 Ixion,RENDEZVOUS,2,2026-01-15T00:00:00Z,2034-01-13T00:00:00Z,2920,45.824484,20.849847,2099.883334,6173.88,EXISTING_SCREEN_SINGLE_CANDIDATE
2026,IXION,28978 Ixion,LANDING_PROSPECTING,5,2026-01-15T00:00:00Z,2034-01-13T00:00:00Z,2920,45.824484,20.849847,2099.883334,12735.051,EXISTING_SCREEN_SINGLE_CANDIDATE
2026,IXION,28978 Ixion,CARGO_DELIVERY,20,2026-01-15T00:00:00Z,2034-01-13T00:00:00Z,2920,45.824484,20.849847,2099.883334,53676.191,EXISTING_SCREEN_SINGLE_CANDIDATE
2026,IXION,28978 Ixion,CREWED_TRANSPORT,100,2026-01-15T00:00:00Z,2034-01-13T00:00:00Z,2920,45.824484,20.849847,2099.883334,262741.236,EXISTING_SCREEN_SINGLE_CANDIDATE
2027,IXION,28978 Ixion,FLYBY,1,2027-01-15T00:00:00Z,2035-01-13T00:00:00Z,2920,49.745442,20.7332,2474.609,2174.601,EXISTING_SCREEN_SINGLE_CANDIDATE
2027,IXION,28978 Ixion,ORBITAL_RECON,2,2027-01-15T00:00:00Z,2035-01-13T00:00:00Z,2920,49.745442,20.7332,2474.609,6293.441,EXISTING_SCREEN_SINGLE_CANDIDATE
2027,IXION,28978 Ixion,RENDEZVOUS,2,2027-01-15T00:00:00Z,2035-01-13T00:00:00Z,2920,49.745442,20.7332,2474.609,6293.441,EXISTING_SCREEN_SINGLE_CANDIDATE
2027,IXION,28978 Ixion,LANDING_PROSPECTING,5,2027-01-15T00:00:00Z,2035-01-13T00:00:00Z,2920,49.745442,20.7332,2474.609,12696.701,EXISTING_SCREEN_SINGLE_CANDIDATE
2027,IXION,28978 Ixion,CARGO_DELIVERY,20,2027-01-15T00:00:00Z,2035-01-13T00:00:00Z,2920,49.745442,20.7332,2474.609,52585.103,EXISTING_SCREEN_SINGLE_CANDIDATE
2027,IXION,28978 Ixion,CREWED_TRANSPORT,100,2027-01-15T00:00:00Z,2035-01-13T00:00:00Z,2920,49.745442,20.7332,2474.609,256386.452,EXISTING_SCREEN_SINGLE_CANDIDATE
2028,IXION,28978 Ixion,FLYBY,1,2028-07-15T00:00:00Z,2036-07-13T00:00:00Z,2920,53.206188,19.603821,2830.898441,2388.375,EXISTING_SCREEN_SINGLE_CANDIDATE
2028,IXION,28978 Ixion,ORBITAL_RECON,2,2028-07-15T00:00:00Z,2036-07-13T00:00:00Z,2920,53.206188,19.603821,2830.898441,5617.426,EXISTING_SCREEN_SINGLE_CANDIDATE
2028,IXION,28978 Ixion,RENDEZVOUS,2,2028-07-15T00:00:00Z,2036-07-13T00:00:00Z,2920,53.206188,19.603821,2830.898441,5617.426,EXISTING_SCREEN_SINGLE_CANDIDATE
2028,IXION,28978 Ixion,LANDING_PROSPECTING,5,2028-07-15T00:00:00Z,2036-07-13T00:00:00Z,2920,53.206188,19.603821,2830.898441,10686.003,EXISTING_SCREEN_SINGLE_CANDIDATE
2028,IXION,28978 Ixion,CARGO_DELIVERY,20,2028-07-15T00:00:00Z,2036-07-13T00:00:00Z,2920,53.206188,19.603821,2830.898441,41676.514,EXISTING_SCREEN_SINGLE_CANDIDATE
2028,IXION,28978 Ixion,CREWED_TRANSPORT,100,2028-07-15T00:00:00Z,2036-07-13T00:00:00Z,2920,53.206188,19.603821,2830.898441,200988.416,EXISTING_SCREEN_SINGLE_CANDIDATE
2029,IXION,28978 Ixion,FLYBY,1,2029-07-15T00:00:00Z,2037-07-13T00:00:00Z,2920,52.54937,19.430689,2761.436287,2346.698,EXISTING_SCREEN_SINGLE_CANDIDATE
2029,IXION,28978 Ixion,ORBITAL_RECON,2,2029-07-15T00:00:00Z,2037-07-13T00:00:00Z,2920,52.54937,19.430689,2761.436287,5458.026,EXISTING_SCREEN_SINGLE_CANDIDATE
2029,IXION,28978 Ixion,RENDEZVOUS,2,2029-07-15T00:00:00Z,2037-07-13T00:00:00Z,2920,52.54937,19.430689,2761.436287,5458.026,EXISTING_SCREEN_SINGLE_CANDIDATE
2029,IXION,28978 Ixion,LANDING_PROSPECTING,5,2029-07-15T00:00:00Z,2037-07-13T00:00:00Z,2920,52.54937,19.430689,2761.436287,10350.019,EXISTING_SCREEN_SINGLE_CANDIDATE
2029,IXION,28978 Ixion,CARGO_DELIVERY,20,2029-07-15T00:00:00Z,2037-07-13T00:00:00Z,2920,52.54937,19.430689,2761.436287,40163.305,EXISTING_SCREEN_SINGLE_CANDIDATE
2029,IXION,28978 Ixion,CREWED_TRANSPORT,100,2029-07-15T00:00:00Z,2037-07-13T00:00:00Z,2920,52.54937,19.430689,2761.436287,193589.079,EXISTING_SCREEN_SINGLE_CANDIDATE
2030,IXION,28978 Ixion,FLYBY,1,2030-07-15T00:00:00Z,2038-07-13T00:00:00Z,2920,51.84527,19.259579,2687.932021,2302.595,EXISTING_SCREEN_SINGLE_CANDIDATE
2030,IXION,28978 Ixion,ORBITAL_RECON,2,2030-07-15T00:00:00Z,2038-07-13T00:00:00Z,2920,51.84527,19.259579,2687.932021,5301.942,EXISTING_SCREEN_SINGLE_CANDIDATE
2030,IXION,28978 Ixion,RENDEZVOUS,2,2030-07-15T00:00:00Z,2038-07-13T00:00:00Z,2920,51.84527,19.259579,2687.932021,5301.942,EXISTING_SCREEN_SINGLE_CANDIDATE
2030,IXION,28978 Ixion,LANDING_PROSPECTING,5,2030-07-15T00:00:00Z,2038-07-13T00:00:00Z,2920,51.84527,19.259579,2687.932021,10025.963,EXISTING_SCREEN_SINGLE_CANDIDATE
2030,IXION,28978 Ixion,CARGO_DELIVERY,20,2030-07-15T00:00:00Z,2038-07-13T00:00:00Z,2920,51.84527,19.259579,2687.932021,38719.436,EXISTING_SCREEN_SINGLE_CANDIDATE
2030,IXION,28978 Ixion,CREWED_TRANSPORT,100,2030-07-15T00:00:00Z,2038-07-13T00:00:00Z,2920,51.84527,19.259579,2687.932021,186546.142,EXISTING_SCREEN_SINGLE_CANDIDATE
2031,IXION,28978 Ixion,FLYBY,1,2031-01-15T00:00:00Z,2039-01-13T00:00:00Z,2920,48.373654,19.912525,2340.010401,2093.842,EXISTING_SCREEN_SINGLE_CANDIDATE
2031,IXION,28978 Ixion,ORBITAL_RECON,2,2031-01-15T00:00:00Z,2039-01-13T00:00:00Z,2920,48.373654,19.912525,2340.010401,5544.373,EXISTING_SCREEN_SINGLE_CANDIDATE
2031,IXION,28978 Ixion,RENDEZVOUS,2,2031-01-15T00:00:00Z,2039-01-13T00:00:00Z,2920,48.373654,19.912525,2340.010401,5544.373,EXISTING_SCREEN_SINGLE_CANDIDATE
2031,IXION,28978 Ixion,LANDING_PROSPECTING,5,2031-01-15T00:00:00Z,2039-01-13T00:00:00Z,2920,48.373654,19.912525,2340.010401,10945.169,EXISTING_SCREEN_SINGLE_CANDIDATE
2031,IXION,28978 Ixion,CARGO_DELIVERY,20,2031-01-15T00:00:00Z,2039-01-13T00:00:00Z,2920,48.373654,19.912525,2340.010401,44150.478,EXISTING_SCREEN_SINGLE_CANDIDATE
2031,IXION,28978 Ixion,CREWED_TRANSPORT,100,2031-01-15T00:00:00Z,2039-01-13T00:00:00Z,2920,48.373654,19.912525,2340.010401,214536.363,EXISTING_SCREEN_SINGLE_CANDIDATE
2032,IXION,28978 Ixion,FLYBY,1,2032-01-15T00:00:00Z,2040-01-13T00:00:00Z,2920,45.633735,19.720395,2082.43777,1939.298,EXISTING_SCREEN_SINGLE_CANDIDATE
2032,IXION,28978 Ixion,ORBITAL_RECON,2,2032-01-15T00:00:00Z,2040-01-13T00:00:00Z,2920,45.633735,19.720395,2082.43777,5250.205,EXISTING_SCREEN_SINGLE_CANDIDATE
2032,IXION,28978 Ixion,RENDEZVOUS,2,2032-01-15T00:00:00Z,2040-01-13T00:00:00Z,2920,45.633735,19.720395,2082.43777,5250.205,EXISTING_SCREEN_SINGLE_CANDIDATE
2032,IXION,28978 Ixion,LANDING_PROSPECTING,5,2032-01-15T00:00:00Z,2040-01-13T00:00:00Z,2920,45.633735,19.720395,2082.43777,10441.566,EXISTING_SCREEN_SINGLE_CANDIDATE
2032,IXION,28978 Ixion,CARGO_DELIVERY,20,2032-01-15T00:00:00Z,2040-01-13T00:00:00Z,2920,45.633735,19.720395,2082.43777,42250.635,EXISTING_SCREEN_SINGLE_CANDIDATE
2032,IXION,28978 Ixion,CREWED_TRANSPORT,100,2032-01-15T00:00:00Z,2040-01-13T00:00:00Z,2920,45.633735,19.720395,2082.43777,205655.322,EXISTING_SCREEN_SINGLE_CANDIDATE
2033,IXION,28978 Ixion,FLYBY,1,2033-01-15T00:00:00Z,2041-01-13T00:00:00Z,2920,44.386543,19.5482,1970.165199,1871.935,EXISTING_SCREEN_SINGLE_CANDIDATE
2033,IXION,28978 Ixion,ORBITAL_RECON,2,2033-01-15T00:00:00Z,2041-01-13T00:00:00Z,2920,44.386543,19.5482,1970.165199,5062.671,EXISTING_SCREEN_SINGLE_CANDIDATE
2033,IXION,28978 Ixion,RENDEZVOUS,2,2033-01-15T00:00:00Z,2041-01-13T00:00:00Z,2920,44.386543,19.5482,1970.165199,5062.671,EXISTING_SCREEN_SINGLE_CANDIDATE
2033,IXION,28978 Ixion,LANDING_PROSPECTING,5,2033-01-15T00:00:00Z,2041-01-13T00:00:00Z,2920,44.386543,19.5482,1970.165199,10073.776,EXISTING_SCREEN_SINGLE_CANDIDATE
2033,IXION,28978 Ixion,CARGO_DELIVERY,20,2033-01-15T00:00:00Z,2041-01-13T00:00:00Z,2920,44.386543,19.5482,1970.165199,40681.138,EXISTING_SCREEN_SINGLE_CANDIDATE
2033,IXION,28978 Ixion,CREWED_TRANSPORT,100,2033-01-15T00:00:00Z,2041-01-13T00:00:00Z,2920,44.386543,19.5482,1970.165199,198077.295,EXISTING_SCREEN_SINGLE_CANDIDATE
2034,IXION,28978 Ixion,FLYBY,1,2034-01-15T00:00:00Z,2042-01-13T00:00:00Z,2920,42.173952,19.36879,1778.642227,1757.021,EXISTING_SCREEN_SINGLE_CANDIDATE
2034,IXION,28978 Ixion,ORBITAL_RECON,2,2034-01-15T00:00:00Z,2042-01-13T00:00:00Z,2920,42.173952,19.36879,1778.642227,4827.348,EXISTING_SCREEN_SINGLE_CANDIDATE
2034,IXION,28978 Ixion,RENDEZVOUS,2,2034-01-15T00:00:00Z,2042-01-13T00:00:00Z,2920,42.173952,19.36879,1778.642227,4827.348,EXISTING_SCREEN_SINGLE_CANDIDATE
2034,IXION,28978 Ixion,LANDING_PROSPECTING,5,2034-01-15T00:00:00Z,2042-01-13T00:00:00Z,2920,42.173952,19.36879,1778.642227,9657.839,EXISTING_SCREEN_SINGLE_CANDIDATE
2034,IXION,28978 Ixion,CARGO_DELIVERY,20,2034-01-15T00:00:00Z,2042-01-13T00:00:00Z,2920,42.173952,19.36879,1778.642227,39061.108,EXISTING_SCREEN_SINGLE_CANDIDATE
2034,IXION,28978 Ixion,CREWED_TRANSPORT,100,2034-01-15T00:00:00Z,2042-01-13T00:00:00Z,2920,42.173952,19.36879,1778.642227,190436.801,EXISTING_SCREEN_SINGLE_CANDIDATE
2035,IXION,28978 Ixion,FLYBY,1,2035-01-15T00:00:00Z,2043-01-13T00:00:00Z,2920,40.290268,19.195892,1623.305696,1663.819,EXISTING_SCREEN_SINGLE_CANDIDATE
2035,IXION,28978 Ixion,ORBITAL_RECON,2,2035-01-15T00:00:00Z,2043-01-13T00:00:00Z,2920,40.290268,19.195892,1623.305696,4622.562,EXISTING_SCREEN_SINGLE_CANDIDATE
2035,IXION,28978 Ixion,RENDEZVOUS,2,2035-01-15T00:00:00Z,2043-01-13T00:00:00Z,2920,40.290268,19.195892,1623.305696,4622.562,EXISTING_SCREEN_SINGLE_CANDIDATE
2035,IXION,28978 Ixion,LANDING_PROSPECTING,5,2035-01-15T00:00:00Z,2043-01-13T00:00:00Z,2920,40.290268,19.195892,1623.305696,9285.677,EXISTING_SCREEN_SINGLE_CANDIDATE
2035,IXION,28978 Ixion,CARGO_DELIVERY,20,2035-01-15T00:00:00Z,2043-01-13T00:00:00Z,2920,40.290268,19.195892,1623.305696,37573.111,EXISTING_SCREEN_SINGLE_CANDIDATE
2035,IXION,28978 Ixion,CREWED_TRANSPORT,100,2035-01-15T00:00:00Z,2043-01-13T00:00:00Z,2920,40.290268,19.195892,1623.305696,183369.619,EXISTING_SCREEN_SINGLE_CANDIDATE
2026,JUNO,3 Juno,FLYBY,1,2026-07-15T00:00:00Z,2028-07-14T00:00:00Z,730,8.01331,11.861158,64.213137,548.487,EXISTING_SCREEN_SINGLE_CANDIDATE
2026,JUNO,3 Juno,ORBITAL_RECON,2,2026-07-15T00:00:00Z,2028-07-14T00:00:00Z,730,8.01331,11.861158,64.213137,1216.673,EXISTING_SCREEN_SINGLE_CANDIDATE
2026,JUNO,3 Juno,RENDEZVOUS,2,2026-07-15T00:00:00Z,2028-07-14T00:00:00Z,730,8.01331,11.861158,64.213137,1216.673,EXISTING_SCREEN_SINGLE_CANDIDATE
2026,JUNO,3 Juno,LANDING_PROSPECTING,5,2026-07-15T00:00:00Z,2028-07-14T00:00:00Z,730,8.01331,11.861158,64.213137,2443.952,EXISTING_SCREEN_SINGLE_CANDIDATE
2026,JUNO,3 Juno,CARGO_DELIVERY,20,2026-07-15T00:00:00Z,2028-07-14T00:00:00Z,730,8.01331,11.861158,64.213137,7825.813,EXISTING_SCREEN_SINGLE_CANDIDATE
2026,JUNO,3 Juno,CREWED_TRANSPORT,100,2026-07-15T00:00:00Z,2028-07-14T00:00:00Z,730,8.01331,11.861158,64.213137,38374.951,EXISTING_SCREEN_SINGLE_CANDIDATE
2027,JUNO,3 Juno,FLYBY,1,2027-07-15T00:00:00Z,2028-07-14T00:00:00Z,365,14.602677,6.402519,213.238176,607.922,EXISTING_SCREEN_SINGLE_CANDIDATE
2027,JUNO,3 Juno,ORBITAL_RECON,2,2027-07-15T00:00:00Z,2028-07-14T00:00:00Z,365,14.602677,6.402519,213.238176,883.868,EXISTING_SCREEN_SINGLE_CANDIDATE
2027,JUNO,3 Juno,RENDEZVOUS,2,2027-07-15T00:00:00Z,2028-07-14T00:00:00Z,365,14.602677,6.402519,213.238176,883.868,EXISTING_SCREEN_SINGLE_CANDIDATE
2027,JUNO,3 Juno,LANDING_PROSPECTING,5,2027-07-15T00:00:00Z,2028-07-14T00:00:00Z,365,14.602677,6.402519,213.238176,1522.787,EXISTING_SCREEN_SINGLE_CANDIDATE
2027,JUNO,3 Juno,CARGO_DELIVERY,20,2027-07-15T00:00:00Z,2028-07-14T00:00:00Z,365,14.602677,6.402519,213.238176,2982.245,EXISTING_SCREEN_SINGLE_CANDIDATE
2027,JUNO,3 Juno,CREWED_TRANSPORT,100,2027-07-15T00:00:00Z,2028-07-14T00:00:00Z,365,14.602677,6.402519,213.238176,13799.455,EXISTING_SCREEN_SINGLE_CANDIDATE
2028,JUNO,3 Juno,FLYBY,1,2028-01-15T00:00:00Z,2036-01-13T00:00:00Z,2920,10.196517,14.441507,103.968959,752.217,EXISTING_SCREEN_SINGLE_CANDIDATE
2028,JUNO,3 Juno,ORBITAL_RECON,2,2028-01-15T00:00:00Z,2036-01-13T00:00:00Z,2920,10.196517,14.441507,103.968959,1852.611,EXISTING_SCREEN_SINGLE_CANDIDATE
2028,JUNO,3 Juno,RENDEZVOUS,2,2028-01-15T00:00:00Z,2036-01-13T00:00:00Z,2920,10.196517,14.441507,103.968959,1852.611,EXISTING_SCREEN_SINGLE_CANDIDATE
2028,JUNO,3 Juno,LANDING_PROSPECTING,5,2028-01-15T00:00:00Z,2036-01-13T00:00:00Z,2920,10.196517,14.441507,103.968959,3728.203,EXISTING_SCREEN_SINGLE_CANDIDATE
2028,JUNO,3 Juno,CARGO_DELIVERY,20,2028-01-15T00:00:00Z,2036-01-13T00:00:00Z,2920,10.196517,14.441507,103.968959,13432.147,EXISTING_SCREEN_SINGLE_CANDIDATE
2028,JUNO,3 Juno,CREWED_TRANSPORT,100,2028-01-15T00:00:00Z,2036-01-13T00:00:00Z,2920,10.196517,14.441507,103.968959,66311.209,EXISTING_SCREEN_SINGLE_CANDIDATE
2029,JUNO,3 Juno,FLYBY,1,2029-01-15T00:00:00Z,2030-01-15T00:00:00Z,365,13.530856,9.184112,183.084064,589.83,EXISTING_SCREEN_SINGLE_CANDIDATE
2029,JUNO,3 Juno,ORBITAL_RECON,2,2029-01-15T00:00:00Z,2030-01-15T00:00:00Z,365,13.530856,9.184112,183.084064,1007.736,EXISTING_SCREEN_SINGLE_CANDIDATE
2029,JUNO,3 Juno,RENDEZVOUS,2,2029-01-15T00:00:00Z,2030-01-15T00:00:00Z,365,13.530856,9.184112,183.084064,1007.736,EXISTING_SCREEN_SINGLE_CANDIDATE
2029,JUNO,3 Juno,LANDING_PROSPECTING,5,2029-01-15T00:00:00Z,2030-01-15T00:00:00Z,365,13.530856,9.184112,183.084064,1859.594,EXISTING_SCREEN_SINGLE_CANDIDATE
2029,JUNO,3 Juno,CARGO_DELIVERY,20,2029-01-15T00:00:00Z,2030-01-15T00:00:00Z,365,13.530856,9.184112,183.084064,4738.65,EXISTING_SCREEN_SINGLE_CANDIDATE
2029,JUNO,3 Juno,CREWED_TRANSPORT,100,2029-01-15T00:00:00Z,2030-01-15T00:00:00Z,365,13.530856,9.184112,183.084064,22653.848,EXISTING_SCREEN_SINGLE_CANDIDATE
2030,JUNO,3 Juno,FLYBY,1,2030-01-15T00:00:00Z,2031-01-15T00:00:00Z,365,18.259122,13.848987,333.395536,680.017,EXISTING_SCREEN_SINGLE_CANDIDATE
2030,JUNO,3 Juno,ORBITAL_RECON,2,2030-01-15T00:00:00Z,2031-01-15T00:00:00Z,365,18.259122,13.848987,333.395536,1658.225,EXISTING_SCREEN_SINGLE_CANDIDATE
2030,JUNO,3 Juno,RENDEZVOUS,2,2030-01-15T00:00:00Z,2031-01-15T00:00:00Z,365,18.259122,13.848987,333.395536,1658.225,EXISTING_SCREEN_SINGLE_CANDIDATE
2030,JUNO,3 Juno,LANDING_PROSPECTING,5,2030-01-15T00:00:00Z,2031-01-15T00:00:00Z,365,18.259122,13.848987,333.395536,3350.539,EXISTING_SCREEN_SINGLE_CANDIDATE
2030,JUNO,3 Juno,CARGO_DELIVERY,20,2030-01-15T00:00:00Z,2031-01-15T00:00:00Z,365,18.259122,13.848987,333.395536,11832.626,EXISTING_SCREEN_SINGLE_CANDIDATE
2030,JUNO,3 Juno,CREWED_TRANSPORT,100,2030-01-15T00:00:00Z,2031-01-15T00:00:00Z,365,18.259122,13.848987,333.395536,57762.978,EXISTING_SCREEN_SINGLE_CANDIDATE
2031,JUNO,3 Juno,FLYBY,1,2031-07-15T00:00:00Z,2032-01-11T00:00:00Z,180,11.967221,12.950812,143.214378,550.713,EXISTING_SCREEN_SINGLE_CANDIDATE
2031,JUNO,3 Juno,ORBITAL_RECON,2,2031-07-15T00:00:00Z,2032-01-11T00:00:00Z,180,11.967221,12.950812,143.214378,1371.831,EXISTING_SCREEN_SINGLE_CANDIDATE
2031,JUNO,3 Juno,RENDEZVOUS,2,2031-07-15T00:00:00Z,2032-01-11T00:00:00Z,180,11.967221,12.950812,143.214378,1371.831,EXISTING_SCREEN_SINGLE_CANDIDATE
2031,JUNO,3 Juno,LANDING_PROSPECTING,5,2031-07-15T00:00:00Z,2032-01-11T00:00:00Z,180,11.967221,12.950812,143.214378,2828.507,EXISTING_SCREEN_SINGLE_CANDIDATE
2031,JUNO,3 Juno,CARGO_DELIVERY,20,2031-07-15T00:00:00Z,2032-01-11T00:00:00Z,180,11.967221,12.950812,143.214378,9739.682,EXISTING_SCREEN_SINGLE_CANDIDATE
2031,JUNO,3 Juno,CREWED_TRANSPORT,100,2031-07-15T00:00:00Z,2032-01-11T00:00:00Z,180,11.967221,12.950812,143.214378,47754.694,EXISTING_SCREEN_SINGLE_CANDIDATE
2032,JUNO,3 Juno,FLYBY,1,2032-01-15T00:00:00Z,2036-01-14T00:00:00Z,1460,9.22568,12.100982,85.113171,620.986,EXISTING_SCREEN_SINGLE_CANDIDATE
2032,JUNO,3 Juno,ORBITAL_RECON,2,2032-01-15T00:00:00Z,2036-01-14T00:00:00Z,1460,9.22568,12.100982,85.113171,1319.727,EXISTING_SCREEN_SINGLE_CANDIDATE
2032,JUNO,3 Juno,RENDEZVOUS,2,2032-01-15T00:00:00Z,2036-01-14T00:00:00Z,1460,9.22568,12.100982,85.113171,1319.727,EXISTING_SCREEN_SINGLE_CANDIDATE
2032,JUNO,3 Juno,LANDING_PROSPECTING,5,2032-01-15T00:00:00Z,2036-01-14T00:00:00Z,1460,9.22568,12.100982,85.113171,2592.839,EXISTING_SCREEN_SINGLE_CANDIDATE
2032,JUNO,3 Juno,CARGO_DELIVERY,20,2032-01-15T00:00:00Z,2036-01-14T00:00:00Z,1460,9.22568,12.100982,85.113171,8280.25,EXISTING_SCREEN_SINGLE_CANDIDATE
2032,JUNO,3 Juno,CREWED_TRANSPORT,100,2032-01-15T00:00:00Z,2036-01-14T00:00:00Z,1460,9.22568,12.100982,85.113171,40596.977,EXISTING_SCREEN_SINGLE_CANDIDATE
2033,JUNO,3 Juno,FLYBY,1,2033-01-15T00:00:00Z,2034-01-15T00:00:00Z,365,13.801444,6.938364,190.479856,594.267,EXISTING_SCREEN_SINGLE_CANDIDATE
2033,JUNO,3 Juno,ORBITAL_RECON,2,2033-01-15T00:00:00Z,2034-01-15T00:00:00Z,365,13.801444,6.938364,190.479856,891.198,EXISTING_SCREEN_SINGLE_CANDIDATE
2033,JUNO,3 Juno,RENDEZVOUS,2,2033-01-15T00:00:00Z,2034-01-15T00:00:00Z,365,13.801444,6.938364,190.479856,891.198,EXISTING_SCREEN_SINGLE_CANDIDATE
2033,JUNO,3 Juno,LANDING_PROSPECTING,5,2033-01-15T00:00:00Z,2034-01-15T00:00:00Z,365,13.801444,6.938364,190.479856,1561.594,EXISTING_SCREEN_SINGLE_CANDIDATE
2033,JUNO,3 Juno,CARGO_DELIVERY,20,2033-01-15T00:00:00Z,2034-01-15T00:00:00Z,365,13.801444,6.938364,190.479856,3230.902,EXISTING_SCREEN_SINGLE_CANDIDATE
2033,JUNO,3 Juno,CREWED_TRANSPORT,100,2033-01-15T00:00:00Z,2034-01-15T00:00:00Z,365,13.801444,6.938364,190.479856,15097.356,EXISTING_SCREEN_SINGLE_CANDIDATE
2034,JUNO,3 Juno,FLYBY,1,2034-01-15T00:00:00Z,2036-01-15T00:00:00Z,730,9.368475,8.869804,87.768324,562.62,EXISTING_SCREEN_SINGLE_CANDIDATE
2034,JUNO,3 Juno,ORBITAL_RECON,2,2034-01-15T00:00:00Z,2036-01-15T00:00:00Z,730,9.368475,8.869804,87.768324,959.753,EXISTING_SCREEN_SINGLE_CANDIDATE
2034,JUNO,3 Juno,RENDEZVOUS,2,2034-01-15T00:00:00Z,2036-01-15T00:00:00Z,730,9.368475,8.869804,87.768324,959.753,EXISTING_SCREEN_SINGLE_CANDIDATE
2034,JUNO,3 Juno,LANDING_PROSPECTING,5,2034-01-15T00:00:00Z,2036-01-15T00:00:00Z,730,9.368475,8.869804,87.768324,1780.453,EXISTING_SCREEN_SINGLE_CANDIDATE
2034,JUNO,3 Juno,CARGO_DELIVERY,20,2034-01-15T00:00:00Z,2036-01-15T00:00:00Z,730,9.368475,8.869804,87.768324,4451.788,EXISTING_SCREEN_SINGLE_CANDIDATE
2034,JUNO,3 Juno,CREWED_TRANSPORT,100,2034-01-15T00:00:00Z,2036-01-15T00:00:00Z,730,9.368475,8.869804,87.768324,21448.295,EXISTING_SCREEN_SINGLE_CANDIDATE
2035,JUNO,3 Juno,FLYBY,1,2035-07-15T00:00:00Z,2037-07-14T00:00:00Z,730,12.265923,10.2484,150.452867,600.231,EXISTING_SCREEN_SINGLE_CANDIDATE
2035,JUNO,3 Juno,ORBITAL_RECON,2,2035-07-15T00:00:00Z,2037-07-14T00:00:00Z,730,12.265923,10.2484,150.452867,1100.291,EXISTING_SCREEN_SINGLE_CANDIDATE
2035,JUNO,3 Juno,RENDEZVOUS,2,2035-07-15T00:00:00Z,2037-07-14T00:00:00Z,730,12.265923,10.2484,150.452867,1100.291,EXISTING_SCREEN_SINGLE_CANDIDATE
2035,JUNO,3 Juno,LANDING_PROSPECTING,5,2035-07-15T00:00:00Z,2037-07-14T00:00:00Z,730,12.265923,10.2484,150.452867,2075.382,EXISTING_SCREEN_SINGLE_CANDIDATE
2035,JUNO,3 Juno,CARGO_DELIVERY,20,2035-07-15T00:00:00Z,2037-07-14T00:00:00Z,730,12.265923,10.2484,150.452867,5775.986,EXISTING_SCREEN_SINGLE_CANDIDATE
2035,JUNO,3 Juno,CREWED_TRANSPORT,100,2035-07-15T00:00:00Z,2037-07-14T00:00:00Z,730,12.265923,10.2484,150.452867,27918.843,EXISTING_SCREEN_SINGLE_CANDIDATE
2026,KERBEROS,Kerberos,FLYBY,1,2026-03-15T00:00:00Z,2034-03-13T00:00:00Z,2920,18.700014,19.42805,349.690511,1799.65,REFINED_GROUPED_LAMBERT_GRID
2026,KERBEROS,Kerberos,ORBITAL_RECON,2,2026-04-15T00:00:00Z,2034-04-13T00:00:00Z,2920,18.743758,19.267148,351.328468,4804.844,REFINED_GROUPED_LAMBERT_GRID
2026,KERBEROS,Kerberos,RENDEZVOUS,2,2026-04-15T00:00:00Z,2034-04-13T00:00:00Z,2920,18.743758,19.267148,351.328468,4804.844,REFINED_GROUPED_LAMBERT_GRID
2026,KERBEROS,Kerberos,LANDING_PROSPECTING,5,2026-05-15T00:00:00Z,2034-05-13T00:00:00Z,2920,25.7109,19.091694,661.05037,9445.311,REFINED_GROUPED_LAMBERT_GRID
2026,KERBEROS,Kerberos,CARGO_DELIVERY,20,2026-06-15T00:00:00Z,2034-06-13T00:00:00Z,2920,35.878406,18.948516,1287.26003,36366.786,REFINED_GROUPED_LAMBERT_GRID
2026,KERBEROS,Kerberos,CREWED_TRANSPORT,100,2026-07-15T00:00:00Z,2034-07-13T00:00:00Z,2920,46.217653,18.903601,2136.071435,175180.103,REFINED_GROUPED_LAMBERT_GRID
2027,KERBEROS,Kerberos,FLYBY,1,2027-04-15T00:00:00Z,2035-04-13T00:00:00Z,2920,18.651921,19.444118,347.894161,1798.572,REFINED_GROUPED_LAMBERT_GRID
2027,KERBEROS,Kerberos,ORBITAL_RECON,2,2027-04-15T00:00:00Z,2035-04-13T00:00:00Z,2920,18.651921,19.444118,347.894161,4918.871,REFINED_GROUPED_LAMBERT_GRID
2027,KERBEROS,Kerberos,RENDEZVOUS,2,2027-04-15T00:00:00Z,2035-04-13T00:00:00Z,2920,18.651921,19.444118,347.894161,4918.871,REFINED_GROUPED_LAMBERT_GRID
2027,KERBEROS,Kerberos,LANDING_PROSPECTING,5,2027-05-15T00:00:00Z,2035-05-13T00:00:00Z,2920,25.256033,19.267514,637.867201,9708.673,REFINED_GROUPED_LAMBERT_GRID
2027,KERBEROS,Kerberos,CARGO_DELIVERY,20,2027-06-15T00:00:00Z,2035-06-13T00:00:00Z,2920,35.30773,19.118814,1246.635766,37642.368,REFINED_GROUPED_LAMBERT_GRID
2027,KERBEROS,Kerberos,CREWED_TRANSPORT,100,2027-07-15T00:00:00Z,2035-07-13T00:00:00Z,2920,45.659736,19.065028,2084.811533,181243.331,REFINED_GROUPED_LAMBERT_GRID
2028,KERBEROS,Kerberos,FLYBY,1,2028-04-15T00:00:00Z,2036-04-13T00:00:00Z,2920,18.682373,19.612048,349.031073,1799.254,REFINED_GROUPED_LAMBERT_GRID
2028,KERBEROS,Kerberos,ORBITAL_RECON,2,2028-04-15T00:00:00Z,2036-04-13T00:00:00Z,2920,18.682373,19.612048,349.031073,5034.013,REFINED_GROUPED_LAMBERT_GRID
2028,KERBEROS,Kerberos,RENDEZVOUS,2,2028-04-15T00:00:00Z,2036-04-13T00:00:00Z,2920,18.682373,19.612048,349.031073,5034.013,REFINED_GROUPED_LAMBERT_GRID
2028,KERBEROS,Kerberos,LANDING_PROSPECTING,5,2028-05-15T00:00:00Z,2036-05-13T00:00:00Z,2920,25.065358,19.434353,628.272175,9976.232,REFINED_GROUPED_LAMBERT_GRID
2028,KERBEROS,Kerberos,CARGO_DELIVERY,20,2028-06-15T00:00:00Z,2036-06-13T00:00:00Z,2920,35.058991,19.282445,1229.132843,38928.142,REFINED_GROUPED_LAMBERT_GRID
2028,KERBEROS,Kerberos,CREWED_TRANSPORT,100,2028-07-15T00:00:00Z,2036-07-13T00:00:00Z,2920,45.431537,19.223856,2064.024592,187443.922,REFINED_GROUPED_LAMBERT_GRID
2029,KERBEROS,Kerberos,FLYBY,1,2029-04-15T00:00:00Z,2037-04-13T00:00:00Z,2920,18.631659,19.783275,347.138722,1798.119,REFINED_GROUPED_LAMBERT_GRID
2029,KERBEROS,Kerberos,ORBITAL_RECON,2,2029-04-15T00:00:00Z,2037-04-13T00:00:00Z,2920,18.631659,19.783275,347.138722,5154.067,REFINED_GROUPED_LAMBERT_GRID
2029,KERBEROS,Kerberos,RENDEZVOUS,2,2029-04-15T00:00:00Z,2037-04-13T00:00:00Z,2920,18.631659,19.783275,347.138722,5154.067,REFINED_GROUPED_LAMBERT_GRID
2029,KERBEROS,Kerberos,LANDING_PROSPECTING,5,2029-05-15T00:00:00Z,2037-05-13T00:00:00Z,2920,24.632358,19.604901,606.753041,10253.387,REFINED_GROUPED_LAMBERT_GRID
2029,KERBEROS,Kerberos,CARGO_DELIVERY,20,2029-07-15T00:00:00Z,2037-07-13T00:00:00Z,2920,44.903067,19.381172,2016.285416,40205.655,REFINED_GROUPED_LAMBERT_GRID
2029,KERBEROS,Kerberos,CREWED_TRANSPORT,100,2029-07-15T00:00:00Z,2037-07-13T00:00:00Z,2920,44.903067,19.381172,2016.285416,193789.188,REFINED_GROUPED_LAMBERT_GRID
2030,KERBEROS,Kerberos,FLYBY,1,2030-04-15T00:00:00Z,2038-04-13T00:00:00Z,2920,18.652442,19.953097,347.913602,1798.584,REFINED_GROUPED_LAMBERT_GRID
2030,KERBEROS,Kerberos,ORBITAL_RECON,2,2030-04-15T00:00:00Z,2038-04-13T00:00:00Z,2920,18.652442,19.953097,347.913602,5279.369,REFINED_GROUPED_LAMBERT_GRID
2030,KERBEROS,Kerberos,RENDEZVOUS,2,2030-04-15T00:00:00Z,2038-04-13T00:00:00Z,2920,18.652442,19.953097,347.913602,5279.369,REFINED_GROUPED_LAMBERT_GRID
2030,KERBEROS,Kerberos,LANDING_PROSPECTING,5,2030-05-15T00:00:00Z,2038-05-13T00:00:00Z,2920,24.23131,19.77458,587.156381,10541.336,REFINED_GROUPED_LAMBERT_GRID
2030,KERBEROS,Kerberos,CARGO_DELIVERY,20,2030-07-15T00:00:00Z,2038-07-13T00:00:00Z,2920,44.344675,19.539145,1966.450214,41501.5,REFINED_GROUPED_LAMBERT_GRID
2030,KERBEROS,Kerberos,CREWED_TRANSPORT,100,2030-07-15T00:00:00Z,2038-07-13T00:00:00Z,2920,44.344675,19.539145,1966.450214,200388.021,REFINED_GROUPED_LAMBERT_GRID
2031,KERBEROS,Kerberos,FLYBY,1,2031-04-15T00:00:00Z,2039-04-13T00:00:00Z,2920,18.680363,20.123687,348.955976,1799.209,REFINED_GROUPED_LAMBERT_GRID
2031,KERBEROS,Kerberos,ORBITAL_RECON,2,2031-05-15T00:00:00Z,2039-05-13T00:00:00Z,2920,23.817041,19.945191,567.251449,5405.055,REFINED_GROUPED_LAMBERT_GRID
2031,KERBEROS,Kerberos,RENDEZVOUS,2,2031-05-15T00:00:00Z,2039-05-13T00:00:00Z,2920,23.817041,19.945191,567.251449,5405.055,REFINED_GROUPED_LAMBERT_GRID
2031,KERBEROS,Kerberos,LANDING_PROSPECTING,5,2031-05-15T00:00:00Z,2039-05-13T00:00:00Z,2920,23.817041,19.945191,567.251449,10842.357,REFINED_GROUPED_LAMBERT_GRID
2031,KERBEROS,Kerberos,CARGO_DELIVERY,20,2031-07-15T00:00:00Z,2039-07-13T00:00:00Z,2920,43.7967,19.698625,1918.150964,42858.964,REFINED_GROUPED_LAMBERT_GRID
2031,KERBEROS,Kerberos,CREWED_TRANSPORT,100,2031-07-15T00:00:00Z,2039-07-13T00:00:00Z,2920,43.7967,19.698625,1918.150964,207291.258,REFINED_GROUPED_LAMBERT_GRID
2032,KERBEROS,Kerberos,FLYBY,1,2032-04-15T00:00:00Z,2040-04-13T00:00:00Z,2920,18.808438,20.290137,353.757327,1802.09,REFINED_GROUPED_LAMBERT_GRID
2032,KERBEROS,Kerberos,ORBITAL_RECON,2,2032-05-15T00:00:00Z,2040-05-13T00:00:00Z,2920,23.721643,20.111763,562.716368,5529.222,REFINED_GROUPED_LAMBERT_GRID
2032,KERBEROS,Kerberos,RENDEZVOUS,2,2032-05-15T00:00:00Z,2040-05-13T00:00:00Z,2920,23.721643,20.111763,562.716368,5529.222,REFINED_GROUPED_LAMBERT_GRID
2032,KERBEROS,Kerberos,LANDING_PROSPECTING,5,2032-05-15T00:00:00Z,2040-05-13T00:00:00Z,2920,23.721643,20.111763,562.716368,11156.857,REFINED_GROUPED_LAMBERT_GRID
2032,KERBEROS,Kerberos,CARGO_DELIVERY,20,2032-07-15T00:00:00Z,2040-07-13T00:00:00Z,2920,43.622464,19.859823,1902.919385,44302.038,REFINED_GROUPED_LAMBERT_GRID
2032,KERBEROS,Kerberos,CREWED_TRANSPORT,100,2032-07-15T00:00:00Z,2040-07-13T00:00:00Z,2920,43.622464,19.859823,1902.919385,214543.185,REFINED_GROUPED_LAMBERT_GRID
2033,KERBEROS,Kerberos,FLYBY,1,2033-04-15T00:00:00Z,2041-04-13T00:00:00Z,2920,18.928861,20.464146,358.301789,1804.817,REFINED_GROUPED_LAMBERT_GRID
2033,KERBEROS,Kerberos,ORBITAL_RECON,2,2033-05-15T00:00:00Z,2041-05-13T00:00:00Z,2920,23.369325,20.286381,546.125331,5657.424,REFINED_GROUPED_LAMBERT_GRID
2033,KERBEROS,Kerberos,RENDEZVOUS,2,2033-05-15T00:00:00Z,2041-05-13T00:00:00Z,2920,23.369325,20.286381,546.125331,5657.424,REFINED_GROUPED_LAMBERT_GRID
2033,KERBEROS,Kerberos,LANDING_PROSPECTING,5,2033-06-15T00:00:00Z,2041-06-13T00:00:00Z,2920,32.69074,20.116495,1068.684459,11469.621,REFINED_GROUPED_LAMBERT_GRID
2033,KERBEROS,Kerberos,CARGO_DELIVERY,20,2033-07-15T00:00:00Z,2041-07-13T00:00:00Z,2920,43.067994,20.024928,1854.852069,45815.529,REFINED_GROUPED_LAMBERT_GRID
2033,KERBEROS,Kerberos,CREWED_TRANSPORT,100,2033-07-15T00:00:00Z,2041-07-13T00:00:00Z,2920,43.067994,20.024928,1854.852069,222226.002,REFINED_GROUPED_LAMBERT_GRID
2034,KERBEROS,Kerberos,FLYBY,1,2034-04-15T00:00:00Z,2042-04-13T00:00:00Z,2920,19.059345,20.640658,363.258649,1807.791,REFINED_GROUPED_LAMBERT_GRID
2034,KERBEROS,Kerberos,ORBITAL_RECON,2,2034-05-15T00:00:00Z,2042-05-13T00:00:00Z,2920,23.024141,20.463631,530.111076,5793.647,REFINED_GROUPED_LAMBERT_GRID
2034,KERBEROS,Kerberos,RENDEZVOUS,2,2034-05-15T00:00:00Z,2042-05-13T00:00:00Z,2920,23.024141,20.463631,530.111076,5793.647,REFINED_GROUPED_LAMBERT_GRID
2034,KERBEROS,Kerberos,LANDING_PROSPECTING,5,2034-06-15T00:00:00Z,2042-06-13T00:00:00Z,2920,32.172597,20.290726,1035.076005,11794.432,REFINED_GROUPED_LAMBERT_GRID
2034,KERBEROS,Kerberos,CARGO_DELIVERY,20,2034-07-15T00:00:00Z,2042-07-13T00:00:00Z,2920,42.542829,20.192743,1809.892313,47415.29,REFINED_GROUPED_LAMBERT_GRID
2034,KERBEROS,Kerberos,CREWED_TRANSPORT,100,2034-07-15T00:00:00Z,2042-07-13T00:00:00Z,2920,42.542829,20.192743,1809.892313,230332.709,REFINED_GROUPED_LAMBERT_GRID
2035,KERBEROS,Kerberos,FLYBY,1,2035-04-15T00:00:00Z,2043-04-13T00:00:00Z,2920,19.255864,20.818905,370.788305,1812.309,REFINED_GROUPED_LAMBERT_GRID
2035,KERBEROS,Kerberos,ORBITAL_RECON,2,2035-05-15T00:00:00Z,2043-05-13T00:00:00Z,2920,22.743146,20.643029,517.250673,5939.497,REFINED_GROUPED_LAMBERT_GRID
2035,KERBEROS,Kerberos,RENDEZVOUS,2,2035-05-15T00:00:00Z,2043-05-13T00:00:00Z,2920,22.743146,20.643029,517.250673,5939.497,REFINED_GROUPED_LAMBERT_GRID
2035,KERBEROS,Kerberos,LANDING_PROSPECTING,5,2035-06-15T00:00:00Z,2043-06-13T00:00:00Z,2920,31.68506,20.467646,1003.943021,12139.991,REFINED_GROUPED_LAMBERT_GRID
2035,KERBEROS,Kerberos,CARGO_DELIVERY,20,2035-07-15T00:00:00Z,2043-07-13T00:00:00Z,2920,42.021215,20.363589,1765.782504,49108.438,REFINED_GROUPED_LAMBERT_GRID
2035,KERBEROS,Kerberos,CREWED_TRANSPORT,100,2035-07-15T00:00:00Z,2043-07-13T00:00:00Z,2920,42.021215,20.363589,1765.782504,238904.314,REFINED_GROUPED_LAMBERT_GRID
2026,KLEOPATRA,216 Kleopatra,FLYBY,1,2026-04-15T00:00:00Z,2027-04-15T00:00:00Z,365,12.942989,6.813072,167.520964,580.492,REFINED_GROUPED_LAMBERT_GRID
2026,KLEOPATRA,216 Kleopatra,ORBITAL_RECON,2,2026-04-15T00:00:00Z,2027-04-15T00:00:00Z,365,12.942989,6.813072,167.520964,872.29,REFINED_GROUPED_LAMBERT_GRID
2026,KLEOPATRA,216 Kleopatra,RENDEZVOUS,2,2026-04-15T00:00:00Z,2027-04-15T00:00:00Z,365,12.942989,6.813072,167.520964,872.29,REFINED_GROUPED_LAMBERT_GRID
2026,KLEOPATRA,216 Kleopatra,LANDING_PROSPECTING,5,2026-04-15T00:00:00Z,2027-04-15T00:00:00Z,365,12.942989,6.813072,167.520964,1534.987,REFINED_GROUPED_LAMBERT_GRID
2026,KLEOPATRA,216 Kleopatra,CARGO_DELIVERY,20,2026-04-15T00:00:00Z,2027-04-15T00:00:00Z,365,12.942989,6.813072,167.520964,3152.965,REFINED_GROUPED_LAMBERT_GRID
2026,KLEOPATRA,216 Kleopatra,CREWED_TRANSPORT,100,2026-04-15T00:00:00Z,2027-04-15T00:00:00Z,365,12.942989,6.813072,167.520964,14762.776,REFINED_GROUPED_LAMBERT_GRID
2027,KLEOPATRA,216 Kleopatra,FLYBY,1,2027-08-15T00:00:00Z,2028-02-11T00:00:00Z,180,10.746959,12.137071,115.497118,534.083,REFINED_GROUPED_LAMBERT_GRID
2027,KLEOPATRA,216 Kleopatra,ORBITAL_RECON,2,2027-10-15T00:00:00Z,2028-10-14T00:00:00Z,365,14.123409,5.093627,199.470686,833.726,REFINED_GROUPED_LAMBERT_GRID
2027,KLEOPATRA,216 Kleopatra,RENDEZVOUS,2,2027-10-15T00:00:00Z,2028-10-14T00:00:00Z,365,14.123409,5.093627,199.470686,833.726,REFINED_GROUPED_LAMBERT_GRID
2027,KLEOPATRA,216 Kleopatra,LANDING_PROSPECTING,5,2027-10-15T00:00:00Z,2028-10-14T00:00:00Z,365,14.123409,5.093627,199.470686,1409.822,REFINED_GROUPED_LAMBERT_GRID
2027,KLEOPATRA,216 Kleopatra,CARGO_DELIVERY,20,2027-10-15T00:00:00Z,2028-10-14T00:00:00Z,365,14.123409,5.093627,199.470686,2450.46,REFINED_GROUPED_LAMBERT_GRID
2027,KLEOPATRA,216 Kleopatra,CREWED_TRANSPORT,100,2027-10-15T00:00:00Z,2028-10-14T00:00:00Z,365,14.123409,5.093627,199.470686,11173.572,REFINED_GROUPED_LAMBERT_GRID
2028,KLEOPATRA,216 Kleopatra,FLYBY,1,2028-11-15T00:00:00Z,2029-11-15T00:00:00Z,365,9.126933,9.112483,83.300911,529.96,REFINED_GROUPED_LAMBERT_GRID
2028,KLEOPATRA,216 Kleopatra,ORBITAL_RECON,2,2028-10-15T00:00:00Z,2030-10-15T00:00:00Z,730,11.50271,3.867096,132.312339,793.812,REFINED_GROUPED_LAMBERT_GRID
2028,KLEOPATRA,216 Kleopatra,RENDEZVOUS,2,2028-10-15T00:00:00Z,2030-10-15T00:00:00Z,730,11.50271,3.867096,132.312339,793.812,REFINED_GROUPED_LAMBERT_GRID
2028,KLEOPATRA,216 Kleopatra,LANDING_PROSPECTING,5,2028-10-15T00:00:00Z,2030-10-15T00:00:00Z,730,11.50271,3.867096,132.312339,1325.51,REFINED_GROUPED_LAMBERT_GRID
2028,KLEOPATRA,216 Kleopatra,CARGO_DELIVERY,20,2028-10-15T00:00:00Z,2030-10-15T00:00:00Z,730,11.50271,3.867096,132.312339,2070.164,REFINED_GROUPED_LAMBERT_GRID
2028,KLEOPATRA,216 Kleopatra,CREWED_TRANSPORT,100,2028-10-15T00:00:00Z,2030-10-15T00:00:00Z,730,11.50271,3.867096,132.312339,9433.273,REFINED_GROUPED_LAMBERT_GRID
2029,KLEOPATRA,216 Kleopatra,FLYBY,1,2029-12-15T00:00:00Z,2031-12-15T00:00:00Z,730,11.449535,7.617143,131.091859,588.614,REFINED_GROUPED_LAMBERT_GRID
2029,KLEOPATRA,216 Kleopatra,ORBITAL_RECON,2,2029-12-15T00:00:00Z,2031-12-15T00:00:00Z,730,11.449535,7.617143,131.091859,915.979,REFINED_GROUPED_LAMBERT_GRID
2029,KLEOPATRA,216 Kleopatra,RENDEZVOUS,2,2029-12-15T00:00:00Z,2031-12-15T00:00:00Z,730,11.449535,7.617143,131.091859,915.979,REFINED_GROUPED_LAMBERT_GRID
2029,KLEOPATRA,216 Kleopatra,LANDING_PROSPECTING,5,2029-12-15T00:00:00Z,2031-12-15T00:00:00Z,730,11.449535,7.617143,131.091859,1632.026,REFINED_GROUPED_LAMBERT_GRID
2029,KLEOPATRA,216 Kleopatra,CARGO_DELIVERY,20,2029-02-15T00:00:00Z,2031-02-15T00:00:00Z,730,19.70986,7.042608,388.478572,3434.441,REFINED_GROUPED_LAMBERT_GRID
2029,KLEOPATRA,216 Kleopatra,CREWED_TRANSPORT,100,2029-02-15T00:00:00Z,2031-02-15T00:00:00Z,730,19.70986,7.042608,388.478572,15639.855,REFINED_GROUPED_LAMBERT_GRID
2030,KLEOPATRA,216 Kleopatra,FLYBY,1,2030-01-15T00:00:00Z,2032-01-15T00:00:00Z,730,9.719477,8.802333,94.468236,566.64,REFINED_GROUPED_LAMBERT_GRID
2030,KLEOPATRA,216 Kleopatra,ORBITAL_RECON,2,2030-01-15T00:00:00Z,2032-01-15T00:00:00Z,730,9.719477,8.802333,94.468236,959.5,REFINED_GROUPED_LAMBERT_GRID
2030,KLEOPATRA,216 Kleopatra,RENDEZVOUS,2,2030-01-15T00:00:00Z,2032-01-15T00:00:00Z,730,9.719477,8.802333,94.468236,959.5,REFINED_GROUPED_LAMBERT_GRID
2030,KLEOPATRA,216 Kleopatra,LANDING_PROSPECTING,5,2030-01-15T00:00:00Z,2032-01-15T00:00:00Z,730,9.719477,8.802333,94.468236,1773.791,REFINED_GROUPED_LAMBERT_GRID
2030,KLEOPATRA,216 Kleopatra,CARGO_DELIVERY,20,2030-03-15T00:00:00Z,2031-03-15T00:00:00Z,365,17.046348,8.323471,290.577985,4133.156,REFINED_GROUPED_LAMBERT_GRID
2030,KLEOPATRA,216 Kleopatra,CREWED_TRANSPORT,100,2030-04-15T00:00:00Z,2031-04-15T00:00:00Z,365,23.586417,8.258953,556.319057,19301.584,REFINED_GROUPED_LAMBERT_GRID
2031,KLEOPATRA,216 Kleopatra,FLYBY,1,2031-05-15T00:00:00Z,2032-05-14T00:00:00Z,365,7.502586,7.480756,56.288792,513.753,REFINED_GROUPED_LAMBERT_GRID
2031,KLEOPATRA,216 Kleopatra,ORBITAL_RECON,2,2031-05-15T00:00:00Z,2032-05-14T00:00:00Z,365,7.502586,7.480756,56.288792,834.629,REFINED_GROUPED_LAMBERT_GRID
2031,KLEOPATRA,216 Kleopatra,RENDEZVOUS,2,2031-05-15T00:00:00Z,2032-05-14T00:00:00Z,365,7.502586,7.480756,56.288792,834.629,REFINED_GROUPED_LAMBERT_GRID
2031,KLEOPATRA,216 Kleopatra,LANDING_PROSPECTING,5,2031-05-15T00:00:00Z,2032-05-14T00:00:00Z,365,7.502586,7.480756,56.288792,1540.942,REFINED_GROUPED_LAMBERT_GRID
2031,KLEOPATRA,216 Kleopatra,CARGO_DELIVERY,20,2031-05-15T00:00:00Z,2032-05-14T00:00:00Z,365,7.502586,7.480756,56.288792,3449.701,REFINED_GROUPED_LAMBERT_GRID
2031,KLEOPATRA,216 Kleopatra,CREWED_TRANSPORT,100,2031-05-15T00:00:00Z,2032-05-14T00:00:00Z,365,7.502586,7.480756,56.288792,16513.412,REFINED_GROUPED_LAMBERT_GRID
2032,KLEOPATRA,216 Kleopatra,FLYBY,1,2032-10-15T00:00:00Z,2034-10-15T00:00:00Z,730,7.484252,4.598895,56.014034,543.567,REFINED_GROUPED_LAMBERT_GRID
2032,KLEOPATRA,216 Kleopatra,ORBITAL_RECON,2,2032-10-15T00:00:00Z,2034-10-15T00:00:00Z,730,7.484252,4.598895,56.014034,764.715,REFINED_GROUPED_LAMBERT_GRID
2032,KLEOPATRA,216 Kleopatra,RENDEZVOUS,2,2032-10-15T00:00:00Z,2034-10-15T00:00:00Z,730,7.484252,4.598895,56.014034,764.715,REFINED_GROUPED_LAMBERT_GRID
2032,KLEOPATRA,216 Kleopatra,LANDING_PROSPECTING,5,2032-10-15T00:00:00Z,2034-10-15T00:00:00Z,730,7.484252,4.598895,56.014034,1321.436,REFINED_GROUPED_LAMBERT_GRID
2032,KLEOPATRA,216 Kleopatra,CARGO_DELIVERY,20,2032-11-15T00:00:00Z,2033-11-15T00:00:00Z,365,13.301665,4.448145,176.934293,2229.709,REFINED_GROUPED_LAMBERT_GRID
2032,KLEOPATRA,216 Kleopatra,CREWED_TRANSPORT,100,2032-11-15T00:00:00Z,2033-11-15T00:00:00Z,365,13.301665,4.448145,176.934293,10123.902,REFINED_GROUPED_LAMBERT_GRID
2033,KLEOPATRA,216 Kleopatra,FLYBY,1,2033-12-15T00:00:00Z,2034-12-15T00:00:00Z,365,8.614937,10.345021,74.217146,524.51,REFINED_GROUPED_LAMBERT_GRID
2033,KLEOPATRA,216 Kleopatra,ORBITAL_RECON,2,2033-11-15T00:00:00Z,2035-11-15T00:00:00Z,730,12.638856,4.230469,159.740677,818.213,REFINED_GROUPED_LAMBERT_GRID
2033,KLEOPATRA,216 Kleopatra,RENDEZVOUS,2,2033-11-15T00:00:00Z,2035-11-15T00:00:00Z,730,12.638856,4.230469,159.740677,818.213,REFINED_GROUPED_LAMBERT_GRID
2033,KLEOPATRA,216 Kleopatra,LANDING_PROSPECTING,5,2033-11-15T00:00:00Z,2035-11-15T00:00:00Z,730,12.638856,4.230469,159.740677,1361.828,REFINED_GROUPED_LAMBERT_GRID
2033,KLEOPATRA,216 Kleopatra,CARGO_DELIVERY,20,2033-11-15T00:00:00Z,2035-11-15T00:00:00Z,730,12.638856,4.230469,159.740677,2185.927,REFINED_GROUPED_LAMBERT_GRID
2033,KLEOPATRA,216 Kleopatra,CREWED_TRANSPORT,100,2033-11-15T00:00:00Z,2035-11-15T00:00:00Z,730,12.638856,4.230469,159.740677,9946.259,REFINED_GROUPED_LAMBERT_GRID
2034,KLEOPATRA,216 Kleopatra,FLYBY,1,2034-01-15T00:00:00Z,2035-01-15T00:00:00Z,365,12.060779,9.087264,145.462388,567.257,REFINED_GROUPED_LAMBERT_GRID
2034,KLEOPATRA,216 Kleopatra,ORBITAL_RECON,2,2034-01-15T00:00:00Z,2035-01-15T00:00:00Z,365,12.060779,9.087264,145.462388,978.607,REFINED_GROUPED_LAMBERT_GRID
2034,KLEOPATRA,216 Kleopatra,RENDEZVOUS,2,2034-01-15T00:00:00Z,2035-01-15T00:00:00Z,365,12.060779,9.087264,145.462388,978.607,REFINED_GROUPED_LAMBERT_GRID
2034,KLEOPATRA,216 Kleopatra,LANDING_PROSPECTING,5,2034-02-15T00:00:00Z,2035-02-15T00:00:00Z,365,19.152766,8.13161,366.828432,1809.306,REFINED_GROUPED_LAMBERT_GRID
2034,KLEOPATRA,216 Kleopatra,CARGO_DELIVERY,20,2034-02-15T00:00:00Z,2036-02-15T00:00:00Z,730,19.081806,8.003216,364.115329,3988.89,REFINED_GROUPED_LAMBERT_GRID
2034,KLEOPATRA,216 Kleopatra,CREWED_TRANSPORT,100,2034-02-15T00:00:00Z,2036-02-15T00:00:00Z,730,19.081806,8.003216,364.115329,18470.574,REFINED_GROUPED_LAMBERT_GRID
2035,KLEOPATRA,216 Kleopatra,FLYBY,1,2035-03-15T00:00:00Z,2037-03-14T00:00:00Z,730,6.679824,11.809497,44.620048,536.731,REFINED_GROUPED_LAMBERT_GRID
2035,KLEOPATRA,216 Kleopatra,ORBITAL_RECON,2,2035-03-15T00:00:00Z,2036-03-14T00:00:00Z,365,13.99691,8.31064,195.913479,961.11,REFINED_GROUPED_LAMBERT_GRID
2035,KLEOPATRA,216 Kleopatra,RENDEZVOUS,2,2035-03-15T00:00:00Z,2036-03-14T00:00:00Z,365,13.99691,8.31064,195.913479,961.11,REFINED_GROUPED_LAMBERT_GRID
2035,KLEOPATRA,216 Kleopatra,LANDING_PROSPECTING,5,2035-04-15T00:00:00Z,2036-04-14T00:00:00Z,365,18.118327,7.515843,328.273771,1708.26,REFINED_GROUPED_LAMBERT_GRID
2035,KLEOPATRA,216 Kleopatra,CARGO_DELIVERY,20,2035-04-15T00:00:00Z,2036-04-14T00:00:00Z,365,18.118327,7.515843,328.273771,3633.525,REFINED_GROUPED_LAMBERT_GRID
2035,KLEOPATRA,216 Kleopatra,CREWED_TRANSPORT,100,2035-04-15T00:00:00Z,2036-04-14T00:00:00Z,365,18.118327,7.515843,328.273771,16779.768,REFINED_GROUPED_LAMBERT_GRID
2026,LEUCUS,11351 Leucus,FLYBY,1,2026-01-15T00:00:00Z,2028-01-15T00:00:00Z,730,13.537063,7.804302,183.252075,619.91,EXISTING_SCREEN_SINGLE_CANDIDATE
2026,LEUCUS,11351 Leucus,ORBITAL_RECON,2,2026-01-15T00:00:00Z,2028-01-15T00:00:00Z,730,13.537063,7.804302,183.252075,956.506,EXISTING_SCREEN_SINGLE_CANDIDATE
2026,LEUCUS,11351 Leucus,RENDEZVOUS,2,2026-01-15T00:00:00Z,2028-01-15T00:00:00Z,730,13.537063,7.804302,183.252075,956.506,EXISTING_SCREEN_SINGLE_CANDIDATE
2026,LEUCUS,11351 Leucus,LANDING_PROSPECTING,5,2026-01-15T00:00:00Z,2028-01-15T00:00:00Z,730,13.537063,7.804302,183.252075,1686.4,EXISTING_SCREEN_SINGLE_CANDIDATE
2026,LEUCUS,11351 Leucus,CARGO_DELIVERY,20,2026-01-15T00:00:00Z,2028-01-15T00:00:00Z,730,13.537063,7.804302,183.252075,3752.36,EXISTING_SCREEN_SINGLE_CANDIDATE
2026,LEUCUS,11351 Leucus,CREWED_TRANSPORT,100,2026-01-15T00:00:00Z,2028-01-15T00:00:00Z,730,13.537063,7.804302,183.252075,17721.997,EXISTING_SCREEN_SINGLE_CANDIDATE
2027,LEUCUS,11351 Leucus,FLYBY,1,2027-01-15T00:00:00Z,2029-01-14T00:00:00Z,730,10.204001,8.521645,104.121636,572.432,EXISTING_SCREEN_SINGLE_CANDIDATE
2027,LEUCUS,11351 Leucus,ORBITAL_RECON,2,2027-01-15T00:00:00Z,2029-01-14T00:00:00Z,730,10.204001,8.521645,104.121636,948.188,EXISTING_SCREEN_SINGLE_CANDIDATE
2027,LEUCUS,11351 Leucus,RENDEZVOUS,2,2027-01-15T00:00:00Z,2029-01-14T00:00:00Z,730,10.204001,8.521645,104.121636,948.188,EXISTING_SCREEN_SINGLE_CANDIDATE
2027,LEUCUS,11351 Leucus,LANDING_PROSPECTING,5,2027-01-15T00:00:00Z,2029-01-14T00:00:00Z,730,10.204001,8.521645,104.121636,1736.822,EXISTING_SCREEN_SINGLE_CANDIDATE
2027,LEUCUS,11351 Leucus,CARGO_DELIVERY,20,2027-01-15T00:00:00Z,2029-01-14T00:00:00Z,730,10.204001,8.521645,104.121636,4194.381,EXISTING_SCREEN_SINGLE_CANDIDATE
2027,LEUCUS,11351 Leucus,CREWED_TRANSPORT,100,2027-01-15T00:00:00Z,2029-01-14T00:00:00Z,730,10.204001,8.521645,104.121636,20122.013,EXISTING_SCREEN_SINGLE_CANDIDATE
2028,LEUCUS,11351 Leucus,FLYBY,1,2028-01-15T00:00:00Z,2032-01-14T00:00:00Z,1460,16.070179,7.470494,258.250653,724.868,EXISTING_SCREEN_SINGLE_CANDIDATE
2028,LEUCUS,11351 Leucus,ORBITAL_RECON,2,2028-01-15T00:00:00Z,2032-01-14T00:00:00Z,1460,16.070179,7.470494,258.250653,1045.264,EXISTING_SCREEN_SINGLE_CANDIDATE
2028,LEUCUS,11351 Leucus,RENDEZVOUS,2,2028-01-15T00:00:00Z,2032-01-14T00:00:00Z,1460,16.070179,7.470494,258.250653,1045.264,EXISTING_SCREEN_SINGLE_CANDIDATE
2028,LEUCUS,11351 Leucus,LANDING_PROSPECTING,5,2028-01-15T00:00:00Z,2032-01-14T00:00:00Z,1460,16.070179,7.470494,258.250653,1750.857,EXISTING_SCREEN_SINGLE_CANDIDATE
2028,LEUCUS,11351 Leucus,CARGO_DELIVERY,20,2028-01-15T00:00:00Z,2032-01-14T00:00:00Z,1460,16.070179,7.470494,258.250653,3654.812,EXISTING_SCREEN_SINGLE_CANDIDATE
2028,LEUCUS,11351 Leucus,CREWED_TRANSPORT,100,2028-01-15T00:00:00Z,2032-01-14T00:00:00Z,1460,16.070179,7.470494,258.250653,17054.26,EXISTING_SCREEN_SINGLE_CANDIDATE
2029,LEUCUS,11351 Leucus,FLYBY,1,2029-07-15T00:00:00Z,2037-07-13T00:00:00Z,2920,14.455561,11.105358,208.963244,815.214,EXISTING_SCREEN_SINGLE_CANDIDATE
2029,LEUCUS,11351 Leucus,ORBITAL_RECON,2,2029-07-15T00:00:00Z,2037-07-13T00:00:00Z,2920,14.455561,11.105358,208.963244,1397.099,EXISTING_SCREEN_SINGLE_CANDIDATE
2029,LEUCUS,11351 Leucus,RENDEZVOUS,2,2029-07-15T00:00:00Z,2037-07-13T00:00:00Z,2920,14.455561,11.105358,208.963244,1397.099,EXISTING_SCREEN_SINGLE_CANDIDATE
2029,LEUCUS,11351 Leucus,LANDING_PROSPECTING,5,2029-07-15T00:00:00Z,2037-07-13T00:00:00Z,2920,14.455561,11.105358,208.963244,2494.928,EXISTING_SCREEN_SINGLE_CANDIDATE
2029,LEUCUS,11351 Leucus,CARGO_DELIVERY,20,2029-07-15T00:00:00Z,2037-07-13T00:00:00Z,2920,14.455561,11.105358,208.963244,7013.785,EXISTING_SCREEN_SINGLE_CANDIDATE
2029,LEUCUS,11351 Leucus,CREWED_TRANSPORT,100,2029-07-15T00:00:00Z,2037-07-13T00:00:00Z,2920,14.455561,11.105358,208.963244,33967.413,EXISTING_SCREEN_SINGLE_CANDIDATE
2030,LEUCUS,11351 Leucus,FLYBY,1,2030-07-15T00:00:00Z,2034-07-14T00:00:00Z,1460,16.590292,9.030613,275.237789,735.061,EXISTING_SCREEN_SINGLE_CANDIDATE
2030,LEUCUS,11351 Leucus,ORBITAL_RECON,2,2030-07-15T00:00:00Z,2034-07-14T00:00:00Z,1460,16.590292,9.030613,275.237789,1142.64,EXISTING_SCREEN_SINGLE_CANDIDATE
2030,LEUCUS,11351 Leucus,RENDEZVOUS,2,2030-07-15T00:00:00Z,2034-07-14T00:00:00Z,1460,16.590292,9.030613,275.237789,1142.64,EXISTING_SCREEN_SINGLE_CANDIDATE
2030,LEUCUS,11351 Leucus,LANDING_PROSPECTING,5,2030-07-15T00:00:00Z,2034-07-14T00:00:00Z,1460,16.590292,9.030613,275.237789,1979.01,EXISTING_SCREEN_SINGLE_CANDIDATE
2030,LEUCUS,11351 Leucus,CARGO_DELIVERY,20,2030-07-15T00:00:00Z,2034-07-14T00:00:00Z,1460,16.590292,9.030613,275.237789,4754.808,EXISTING_SCREEN_SINGLE_CANDIDATE
2030,LEUCUS,11351 Leucus,CREWED_TRANSPORT,100,2030-07-15T00:00:00Z,2034-07-14T00:00:00Z,1460,16.590292,9.030613,275.237789,22513.468,EXISTING_SCREEN_SINGLE_CANDIDATE
2031,LEUCUS,11351 Leucus,FLYBY,1,2031-07-15T00:00:00Z,2033-07-14T00:00:00Z,730,18.356032,7.353683,336.943911,712.125,EXISTING_SCREEN_SINGLE_CANDIDATE
2031,LEUCUS,11351 Leucus,ORBITAL_RECON,2,2031-07-15T00:00:00Z,2033-07-14T00:00:00Z,730,18.356032,7.353683,336.943911,1027.13,EXISTING_SCREEN_SINGLE_CANDIDATE
2031,LEUCUS,11351 Leucus,RENDEZVOUS,2,2031-07-15T00:00:00Z,2033-07-14T00:00:00Z,730,18.356032,7.353683,336.943911,1027.13,EXISTING_SCREEN_SINGLE_CANDIDATE
2031,LEUCUS,11351 Leucus,LANDING_PROSPECTING,5,2031-07-15T00:00:00Z,2033-07-14T00:00:00Z,730,18.356032,7.353683,336.943911,1724.636,EXISTING_SCREEN_SINGLE_CANDIDATE
2031,LEUCUS,11351 Leucus,CARGO_DELIVERY,20,2031-07-15T00:00:00Z,2033-07-14T00:00:00Z,730,18.356032,7.353683,336.943911,3574.68,EXISTING_SCREEN_SINGLE_CANDIDATE
2031,LEUCUS,11351 Leucus,CREWED_TRANSPORT,100,2031-07-15T00:00:00Z,2033-07-14T00:00:00Z,730,18.356032,7.353683,336.943911,16464.733,EXISTING_SCREEN_SINGLE_CANDIDATE
2032,LEUCUS,11351 Leucus,FLYBY,1,2032-07-15T00:00:00Z,2034-07-15T00:00:00Z,730,11.15008,7.092508,124.324284,584.554,EXISTING_SCREEN_SINGLE_CANDIDATE
2032,LEUCUS,11351 Leucus,ORBITAL_RECON,2,2032-07-15T00:00:00Z,2034-07-15T00:00:00Z,730,11.15008,7.092508,124.324284,887.998,EXISTING_SCREEN_SINGLE_CANDIDATE
2032,LEUCUS,11351 Leucus,RENDEZVOUS,2,2032-07-15T00:00:00Z,2034-07-15T00:00:00Z,730,11.15008,7.092508,124.324284,887.998,EXISTING_SCREEN_SINGLE_CANDIDATE
2032,LEUCUS,11351 Leucus,LANDING_PROSPECTING,5,2032-07-15T00:00:00Z,2034-07-15T00:00:00Z,730,11.15008,7.092508,124.324284,1568.166,EXISTING_SCREEN_SINGLE_CANDIDATE
2032,LEUCUS,11351 Leucus,CARGO_DELIVERY,20,2032-07-15T00:00:00Z,2034-07-15T00:00:00Z,730,11.15008,7.092508,124.324284,3302.614,EXISTING_SCREEN_SINGLE_CANDIDATE
2032,LEUCUS,11351 Leucus,CREWED_TRANSPORT,100,2032-07-15T00:00:00Z,2034-07-15T00:00:00Z,730,11.15008,7.092508,124.324284,15614.691,EXISTING_SCREEN_SINGLE_CANDIDATE
2033,LEUCUS,11351 Leucus,FLYBY,1,2033-07-15T00:00:00Z,2037-07-14T00:00:00Z,1460,15.917276,7.431449,253.359675,721.934,EXISTING_SCREEN_SINGLE_CANDIDATE
2033,LEUCUS,11351 Leucus,ORBITAL_RECON,2,2033-07-15T00:00:00Z,2037-07-14T00:00:00Z,1460,15.917276,7.431449,253.359675,1040.512,EXISTING_SCREEN_SINGLE_CANDIDATE
2033,LEUCUS,11351 Leucus,RENDEZVOUS,2,2033-07-15T00:00:00Z,2037-07-14T00:00:00Z,1460,15.917276,7.431449,253.359675,1040.512,EXISTING_SCREEN_SINGLE_CANDIDATE
2033,LEUCUS,11351 Leucus,LANDING_PROSPECTING,5,2033-07-15T00:00:00Z,2037-07-14T00:00:00Z,1460,15.917276,7.431449,253.359675,1743.378,EXISTING_SCREEN_SINGLE_CANDIDATE
2033,LEUCUS,11351 Leucus,CARGO_DELIVERY,20,2033-07-15T00:00:00Z,2037-07-14T00:00:00Z,1460,15.917276,7.431449,253.359675,3629.157,EXISTING_SCREEN_SINGLE_CANDIDATE
2033,LEUCUS,11351 Leucus,CREWED_TRANSPORT,100,2033-07-15T00:00:00Z,2037-07-14T00:00:00Z,1460,15.917276,7.431449,253.359675,16937.724,EXISTING_SCREEN_SINGLE_CANDIDATE
2034,LEUCUS,11351 Leucus,FLYBY,1,2034-07-15T00:00:00Z,2036-07-14T00:00:00Z,730,19.678318,7.901568,387.236199,742.301,EXISTING_SCREEN_SINGLE_CANDIDATE
2034,LEUCUS,11351 Leucus,ORBITAL_RECON,2,2034-07-15T00:00:00Z,2036-07-14T00:00:00Z,730,19.678318,7.901568,387.236199,1083.848,EXISTING_SCREEN_SINGLE_CANDIDATE
2034,LEUCUS,11351 Leucus,RENDEZVOUS,2,2034-07-15T00:00:00Z,2036-07-14T00:00:00Z,730,19.678318,7.901568,387.236199,1083.848,EXISTING_SCREEN_SINGLE_CANDIDATE
2034,LEUCUS,11351 Leucus,LANDING_PROSPECTING,5,2034-07-15T00:00:00Z,2036-07-14T00:00:00Z,730,19.678318,7.901568,387.236199,1821.168,EXISTING_SCREEN_SINGLE_CANDIDATE
2034,LEUCUS,11351 Leucus,CARGO_DELIVERY,20,2034-07-15T00:00:00Z,2036-07-14T00:00:00Z,730,19.678318,7.901568,387.236199,3936.64,EXISTING_SCREEN_SINGLE_CANDIDATE
2034,LEUCUS,11351 Leucus,CREWED_TRANSPORT,100,2034-07-15T00:00:00Z,2036-07-14T00:00:00Z,730,19.678318,7.901568,387.236199,18153.832,EXISTING_SCREEN_SINGLE_CANDIDATE
2035,LEUCUS,11351 Leucus,FLYBY,1,2035-07-15T00:00:00Z,2037-07-14T00:00:00Z,730,21.254904,8.068034,451.770944,781.021,EXISTING_SCREEN_SINGLE_CANDIDATE
2035,LEUCUS,11351 Leucus,ORBITAL_RECON,2,2035-07-15T00:00:00Z,2037-07-14T00:00:00Z,730,21.254904,8.068034,451.770944,1131.295,EXISTING_SCREEN_SINGLE_CANDIDATE
2035,LEUCUS,11351 Leucus,RENDEZVOUS,2,2035-07-15T00:00:00Z,2037-07-14T00:00:00Z,730,21.254904,8.068034,451.770944,1131.295,EXISTING_SCREEN_SINGLE_CANDIDATE
2035,LEUCUS,11351 Leucus,LANDING_PROSPECTING,5,2035-07-15T00:00:00Z,2037-07-14T00:00:00Z,730,21.254904,8.068034,451.770944,1881.704,EXISTING_SCREEN_SINGLE_CANDIDATE
2035,LEUCUS,11351 Leucus,CARGO_DELIVERY,20,2035-07-15T00:00:00Z,2037-07-14T00:00:00Z,730,21.254904,8.068034,451.770944,4084.434,EXISTING_SCREEN_SINGLE_CANDIDATE
2035,LEUCUS,11351 Leucus,CREWED_TRANSPORT,100,2035-07-15T00:00:00Z,2037-07-14T00:00:00Z,730,21.254904,8.068034,451.770944,18737.922,EXISTING_SCREEN_SINGLE_CANDIDATE
2026,LUTETIA,21 Lutetia,FLYBY,1,2026-01-15T00:00:00Z,2027-01-15T00:00:00Z,365,6.94611,5.960803,48.248444,508.929,EXISTING_SCREEN_SINGLE_CANDIDATE
2026,LUTETIA,21 Lutetia,ORBITAL_RECON,2,2026-01-15T00:00:00Z,2027-01-15T00:00:00Z,365,6.94611,5.960803,48.248444,769.359,EXISTING_SCREEN_SINGLE_CANDIDATE
2026,LUTETIA,21 Lutetia,RENDEZVOUS,2,2026-01-15T00:00:00Z,2027-01-15T00:00:00Z,365,6.94611,5.960803,48.248444,769.359,EXISTING_SCREEN_SINGLE_CANDIDATE
2026,LUTETIA,21 Lutetia,LANDING_PROSPECTING,5,2026-01-15T00:00:00Z,2027-01-15T00:00:00Z,365,6.94611,5.960803,48.248444,1385.005,EXISTING_SCREEN_SINGLE_CANDIDATE
2026,LUTETIA,21 Lutetia,CARGO_DELIVERY,20,2026-01-15T00:00:00Z,2027-01-15T00:00:00Z,365,6.94611,5.960803,48.248444,2689.312,EXISTING_SCREEN_SINGLE_CANDIDATE
2026,LUTETIA,21 Lutetia,CREWED_TRANSPORT,100,2026-01-15T00:00:00Z,2027-01-15T00:00:00Z,365,6.94611,5.960803,48.248444,12730.764,EXISTING_SCREEN_SINGLE_CANDIDATE
2027,LUTETIA,21 Lutetia,FLYBY,1,2027-07-15T00:00:00Z,2029-07-14T00:00:00Z,730,12.246792,5.8005,149.983914,599.949,EXISTING_SCREEN_SINGLE_CANDIDATE
2027,LUTETIA,21 Lutetia,ORBITAL_RECON,2,2027-07-15T00:00:00Z,2029-07-14T00:00:00Z,730,12.246792,5.8005,149.983914,855.116,EXISTING_SCREEN_SINGLE_CANDIDATE
2027,LUTETIA,21 Lutetia,RENDEZVOUS,2,2027-07-15T00:00:00Z,2029-07-14T00:00:00Z,730,12.246792,5.8005,149.983914,855.116,EXISTING_SCREEN_SINGLE_CANDIDATE
2027,LUTETIA,21 Lutetia,LANDING_PROSPECTING,5,2027-07-15T00:00:00Z,2029-07-14T00:00:00Z,730,12.246792,5.8005,149.983914,1462.865,EXISTING_SCREEN_SINGLE_CANDIDATE
2027,LUTETIA,21 Lutetia,CARGO_DELIVERY,20,2027-07-15T00:00:00Z,2029-07-14T00:00:00Z,730,12.246792,5.8005,149.983914,2714.527,EXISTING_SCREEN_SINGLE_CANDIDATE
2027,LUTETIA,21 Lutetia,CREWED_TRANSPORT,100,2027-07-15T00:00:00Z,2029-07-14T00:00:00Z,730,12.246792,5.8005,149.983914,12612.674,EXISTING_SCREEN_SINGLE_CANDIDATE
2028,LUTETIA,21 Lutetia,FLYBY,1,2028-07-15T00:00:00Z,2032-07-14T00:00:00Z,1460,11.466888,13.027239,131.48952,648.812,EXISTING_SCREEN_SINGLE_CANDIDATE
2028,LUTETIA,21 Lutetia,ORBITAL_RECON,2,2028-07-15T00:00:00Z,2032-07-14T00:00:00Z,1460,11.466888,13.027239,131.48952,1482.11,EXISTING_SCREEN_SINGLE_CANDIDATE
2028,LUTETIA,21 Lutetia,RENDEZVOUS,2,2028-07-15T00:00:00Z,2032-07-14T00:00:00Z,1460,11.466888,13.027239,131.48952,1482.11,EXISTING_SCREEN_SINGLE_CANDIDATE
2028,LUTETIA,21 Lutetia,LANDING_PROSPECTING,5,2028-07-15T00:00:00Z,2032-07-14T00:00:00Z,1460,11.466888,13.027239,131.48952,2957.057,EXISTING_SCREEN_SINGLE_CANDIDATE
2028,LUTETIA,21 Lutetia,CARGO_DELIVERY,20,2028-07-15T00:00:00Z,2032-07-14T00:00:00Z,1460,11.466888,13.027239,131.48952,9990.038,EXISTING_SCREEN_SINGLE_CANDIDATE
2028,LUTETIA,21 Lutetia,CREWED_TRANSPORT,100,2028-07-15T00:00:00Z,2032-07-14T00:00:00Z,1460,11.466888,13.027239,131.48952,49034.615,EXISTING_SCREEN_SINGLE_CANDIDATE
2029,LUTETIA,21 Lutetia,FLYBY,1,2029-01-15T00:00:00Z,2031-01-15T00:00:00Z,730,6.593695,11.29319,43.476814,536.045,EXISTING_SCREEN_SINGLE_CANDIDATE
2029,LUTETIA,21 Lutetia,ORBITAL_RECON,2,2029-01-15T00:00:00Z,2031-01-15T00:00:00Z,730,6.593695,11.29319,43.476814,1138.044,EXISTING_SCREEN_SINGLE_CANDIDATE
2029,LUTETIA,21 Lutetia,RENDEZVOUS,2,2029-01-15T00:00:00Z,2031-01-15T00:00:00Z,730,6.593695,11.29319,43.476814,1138.044,EXISTING_SCREEN_SINGLE_CANDIDATE
2029,LUTETIA,21 Lutetia,LANDING_PROSPECTING,5,2029-01-15T00:00:00Z,2031-01-15T00:00:00Z,730,6.593695,11.29319,43.476814,2266.043,EXISTING_SCREEN_SINGLE_CANDIDATE
2029,LUTETIA,21 Lutetia,CARGO_DELIVERY,20,2029-01-15T00:00:00Z,2031-01-15T00:00:00Z,730,6.593695,11.29319,43.476814,6986.036,EXISTING_SCREEN_SINGLE_CANDIDATE
2029,LUTETIA,21 Lutetia,CREWED_TRANSPORT,100,2029-01-15T00:00:00Z,2031-01-15T00:00:00Z,730,6.593695,11.29319,43.476814,34225.835,EXISTING_SCREEN_SINGLE_CANDIDATE
2030,LUTETIA,21 Lutetia,FLYBY,1,2030-07-15T00:00:00Z,2032-07-14T00:00:00Z,730,8.013819,7.190993,64.221295,548.492,EXISTING_SCREEN_SINGLE_CANDIDATE
2030,LUTETIA,21 Lutetia,ORBITAL_RECON,2,2030-07-15T00:00:00Z,2032-07-14T00:00:00Z,730,8.013819,7.190993,64.221295,856.217,EXISTING_SCREEN_SINGLE_CANDIDATE
2030,LUTETIA,21 Lutetia,RENDEZVOUS,2,2030-07-15T00:00:00Z,2032-07-14T00:00:00Z,730,8.013819,7.190993,64.221295,856.217,EXISTING_SCREEN_SINGLE_CANDIDATE
2030,LUTETIA,21 Lutetia,LANDING_PROSPECTING,5,2030-07-15T00:00:00Z,2032-07-14T00:00:00Z,730,8.013819,7.190993,64.221295,1542.805,EXISTING_SCREEN_SINGLE_CANDIDATE
2030,LUTETIA,21 Lutetia,CARGO_DELIVERY,20,2030-07-15T00:00:00Z,2032-07-14T00:00:00Z,730,8.013819,7.190993,64.221295,3320.056,EXISTING_SCREEN_SINGLE_CANDIDATE
2030,LUTETIA,21 Lutetia,CREWED_TRANSPORT,100,2030-07-15T00:00:00Z,2032-07-14T00:00:00Z,730,8.013819,7.190993,64.221295,15846.149,EXISTING_SCREEN_SINGLE_CANDIDATE
2031,LUTETIA,21 Lutetia,FLYBY,1,2031-07-15T00:00:00Z,2032-07-14T00:00:00Z,365,11.903942,6.226325,141.703835,565.002,EXISTING_SCREEN_SINGLE_CANDIDATE
2031,LUTETIA,21 Lutetia,ORBITAL_RECON,2,2031-07-15T00:00:00Z,2032-07-14T00:00:00Z,365,11.903942,6.226325,141.703835,834.576,EXISTING_SCREEN_SINGLE_CANDIDATE
2031,LUTETIA,21 Lutetia,RENDEZVOUS,2,2031-07-15T00:00:00Z,2032-07-14T00:00:00Z,365,11.903942,6.226325,141.703835,834.576,EXISTING_SCREEN_SINGLE_CANDIDATE
2031,LUTETIA,21 Lutetia,LANDING_PROSPECTING,5,2031-07-15T00:00:00Z,2032-07-14T00:00:00Z,365,11.903942,6.226325,141.703835,1463.937,EXISTING_SCREEN_SINGLE_CANDIDATE
2031,LUTETIA,21 Lutetia,CARGO_DELIVERY,20,2031-07-15T00:00:00Z,2032-07-14T00:00:00Z,365,11.903942,6.226325,141.703835,2859.676,EXISTING_SCREEN_SINGLE_CANDIDATE
2031,LUTETIA,21 Lutetia,CREWED_TRANSPORT,100,2031-07-15T00:00:00Z,2032-07-14T00:00:00Z,365,11.903942,6.226325,141.703835,13358.289,EXISTING_SCREEN_SINGLE_CANDIDATE
2032,LUTETIA,21 Lutetia,FLYBY,1,2032-07-15T00:00:00Z,2036-07-14T00:00:00Z,1460,9.634791,11.875259,92.829198,625.615,EXISTING_SCREEN_SINGLE_CANDIDATE
2032,LUTETIA,21 Lutetia,ORBITAL_RECON,2,2032-07-15T00:00:00Z,2036-07-14T00:00:00Z,1460,9.634791,11.875259,92.829198,1295.553,EXISTING_SCREEN_SINGLE_CANDIDATE
2032,LUTETIA,21 Lutetia,RENDEZVOUS,2,2032-07-15T00:00:00Z,2036-07-14T00:00:00Z,1460,9.634791,11.875259,92.829198,1295.553,EXISTING_SCREEN_SINGLE_CANDIDATE
2032,LUTETIA,21 Lutetia,LANDING_PROSPECTING,5,2032-07-15T00:00:00Z,2036-07-14T00:00:00Z,1460,9.634791,11.875259,92.829198,2525.46,EXISTING_SCREEN_SINGLE_CANDIDATE
2032,LUTETIA,21 Lutetia,CARGO_DELIVERY,20,2032-07-15T00:00:00Z,2036-07-14T00:00:00Z,1460,9.634791,11.875259,92.829198,7924.839,EXISTING_SCREEN_SINGLE_CANDIDATE
2032,LUTETIA,21 Lutetia,CREWED_TRANSPORT,100,2032-07-15T00:00:00Z,2036-07-14T00:00:00Z,1460,9.634791,11.875259,92.829198,38801.406,EXISTING_SCREEN_SINGLE_CANDIDATE
2033,LUTETIA,21 Lutetia,FLYBY,1,2033-01-15T00:00:00Z,2034-01-15T00:00:00Z,365,9.846625,5.634231,96.956024,538.153,EXISTING_SCREEN_SINGLE_CANDIDATE
2033,LUTETIA,21 Lutetia,ORBITAL_RECON,2,2033-01-15T00:00:00Z,2034-01-15T00:00:00Z,365,9.846625,5.634231,96.956024,788.053,EXISTING_SCREEN_SINGLE_CANDIDATE
2033,LUTETIA,21 Lutetia,RENDEZVOUS,2,2033-01-15T00:00:00Z,2034-01-15T00:00:00Z,365,9.846625,5.634231,96.956024,788.053,EXISTING_SCREEN_SINGLE_CANDIDATE
2033,LUTETIA,21 Lutetia,LANDING_PROSPECTING,5,2033-01-15T00:00:00Z,2034-01-15T00:00:00Z,365,9.846625,5.634231,96.956024,1387.904,EXISTING_SCREEN_SINGLE_CANDIDATE
2033,LUTETIA,21 Lutetia,CARGO_DELIVERY,20,2033-01-15T00:00:00Z,2034-01-15T00:00:00Z,365,9.846625,5.634231,96.956024,2586.908,EXISTING_SCREEN_SINGLE_CANDIDATE
2033,LUTETIA,21 Lutetia,CREWED_TRANSPORT,100,2033-01-15T00:00:00Z,2034-01-15T00:00:00Z,365,9.846625,5.634231,96.956024,12101.846,EXISTING_SCREEN_SINGLE_CANDIDATE
2034,LUTETIA,21 Lutetia,FLYBY,1,2034-07-15T00:00:00Z,2036-07-14T00:00:00Z,730,7.7206,6.217465,59.607664,545.724,EXISTING_SCREEN_SINGLE_CANDIDATE
2034,LUTETIA,21 Lutetia,ORBITAL_RECON,2,2034-07-15T00:00:00Z,2036-07-14T00:00:00Z,730,7.7206,6.217465,59.607664,814.984,EXISTING_SCREEN_SINGLE_CANDIDATE
2034,LUTETIA,21 Lutetia,RENDEZVOUS,2,2034-07-15T00:00:00Z,2036-07-14T00:00:00Z,730,7.7206,6.217465,59.607664,814.984,EXISTING_SCREEN_SINGLE_CANDIDATE
2034,LUTETIA,21 Lutetia,LANDING_PROSPECTING,5,2034-07-15T00:00:00Z,2036-07-14T00:00:00Z,730,7.7206,6.217465,59.607664,1443.874,EXISTING_SCREEN_SINGLE_CANDIDATE
2034,LUTETIA,21 Lutetia,CARGO_DELIVERY,20,2034-07-15T00:00:00Z,2036-07-14T00:00:00Z,730,7.7206,6.217465,59.607664,2836.474,EXISTING_SCREEN_SINGLE_CANDIDATE
2034,LUTETIA,21 Lutetia,CREWED_TRANSPORT,100,2034-07-15T00:00:00Z,2036-07-14T00:00:00Z,730,7.7206,6.217465,59.607664,13439.312,EXISTING_SCREEN_SINGLE_CANDIDATE
2035,LUTETIA,21 Lutetia,FLYBY,1,2035-07-15T00:00:00Z,2036-07-14T00:00:00Z,365,13.818733,7.144585,190.957382,594.554,EXISTING_SCREEN_SINGLE_CANDIDATE
2035,LUTETIA,21 Lutetia,ORBITAL_RECON,2,2035-07-15T00:00:00Z,2036-07-14T00:00:00Z,365,13.818733,7.144585,190.957382,900.25,EXISTING_SCREEN_SINGLE_CANDIDATE
2035,LUTETIA,21 Lutetia,RENDEZVOUS,2,2035-07-15T00:00:00Z,2036-07-14T00:00:00Z,365,13.818733,7.144585,190.957382,900.25,EXISTING_SCREEN_SINGLE_CANDIDATE
2035,LUTETIA,21 Lutetia,LANDING_PROSPECTING,5,2035-07-15T00:00:00Z,2036-07-14T00:00:00Z,365,13.818733,7.144585,190.957382,1583.795,EXISTING_SCREEN_SINGLE_CANDIDATE
2035,LUTETIA,21 Lutetia,CARGO_DELIVERY,20,2035-07-15T00:00:00Z,2036-07-14T00:00:00Z,365,13.818733,7.144585,190.957382,3340.76,EXISTING_SCREEN_SINGLE_CANDIDATE
2035,LUTETIA,21 Lutetia,CREWED_TRANSPORT,100,2035-07-15T00:00:00Z,2036-07-14T00:00:00Z,365,13.818733,7.144585,190.957382,15645.503,EXISTING_SCREEN_SINGLE_CANDIDATE
2026,MAKEMAKE,136472 Makemake,FLYBY,1,2026-12-15T00:00:00Z,2034-12-13T00:00:00Z,2920,28.922362,30.130365,836.503051,1191.738,REFINED_GROUPED_LAMBERT_GRID
2026,MAKEMAKE,136472 Makemake,ORBITAL_RECON,2,2026-03-15T00:00:00Z,2034-03-13T00:00:00Z,2920,50.251197,29.646304,2525.182765,31369.978,REFINED_GROUPED_LAMBERT_GRID
2026,MAKEMAKE,136472 Makemake,RENDEZVOUS,2,2026-03-15T00:00:00Z,2034-03-13T00:00:00Z,2920,50.251197,29.646304,2525.182765,31369.978,REFINED_GROUPED_LAMBERT_GRID
2026,MAKEMAKE,136472 Makemake,LANDING_PROSPECTING,5,2026-03-15T00:00:00Z,2034-03-13T00:00:00Z,2920,50.251197,29.646304,2525.182765,75342.528,REFINED_GROUPED_LAMBERT_GRID
2026,MAKEMAKE,136472 Makemake,CARGO_DELIVERY,20,2026-03-15T00:00:00Z,2034-03-13T00:00:00Z,2920,50.251197,29.646304,2525.182765,365692.859,REFINED_GROUPED_LAMBERT_GRID
2026,MAKEMAKE,136472 Makemake,CREWED_TRANSPORT,100,2026-03-15T00:00:00Z,2034-03-13T00:00:00Z,2920,50.251197,29.646304,2525.182765,1821803.856,REFINED_GROUPED_LAMBERT_GRID
2027,MAKEMAKE,136472 Makemake,FLYBY,1,2027-12-15T00:00:00Z,2035-12-13T00:00:00Z,2920,28.911295,30.141358,835.862988,1191.354,REFINED_GROUPED_LAMBERT_GRID
2027,MAKEMAKE,136472 Makemake,ORBITAL_RECON,2,2027-03-15T00:00:00Z,2035-03-13T00:00:00Z,2920,49.831842,29.651885,2483.212474,31380.851,REFINED_GROUPED_LAMBERT_GRID
2027,MAKEMAKE,136472 Makemake,RENDEZVOUS,2,2027-03-15T00:00:00Z,2035-03-13T00:00:00Z,2920,49.831842,29.651885,2483.212474,31380.851,REFINED_GROUPED_LAMBERT_GRID
2027,MAKEMAKE,136472 Makemake,LANDING_PROSPECTING,5,2027-03-15T00:00:00Z,2035-03-13T00:00:00Z,2920,49.831842,29.651885,2483.212474,75407.483,REFINED_GROUPED_LAMBERT_GRID
2027,MAKEMAKE,136472 Makemake,CARGO_DELIVERY,20,2027-03-15T00:00:00Z,2035-03-13T00:00:00Z,2920,49.831842,29.651885,2483.212474,366118.361,REFINED_GROUPED_LAMBERT_GRID
2027,MAKEMAKE,136472 Makemake,CREWED_TRANSPORT,100,2027-03-15T00:00:00Z,2035-03-13T00:00:00Z,2920,49.831842,29.651885,2483.212474,1824032.093,REFINED_GROUPED_LAMBERT_GRID
2028,MAKEMAKE,136472 Makemake,FLYBY,1,2028-12-15T00:00:00Z,2036-12-13T00:00:00Z,2920,28.803332,30.147577,829.631907,1187.615,REFINED_GROUPED_LAMBERT_GRID
2028,MAKEMAKE,136472 Makemake,ORBITAL_RECON,2,2028-03-15T00:00:00Z,2036-03-13T00:00:00Z,2920,49.719945,29.655536,2472.072908,31397.78,REFINED_GROUPED_LAMBERT_GRID
2028,MAKEMAKE,136472 Makemake,RENDEZVOUS,2,2028-03-15T00:00:00Z,2036-03-13T00:00:00Z,2920,49.719945,29.655536,2472.072908,31397.78,REFINED_GROUPED_LAMBERT_GRID
2028,MAKEMAKE,136472 Makemake,LANDING_PROSPECTING,5,2028-03-15T00:00:00Z,2036-03-13T00:00:00Z,2920,49.719945,29.655536,2472.072908,75459.831,REFINED_GROUPED_LAMBERT_GRID
2028,MAKEMAKE,136472 Makemake,CARGO_DELIVERY,20,2028-03-15T00:00:00Z,2036-03-13T00:00:00Z,2920,49.719945,29.655536,2472.072908,366406.839,REFINED_GROUPED_LAMBERT_GRID
2028,MAKEMAKE,136472 Makemake,CREWED_TRANSPORT,100,2028-03-15T00:00:00Z,2036-03-13T00:00:00Z,2920,49.719945,29.655536,2472.072908,1825501.222,REFINED_GROUPED_LAMBERT_GRID
2029,MAKEMAKE,136472 Makemake,FLYBY,1,2029-12-15T00:00:00Z,2037-12-13T00:00:00Z,2920,28.801983,30.161469,829.55425,1187.568,REFINED_GROUPED_LAMBERT_GRID
2029,MAKEMAKE,136472 Makemake,ORBITAL_RECON,2,2029-03-15T00:00:00Z,2037-03-13T00:00:00Z,2920,49.291751,29.663022,2429.676678,31420.817,REFINED_GROUPED_LAMBERT_GRID
2029,MAKEMAKE,136472 Makemake,RENDEZVOUS,2,2029-03-15T00:00:00Z,2037-03-13T00:00:00Z,2920,49.291751,29.663022,2429.676678,31420.817,REFINED_GROUPED_LAMBERT_GRID
2029,MAKEMAKE,136472 Makemake,LANDING_PROSPECTING,5,2029-03-15T00:00:00Z,2037-03-13T00:00:00Z,2920,49.291751,29.663022,2429.676678,75555.579,REFINED_GROUPED_LAMBERT_GRID
2029,MAKEMAKE,136472 Makemake,CARGO_DELIVERY,20,2029-03-15T00:00:00Z,2037-03-13T00:00:00Z,2920,49.291751,29.663022,2429.676678,366987.328,REFINED_GROUPED_LAMBERT_GRID
2029,MAKEMAKE,136472 Makemake,CREWED_TRANSPORT,100,2029-03-15T00:00:00Z,2037-03-13T00:00:00Z,2920,49.291751,29.663022,2429.676678,1828505.417,REFINED_GROUPED_LAMBERT_GRID
2030,MAKEMAKE,136472 Makemake,FLYBY,1,2030-12-15T00:00:00Z,2038-12-13T00:00:00Z,2920,28.801697,30.176948,829.537764,1187.558,REFINED_GROUPED_LAMBERT_GRID
2030,MAKEMAKE,136472 Makemake,ORBITAL_RECON,2,2030-03-15T00:00:00Z,2038-03-13T00:00:00Z,2920,48.855541,29.672413,2386.863859,31456.052,REFINED_GROUPED_LAMBERT_GRID
2030,MAKEMAKE,136472 Makemake,RENDEZVOUS,2,2030-03-15T00:00:00Z,2038-03-13T00:00:00Z,2920,48.855541,29.672413,2386.863859,31456.052,REFINED_GROUPED_LAMBERT_GRID
2030,MAKEMAKE,136472 Makemake,LANDING_PROSPECTING,5,2030-03-15T00:00:00Z,2038-03-13T00:00:00Z,2920,48.855541,29.672413,2386.863859,75682.2,REFINED_GROUPED_LAMBERT_GRID
2030,MAKEMAKE,136472 Makemake,CARGO_DELIVERY,20,2030-03-15T00:00:00Z,2038-03-13T00:00:00Z,2920,48.855541,29.672413,2386.863859,367723.184,REFINED_GROUPED_LAMBERT_GRID
2030,MAKEMAKE,136472 Makemake,CREWED_TRANSPORT,100,2030-03-15T00:00:00Z,2038-03-13T00:00:00Z,2920,48.855541,29.672413,2386.863859,1832287.444,REFINED_GROUPED_LAMBERT_GRID
2031,MAKEMAKE,136472 Makemake,FLYBY,1,2031-12-15T00:00:00Z,2039-12-13T00:00:00Z,2920,28.799524,30.192299,829.412607,1187.483,REFINED_GROUPED_LAMBERT_GRID
2031,MAKEMAKE,136472 Makemake,ORBITAL_RECON,2,2031-03-15T00:00:00Z,2039-03-13T00:00:00Z,2920,48.391743,29.682996,2341.760825,31497.805,REFINED_GROUPED_LAMBERT_GRID
2031,MAKEMAKE,136472 Makemake,RENDEZVOUS,2,2031-03-15T00:00:00Z,2039-03-13T00:00:00Z,2920,48.391743,29.682996,2341.760825,31497.805,REFINED_GROUPED_LAMBERT_GRID
2031,MAKEMAKE,136472 Makemake,LANDING_PROSPECTING,5,2031-03-15T00:00:00Z,2039-03-13T00:00:00Z,2920,48.391743,29.682996,2341.760825,75827.174,REFINED_GROUPED_LAMBERT_GRID
2031,MAKEMAKE,136472 Makemake,CARGO_DELIVERY,20,2031-03-15T00:00:00Z,2039-03-13T00:00:00Z,2920,48.391743,29.682996,2341.760825,368556.302,REFINED_GROUPED_LAMBERT_GRID
2031,MAKEMAKE,136472 Makemake,CREWED_TRANSPORT,100,2031-03-15T00:00:00Z,2039-03-13T00:00:00Z,2920,48.391743,29.682996,2341.760825,1836561.286,REFINED_GROUPED_LAMBERT_GRID
2032,MAKEMAKE,136472 Makemake,FLYBY,1,2032-12-15T00:00:00Z,2040-12-13T00:00:00Z,2920,28.706522,30.201194,824.064409,1184.274,REFINED_GROUPED_LAMBERT_GRID
2032,MAKEMAKE,136472 Makemake,ORBITAL_RECON,2,2032-03-15T00:00:00Z,2040-03-13T00:00:00Z,2920,48.317907,29.6914,2334.620125,31548.275,REFINED_GROUPED_LAMBERT_GRID
2032,MAKEMAKE,136472 Makemake,RENDEZVOUS,2,2032-03-15T00:00:00Z,2040-03-13T00:00:00Z,2920,48.317907,29.6914,2334.620125,31548.275,REFINED_GROUPED_LAMBERT_GRID
2032,MAKEMAKE,136472 Makemake,LANDING_PROSPECTING,5,2032-03-15T00:00:00Z,2040-03-13T00:00:00Z,2920,48.317907,29.6914,2334.620125,75959.776,REFINED_GROUPED_LAMBERT_GRID
2032,MAKEMAKE,136472 Makemake,CARGO_DELIVERY,20,2032-03-15T00:00:00Z,2040-03-13T00:00:00Z,2920,48.317907,29.6914,2334.620125,369236.45,REFINED_GROUPED_LAMBERT_GRID
2032,MAKEMAKE,136472 Makemake,CREWED_TRANSPORT,100,2032-03-15T00:00:00Z,2040-03-13T00:00:00Z,2920,48.317907,29.6914,2334.620125,1839979.164,REFINED_GROUPED_LAMBERT_GRID
2033,MAKEMAKE,136472 Makemake,FLYBY,1,2033-12-15T00:00:00Z,2041-12-13T00:00:00Z,2920,28.71509,30.213731,824.55642,1184.57,REFINED_GROUPED_LAMBERT_GRID
2033,MAKEMAKE,136472 Makemake,ORBITAL_RECON,2,2033-03-15T00:00:00Z,2041-03-13T00:00:00Z,2920,47.860535,29.70083,2290.630804,31583.445,REFINED_GROUPED_LAMBERT_GRID
2033,MAKEMAKE,136472 Makemake,RENDEZVOUS,2,2033-03-15T00:00:00Z,2041-03-13T00:00:00Z,2920,47.860535,29.70083,2290.630804,31583.445,REFINED_GROUPED_LAMBERT_GRID
2033,MAKEMAKE,136472 Makemake,LANDING_PROSPECTING,5,2033-03-15T00:00:00Z,2041-03-13T00:00:00Z,2920,47.860535,29.70083,2290.630804,76087.291,REFINED_GROUPED_LAMBERT_GRID
2033,MAKEMAKE,136472 Makemake,CARGO_DELIVERY,20,2033-04-15T00:00:00Z,2041-04-13T00:00:00Z,2920,58.416628,29.683857,3412.502482,369268.8,REFINED_GROUPED_LAMBERT_GRID
2033,MAKEMAKE,136472 Makemake,CREWED_TRANSPORT,100,2033-04-15T00:00:00Z,2041-04-13T00:00:00Z,2920,58.416628,29.683857,3412.502482,1837553.996,REFINED_GROUPED_LAMBERT_GRID
2034,MAKEMAKE,136472 Makemake,FLYBY,1,2034-12-15T00:00:00Z,2042-12-13T00:00:00Z,2920,28.732314,30.222906,825.545886,1185.163,REFINED_GROUPED_LAMBERT_GRID
2034,MAKEMAKE,136472 Makemake,ORBITAL_RECON,2,2034-03-15T00:00:00Z,2042-03-13T00:00:00Z,2920,47.400248,29.708189,2246.783494,31605.271,REFINED_GROUPED_LAMBERT_GRID
2034,MAKEMAKE,136472 Makemake,RENDEZVOUS,2,2034-03-15T00:00:00Z,2042-03-13T00:00:00Z,2920,47.400248,29.708189,2246.783494,31605.271,REFINED_GROUPED_LAMBERT_GRID
2034,MAKEMAKE,136472 Makemake,LANDING_PROSPECTING,5,2034-03-15T00:00:00Z,2042-03-13T00:00:00Z,2920,47.400248,29.708189,2246.783494,76181.319,REFINED_GROUPED_LAMBERT_GRID
2034,MAKEMAKE,136472 Makemake,CARGO_DELIVERY,20,2034-04-15T00:00:00Z,2042-04-13T00:00:00Z,2920,58.024977,29.685829,3366.897913,369401.948,REFINED_GROUPED_LAMBERT_GRID
2034,MAKEMAKE,136472 Makemake,CREWED_TRANSPORT,100,2034-04-15T00:00:00Z,2042-04-13T00:00:00Z,2920,58.024977,29.685829,3366.897913,1838329.186,REFINED_GROUPED_LAMBERT_GRID
2035,MAKEMAKE,136472 Makemake,FLYBY,1,2035-12-15T00:00:00Z,2043-12-13T00:00:00Z,2920,28.777928,30.228337,828.169154,1186.737,REFINED_GROUPED_LAMBERT_GRID
2035,MAKEMAKE,136472 Makemake,ORBITAL_RECON,2,2035-03-15T00:00:00Z,2043-03-13T00:00:00Z,2920,46.969678,29.712489,2206.150641,31609.05,REFINED_GROUPED_LAMBERT_GRID
2035,MAKEMAKE,136472 Makemake,RENDEZVOUS,2,2035-03-15T00:00:00Z,2043-03-13T00:00:00Z,2920,46.969678,29.712489,2206.150641,31609.05,REFINED_GROUPED_LAMBERT_GRID
2035,MAKEMAKE,136472 Makemake,LANDING_PROSPECTING,5,2035-03-15T00:00:00Z,2043-03-13T00:00:00Z,2920,46.969678,29.712489,2206.150641,76227.335,REFINED_GROUPED_LAMBERT_GRID
2035,MAKEMAKE,136472 Makemake,CARGO_DELIVERY,20,2035-04-15T00:00:00Z,2043-04-13T00:00:00Z,2920,57.643901,29.684891,3322.819298,369299.152,REFINED_GROUPED_LAMBERT_GRID
2035,MAKEMAKE,136472 Makemake,CREWED_TRANSPORT,100,2035-04-15T00:00:00Z,2043-04-13T00:00:00Z,2920,57.643901,29.684891,3322.819298,1837920.995,REFINED_GROUPED_LAMBERT_GRID
2026,MARS,Mars,FLYBY,1,2026-11-15T00:00:00Z,2027-05-14T00:00:00Z,180,4.274978,7.271316,18.275436,475.75,REFINED_GROUPED_LAMBERT_GRID
2026,MARS,Mars,ORBITAL_RECON,2,2026-10-15T00:00:00Z,2027-10-15T00:00:00Z,365,3.627291,3.147599,13.157243,657.262,REFINED_GROUPED_LAMBERT_GRID
2026,MARS,Mars,RENDEZVOUS,2,2026-10-15T00:00:00Z,2027-10-15T00:00:00Z,365,3.627291,3.147599,13.157243,657.262,REFINED_GROUPED_LAMBERT_GRID
2026,MARS,Mars,LANDING_PROSPECTING,5,2026-10-15T00:00:00Z,2027-10-15T00:00:00Z,365,3.627291,3.147599,13.157243,1136.345,REFINED_GROUPED_LAMBERT_GRID
2026,MARS,Mars,CARGO_DELIVERY,20,2026-10-15T00:00:00Z,2027-10-15T00:00:00Z,365,3.627291,3.147599,13.157243,1530.232,REFINED_GROUPED_LAMBERT_GRID
2026,MARS,Mars,CREWED_TRANSPORT,100,2026-09-15T00:00:00Z,2027-09-15T00:00:00Z,365,5.113331,3.09195,26.14615,7002.254,REFINED_GROUPED_LAMBERT_GRID
2027,MARS,Mars,FLYBY,1,2027-01-15T00:00:00Z,2028-01-15T00:00:00Z,365,5.399391,6.356331,29.153419,497.472,REFINED_GROUPED_LAMBERT_GRID
2027,MARS,Mars,ORBITAL_RECON,2,2027-01-15T00:00:00Z,2027-07-14T00:00:00Z,180,9.750546,4.334336,95.073155,701.712,REFINED_GROUPED_LAMBERT_GRID
2027,MARS,Mars,RENDEZVOUS,2,2027-01-15T00:00:00Z,2027-07-14T00:00:00Z,180,9.750546,4.334336,95.073155,701.712,REFINED_GROUPED_LAMBERT_GRID
2027,MARS,Mars,LANDING_PROSPECTING,5,2027-01-15T00:00:00Z,2027-07-14T00:00:00Z,180,9.750546,4.334336,95.073155,1196.538,REFINED_GROUPED_LAMBERT_GRID
2027,MARS,Mars,CARGO_DELIVERY,20,2027-01-15T00:00:00Z,2027-07-14T00:00:00Z,180,9.750546,4.334336,95.073155,1695.377,REFINED_GROUPED_LAMBERT_GRID
2027,MARS,Mars,CREWED_TRANSPORT,100,2027-01-15T00:00:00Z,2027-07-14T00:00:00Z,180,9.750546,4.334336,95.073155,7648.71,REFINED_GROUPED_LAMBERT_GRID
2028,MARS,Mars,FLYBY,1,2028-12-15T00:00:00Z,2029-06-13T00:00:00Z,180,3.676456,7.50442,13.516329,472.894,REFINED_GROUPED_LAMBERT_GRID
2028,MARS,Mars,ORBITAL_RECON,2,2028-11-15T00:00:00Z,2029-11-15T00:00:00Z,365,3.908012,4.371095,15.272561,669.414,REFINED_GROUPED_LAMBERT_GRID
2028,MARS,Mars,RENDEZVOUS,2,2028-11-15T00:00:00Z,2029-11-15T00:00:00Z,365,3.908012,4.371095,15.272561,669.414,REFINED_GROUPED_LAMBERT_GRID
2028,MARS,Mars,LANDING_PROSPECTING,5,2028-10-15T00:00:00Z,2029-10-15T00:00:00Z,365,5.186506,4.05267,26.899842,1163.739,REFINED_GROUPED_LAMBERT_GRID
2028,MARS,Mars,CARGO_DELIVERY,20,2028-10-15T00:00:00Z,2029-10-15T00:00:00Z,365,5.186506,4.05267,26.899842,1634.216,REFINED_GROUPED_LAMBERT_GRID
2028,MARS,Mars,CREWED_TRANSPORT,100,2028-10-15T00:00:00Z,2029-10-15T00:00:00Z,365,5.186506,4.05267,26.899842,7506.52,REFINED_GROUPED_LAMBERT_GRID
2029,MARS,Mars,FLYBY,1,2029-01-15T00:00:00Z,2029-07-14T00:00:00Z,180,4.85899,5.306034,23.609783,478.95,REFINED_GROUPED_LAMBERT_GRID
2029,MARS,Mars,ORBITAL_RECON,2,2029-01-15T00:00:00Z,2029-07-14T00:00:00Z,180,4.85899,5.306034,23.609783,670.44,REFINED_GROUPED_LAMBERT_GRID
2029,MARS,Mars,RENDEZVOUS,2,2029-01-15T00:00:00Z,2029-07-14T00:00:00Z,180,4.85899,5.306034,23.609783,670.44,REFINED_GROUPED_LAMBERT_GRID
2029,MARS,Mars,LANDING_PROSPECTING,5,2029-02-15T00:00:00Z,2029-08-14T00:00:00Z,180,8.249255,4.385012,68.050214,1181.66,REFINED_GROUPED_LAMBERT_GRID
2029,MARS,Mars,CARGO_DELIVERY,20,2029-02-15T00:00:00Z,2029-08-14T00:00:00Z,180,8.249255,4.385012,68.050214,1685.842,REFINED_GROUPED_LAMBERT_GRID
2029,MARS,Mars,CREWED_TRANSPORT,100,2029-02-15T00:00:00Z,2029-08-14T00:00:00Z,180,8.249255,4.385012,68.050214,7665.892,REFINED_GROUPED_LAMBERT_GRID
2030,MARS,Mars,FLYBY,1,2030-12-15T00:00:00Z,2031-06-13T00:00:00Z,180,5.856396,9.47221,34.297372,485.363,REFINED_GROUPED_LAMBERT_GRID
2030,MARS,Mars,ORBITAL_RECON,2,2030-12-15T00:00:00Z,2031-12-15T00:00:00Z,365,5.533014,6.194159,30.614247,703.223,REFINED_GROUPED_LAMBERT_GRID
2030,MARS,Mars,RENDEZVOUS,2,2030-12-15T00:00:00Z,2031-12-15T00:00:00Z,365,5.533014,6.194159,30.614247,703.223,REFINED_GROUPED_LAMBERT_GRID
2030,MARS,Mars,LANDING_PROSPECTING,5,2030-11-15T00:00:00Z,2031-11-15T00:00:00Z,365,6.538204,6.008824,42.748109,1235.23,REFINED_GROUPED_LAMBERT_GRID
2030,MARS,Mars,CARGO_DELIVERY,20,2030-11-15T00:00:00Z,2031-11-15T00:00:00Z,365,6.538204,6.008824,42.748109,1953.636,REFINED_GROUPED_LAMBERT_GRID
2030,MARS,Mars,CREWED_TRANSPORT,100,2030-11-15T00:00:00Z,2031-11-15T00:00:00Z,365,6.538204,6.008824,42.748109,9065.584,REFINED_GROUPED_LAMBERT_GRID
2031,MARS,Mars,FLYBY,1,2031-02-15T00:00:00Z,2031-08-14T00:00:00Z,180,3.442859,5.04673,11.853277,471.896,REFINED_GROUPED_LAMBERT_GRID
2031,MARS,Mars,ORBITAL_RECON,2,2031-03-15T00:00:00Z,2031-09-11T00:00:00Z,180,5.37091,4.072316,28.846669,659.331,REFINED_GROUPED_LAMBERT_GRID
2031,MARS,Mars,RENDEZVOUS,2,2031-03-15T00:00:00Z,2031-09-11T00:00:00Z,180,5.37091,4.072316,28.846669,659.331,REFINED_GROUPED_LAMBERT_GRID
2031,MARS,Mars,LANDING_PROSPECTING,5,2031-03-15T00:00:00Z,2031-09-11T00:00:00Z,180,5.37091,4.072316,28.846669,1150.188,REFINED_GROUPED_LAMBERT_GRID
2031,MARS,Mars,CARGO_DELIVERY,20,2031-03-15T00:00:00Z,2031-09-11T00:00:00Z,180,5.37091,4.072316,28.846669,1622.571,REFINED_GROUPED_LAMBERT_GRID
2031,MARS,Mars,CREWED_TRANSPORT,100,2031-03-15T00:00:00Z,2031-09-11T00:00:00Z,180,5.37091,4.072316,28.846669,7443.624,REFINED_GROUPED_LAMBERT_GRID
2032,MARS,Mars,FLYBY,1,2032-03-15T00:00:00Z,2034-03-15T00:00:00Z,730,5.808399,12.971863,33.737498,530.201,REFINED_GROUPED_LAMBERT_GRID
2032,MARS,Mars,ORBITAL_RECON,2,2032-12-15T00:00:00Z,2033-12-15T00:00:00Z,365,9.792099,8.671729,95.885203,798.199,REFINED_GROUPED_LAMBERT_GRID
2032,MARS,Mars,RENDEZVOUS,2,2032-12-15T00:00:00Z,2033-12-15T00:00:00Z,365,9.792099,8.671729,95.885203,798.199,REFINED_GROUPED_LAMBERT_GRID
2032,MARS,Mars,LANDING_PROSPECTING,5,2032-12-15T00:00:00Z,2033-12-15T00:00:00Z,365,9.792099,8.671729,95.885203,1414.231,REFINED_GROUPED_LAMBERT_GRID
2032,MARS,Mars,CARGO_DELIVERY,20,2032-12-15T00:00:00Z,2033-12-15T00:00:00Z,365,9.792099,8.671729,95.885203,2721.115,REFINED_GROUPED_LAMBERT_GRID
2032,MARS,Mars,CREWED_TRANSPORT,100,2032-12-15T00:00:00Z,2033-12-15T00:00:00Z,365,9.792099,8.671729,95.885203,12775.45,REFINED_GROUPED_LAMBERT_GRID
2033,MARS,Mars,FLYBY,1,2033-04-15T00:00:00Z,2033-10-12T00:00:00Z,180,2.989431,3.603242,8.9367,470.146,REFINED_GROUPED_LAMBERT_GRID
2033,MARS,Mars,ORBITAL_RECON,2,2033-04-15T00:00:00Z,2033-10-12T00:00:00Z,180,2.989431,3.603242,8.9367,643.122,REFINED_GROUPED_LAMBERT_GRID
2033,MARS,Mars,RENDEZVOUS,2,2033-04-15T00:00:00Z,2033-10-12T00:00:00Z,180,2.989431,3.603242,8.9367,643.122,REFINED_GROUPED_LAMBERT_GRID
2033,MARS,Mars,LANDING_PROSPECTING,5,2033-04-15T00:00:00Z,2033-10-12T00:00:00Z,180,2.989431,3.603242,8.9367,1127.585,REFINED_GROUPED_LAMBERT_GRID
2033,MARS,Mars,CARGO_DELIVERY,20,2033-04-15T00:00:00Z,2033-10-12T00:00:00Z,180,2.989431,3.603242,8.9367,1557.338,REFINED_GROUPED_LAMBERT_GRID
2033,MARS,Mars,CREWED_TRANSPORT,100,2033-05-15T00:00:00Z,2033-11-11T00:00:00Z,180,4.147395,3.556807,17.200887,7145.826,REFINED_GROUPED_LAMBERT_GRID
2034,MARS,Mars,FLYBY,1,2034-05-15T00:00:00Z,2036-05-14T00:00:00Z,730,6.100878,11.605978,37.220715,532.291,REFINED_GROUPED_LAMBERT_GRID
2034,MARS,Mars,ORBITAL_RECON,2,2034-12-15T00:00:00Z,2035-06-13T00:00:00Z,180,11.234987,11.136089,126.224944,897.289,REFINED_GROUPED_LAMBERT_GRID
2034,MARS,Mars,RENDEZVOUS,2,2034-12-15T00:00:00Z,2035-06-13T00:00:00Z,180,11.234987,11.136089,126.224944,897.289,REFINED_GROUPED_LAMBERT_GRID
2034,MARS,Mars,LANDING_PROSPECTING,5,2034-12-15T00:00:00Z,2035-06-13T00:00:00Z,180,11.234987,11.136089,126.224944,1657.442,REFINED_GROUPED_LAMBERT_GRID
2034,MARS,Mars,CARGO_DELIVERY,20,2034-12-15T00:00:00Z,2035-06-13T00:00:00Z,180,11.234987,11.136089,126.224944,3925.134,REFINED_GROUPED_LAMBERT_GRID
2034,MARS,Mars,CREWED_TRANSPORT,100,2034-12-15T00:00:00Z,2035-06-13T00:00:00Z,180,11.234987,11.136089,126.224944,18722.732,REFINED_GROUPED_LAMBERT_GRID
2035,MARS,Mars,FLYBY,1,2035-06-15T00:00:00Z,2035-12-12T00:00:00Z,180,3.315058,3.122274,10.989609,471.378,REFINED_GROUPED_LAMBERT_GRID
2035,MARS,Mars,ORBITAL_RECON,2,2035-07-15T00:00:00Z,2036-01-11T00:00:00Z,180,3.723969,2.692261,13.867947,639.43,REFINED_GROUPED_LAMBERT_GRID
2035,MARS,Mars,RENDEZVOUS,2,2035-07-15T00:00:00Z,2036-01-11T00:00:00Z,180,3.723969,2.692261,13.867947,639.43,REFINED_GROUPED_LAMBERT_GRID
2035,MARS,Mars,LANDING_PROSPECTING,5,2035-07-15T00:00:00Z,2036-01-11T00:00:00Z,180,3.723969,2.692261,13.867947,1113.916,REFINED_GROUPED_LAMBERT_GRID
2035,MARS,Mars,CARGO_DELIVERY,20,2035-07-15T00:00:00Z,2036-01-11T00:00:00Z,180,3.723969,2.692261,13.867947,1477.159,REFINED_GROUPED_LAMBERT_GRID
2035,MARS,Mars,CREWED_TRANSPORT,100,2035-07-15T00:00:00Z,2036-01-11T00:00:00Z,180,3.723969,2.692261,13.867947,6752.514,REFINED_GROUPED_LAMBERT_GRID
2026,MATHILDE,253 Mathilde,FLYBY,1,2026-01-15T00:00:00Z,2027-01-15T00:00:00Z,365,13.769955,9.134971,189.611661,593.746,EXISTING_SCREEN_SINGLE_CANDIDATE
2026,MATHILDE,253 Mathilde,ORBITAL_RECON,2,2026-01-15T00:00:00Z,2027-01-15T00:00:00Z,365,13.769955,9.134971,189.611661,1008.308,EXISTING_SCREEN_SINGLE_CANDIDATE
2026,MATHILDE,253 Mathilde,RENDEZVOUS,2,2026-01-15T00:00:00Z,2027-01-15T00:00:00Z,365,13.769955,9.134971,189.611661,1008.308,EXISTING_SCREEN_SINGLE_CANDIDATE
2026,MATHILDE,253 Mathilde,LANDING_PROSPECTING,5,2026-01-15T00:00:00Z,2027-01-15T00:00:00Z,365,13.769955,9.134971,189.611661,1855.15,EXISTING_SCREEN_SINGLE_CANDIDATE
2026,MATHILDE,253 Mathilde,CARGO_DELIVERY,20,2026-01-15T00:00:00Z,2027-01-15T00:00:00Z,365,13.769955,9.134971,189.611661,4700.765,EXISTING_SCREEN_SINGLE_CANDIDATE
2026,MATHILDE,253 Mathilde,CREWED_TRANSPORT,100,2026-01-15T00:00:00Z,2027-01-15T00:00:00Z,365,13.769955,9.134971,189.611661,22448.758,EXISTING_SCREEN_SINGLE_CANDIDATE
2027,MATHILDE,253 Mathilde,FLYBY,1,2027-07-15T00:00:00Z,2029-07-14T00:00:00Z,730,9.740052,4.810496,94.868613,566.88,EXISTING_SCREEN_SINGLE_CANDIDATE
2027,MATHILDE,253 Mathilde,ORBITAL_RECON,2,2027-07-15T00:00:00Z,2029-07-14T00:00:00Z,730,9.740052,4.810496,94.868613,793.379,EXISTING_SCREEN_SINGLE_CANDIDATE
2027,MATHILDE,253 Mathilde,RENDEZVOUS,2,2027-07-15T00:00:00Z,2029-07-14T00:00:00Z,730,9.740052,4.810496,94.868613,793.379,EXISTING_SCREEN_SINGLE_CANDIDATE
2027,MATHILDE,253 Mathilde,LANDING_PROSPECTING,5,2027-07-15T00:00:00Z,2029-07-14T00:00:00Z,730,9.740052,4.810496,94.868613,1358.126,EXISTING_SCREEN_SINGLE_CANDIDATE
2027,MATHILDE,253 Mathilde,CARGO_DELIVERY,20,2027-07-15T00:00:00Z,2029-07-14T00:00:00Z,730,9.740052,4.810496,94.868613,2323.112,EXISTING_SCREEN_SINGLE_CANDIDATE
2027,MATHILDE,253 Mathilde,CREWED_TRANSPORT,100,2027-07-15T00:00:00Z,2029-07-14T00:00:00Z,730,9.740052,4.810496,94.868613,10787.873,EXISTING_SCREEN_SINGLE_CANDIDATE
2028,MATHILDE,253 Mathilde,FLYBY,1,2028-07-15T00:00:00Z,2030-07-15T00:00:00Z,730,17.062717,5.36212,291.136311,684.641,EXISTING_SCREEN_SINGLE_CANDIDATE
2028,MATHILDE,253 Mathilde,ORBITAL_RECON,2,2028-07-15T00:00:00Z,2030-07-15T00:00:00Z,730,17.062717,5.36212,291.136311,926.332,EXISTING_SCREEN_SINGLE_CANDIDATE
2028,MATHILDE,253 Mathilde,RENDEZVOUS,2,2028-07-15T00:00:00Z,2030-07-15T00:00:00Z,730,17.062717,5.36212,291.136311,926.332,EXISTING_SCREEN_SINGLE_CANDIDATE
2028,MATHILDE,253 Mathilde,LANDING_PROSPECTING,5,2028-07-15T00:00:00Z,2030-07-15T00:00:00Z,730,17.062717,5.36212,291.136311,1513.869,EXISTING_SCREEN_SINGLE_CANDIDATE
2028,MATHILDE,253 Mathilde,CARGO_DELIVERY,20,2028-07-15T00:00:00Z,2030-07-15T00:00:00Z,730,17.062717,5.36212,291.136311,2630.784,EXISTING_SCREEN_SINGLE_CANDIDATE
2028,MATHILDE,253 Mathilde,CREWED_TRANSPORT,100,2028-07-15T00:00:00Z,2030-07-15T00:00:00Z,730,17.062717,5.36212,291.136311,11855.192,EXISTING_SCREEN_SINGLE_CANDIDATE
2029,MATHILDE,253 Mathilde,FLYBY,1,2029-07-15T00:00:00Z,2033-07-14T00:00:00Z,1460,11.431487,12.42453,130.678895,648.325,EXISTING_SCREEN_SINGLE_CANDIDATE
2029,MATHILDE,253 Mathilde,ORBITAL_RECON,2,2029-07-15T00:00:00Z,2033-07-14T00:00:00Z,1460,11.431487,12.42453,130.678895,1390.955,EXISTING_SCREEN_SINGLE_CANDIDATE
2029,MATHILDE,253 Mathilde,RENDEZVOUS,2,2029-07-15T00:00:00Z,2033-07-14T00:00:00Z,1460,11.431487,12.42453,130.678895,1390.955,EXISTING_SCREEN_SINGLE_CANDIDATE
2029,MATHILDE,253 Mathilde,LANDING_PROSPECTING,5,2029-07-15T00:00:00Z,2033-07-14T00:00:00Z,1460,11.431487,12.42453,130.678895,2729.901,EXISTING_SCREEN_SINGLE_CANDIDATE
2029,MATHILDE,253 Mathilde,CARGO_DELIVERY,20,2029-07-15T00:00:00Z,2033-07-14T00:00:00Z,1460,11.431487,12.42453,130.678895,8856.203,EXISTING_SCREEN_SINGLE_CANDIDATE
2029,MATHILDE,253 Mathilde,CREWED_TRANSPORT,100,2029-07-15T00:00:00Z,2033-07-14T00:00:00Z,1460,11.431487,12.42453,130.678895,43367.387,EXISTING_SCREEN_SINGLE_CANDIDATE
2030,MATHILDE,253 Mathilde,FLYBY,1,2030-01-15T00:00:00Z,2031-01-15T00:00:00Z,365,11.481577,7.407362,131.82661,559.075,EXISTING_SCREEN_SINGLE_CANDIDATE
2030,MATHILDE,253 Mathilde,ORBITAL_RECON,2,2030-01-15T00:00:00Z,2031-01-15T00:00:00Z,365,11.481577,7.407362,131.82661,876.54,EXISTING_SCREEN_SINGLE_CANDIDATE
2030,MATHILDE,253 Mathilde,RENDEZVOUS,2,2030-01-15T00:00:00Z,2031-01-15T00:00:00Z,365,11.481577,7.407362,131.82661,876.54,EXISTING_SCREEN_SINGLE_CANDIDATE
2030,MATHILDE,253 Mathilde,LANDING_PROSPECTING,5,2030-01-15T00:00:00Z,2031-01-15T00:00:00Z,365,11.481577,7.407362,131.82661,1577.737,EXISTING_SCREEN_SINGLE_CANDIDATE
2030,MATHILDE,253 Mathilde,CARGO_DELIVERY,20,2030-01-15T00:00:00Z,2031-01-15T00:00:00Z,365,11.481577,7.407362,131.82661,3452.381,EXISTING_SCREEN_SINGLE_CANDIDATE
2030,MATHILDE,253 Mathilde,CREWED_TRANSPORT,100,2030-01-15T00:00:00Z,2031-01-15T00:00:00Z,365,11.481577,7.407362,131.82661,16345.52,EXISTING_SCREEN_SINGLE_CANDIDATE
2031,MATHILDE,253 Mathilde,FLYBY,1,2031-07-15T00:00:00Z,2033-07-14T00:00:00Z,730,9.847041,6.547378,96.964216,568.137,EXISTING_SCREEN_SINGLE_CANDIDATE
2031,MATHILDE,253 Mathilde,ORBITAL_RECON,2,2031-07-15T00:00:00Z,2033-07-14T00:00:00Z,730,9.847041,6.547378,96.964216,849.512,EXISTING_SCREEN_SINGLE_CANDIDATE
2031,MATHILDE,253 Mathilde,RENDEZVOUS,2,2031-07-15T00:00:00Z,2033-07-14T00:00:00Z,730,9.847041,6.547378,96.964216,849.512,EXISTING_SCREEN_SINGLE_CANDIDATE
2031,MATHILDE,253 Mathilde,LANDING_PROSPECTING,5,2031-07-15T00:00:00Z,2033-07-14T00:00:00Z,730,9.847041,6.547378,96.964216,1496.574,EXISTING_SCREEN_SINGLE_CANDIDATE
2031,MATHILDE,253 Mathilde,CARGO_DELIVERY,20,2031-07-15T00:00:00Z,2033-07-14T00:00:00Z,730,9.847041,6.547378,96.964216,3010.321,EXISTING_SCREEN_SINGLE_CANDIDATE
2031,MATHILDE,253 Mathilde,CREWED_TRANSPORT,100,2031-07-15T00:00:00Z,2033-07-14T00:00:00Z,730,9.847041,6.547378,96.964216,14218.891,EXISTING_SCREEN_SINGLE_CANDIDATE
2032,MATHILDE,253 Mathilde,FLYBY,1,2032-07-15T00:00:00Z,2034-07-15T00:00:00Z,730,14.336112,4.432774,205.524107,633.273,EXISTING_SCREEN_SINGLE_CANDIDATE
2032,MATHILDE,253 Mathilde,ORBITAL_RECON,2,2032-07-15T00:00:00Z,2034-07-15T00:00:00Z,730,14.336112,4.432774,205.524107,850.392,EXISTING_SCREEN_SINGLE_CANDIDATE
2032,MATHILDE,253 Mathilde,RENDEZVOUS,2,2032-07-15T00:00:00Z,2034-07-15T00:00:00Z,730,14.336112,4.432774,205.524107,850.392,EXISTING_SCREEN_SINGLE_CANDIDATE
2032,MATHILDE,253 Mathilde,LANDING_PROSPECTING,5,2032-07-15T00:00:00Z,2034-07-15T00:00:00Z,730,14.336112,4.432774,205.524107,1401.071,EXISTING_SCREEN_SINGLE_CANDIDATE
2032,MATHILDE,253 Mathilde,CARGO_DELIVERY,20,2032-07-15T00:00:00Z,2034-07-15T00:00:00Z,730,14.336112,4.432774,205.524107,2272.261,EXISTING_SCREEN_SINGLE_CANDIDATE
2032,MATHILDE,253 Mathilde,CREWED_TRANSPORT,100,2032-07-15T00:00:00Z,2034-07-15T00:00:00Z,730,14.336112,4.432774,205.524107,10268.046,EXISTING_SCREEN_SINGLE_CANDIDATE
2033,MATHILDE,253 Mathilde,FLYBY,1,2033-01-15T00:00:00Z,2035-01-15T00:00:00Z,730,23.584972,8.473279,556.250904,843.709,EXISTING_SCREEN_SINGLE_CANDIDATE
2033,MATHILDE,253 Mathilde,ORBITAL_RECON,2,2033-01-15T00:00:00Z,2035-01-15T00:00:00Z,730,23.584972,8.473279,556.250904,1216.624,EXISTING_SCREEN_SINGLE_CANDIDATE
2033,MATHILDE,253 Mathilde,RENDEZVOUS,2,2033-01-15T00:00:00Z,2035-01-15T00:00:00Z,730,23.584972,8.473279,556.250904,1216.624,EXISTING_SCREEN_SINGLE_CANDIDATE
2033,MATHILDE,253 Mathilde,LANDING_PROSPECTING,5,2033-01-15T00:00:00Z,2035-01-15T00:00:00Z,730,23.584972,8.473279,556.250904,2000.997,EXISTING_SCREEN_SINGLE_CANDIDATE
2033,MATHILDE,253 Mathilde,CARGO_DELIVERY,20,2033-01-15T00:00:00Z,2035-01-15T00:00:00Z,730,23.584972,8.473279,556.250904,4430.146,EXISTING_SCREEN_SINGLE_CANDIDATE
2033,MATHILDE,253 Mathilde,CREWED_TRANSPORT,100,2033-01-15T00:00:00Z,2035-01-15T00:00:00Z,730,23.584972,8.473279,556.250904,20215.725,EXISTING_SCREEN_SINGLE_CANDIDATE
2034,MATHILDE,253 Mathilde,FLYBY,1,2034-07-15T00:00:00Z,2038-07-14T00:00:00Z,1460,9.685656,8.964501,93.811932,626.205,EXISTING_SCREEN_SINGLE_CANDIDATE
2034,MATHILDE,253 Mathilde,ORBITAL_RECON,2,2034-07-15T00:00:00Z,2038-07-14T00:00:00Z,1460,9.685656,8.964501,93.811932,1029.445,EXISTING_SCREEN_SINGLE_CANDIDATE
2034,MATHILDE,253 Mathilde,RENDEZVOUS,2,2034-07-15T00:00:00Z,2038-07-14T00:00:00Z,1460,9.685656,8.964501,93.811932,1029.445,EXISTING_SCREEN_SINGLE_CANDIDATE
2034,MATHILDE,253 Mathilde,LANDING_PROSPECTING,5,2034-07-15T00:00:00Z,2038-07-14T00:00:00Z,1460,9.685656,8.964501,93.811932,1859.305,EXISTING_SCREEN_SINGLE_CANDIDATE
2034,MATHILDE,253 Mathilde,CARGO_DELIVERY,20,2034-07-15T00:00:00Z,2038-07-14T00:00:00Z,1460,9.685656,8.964501,93.811932,4591.703,EXISTING_SCREEN_SINGLE_CANDIDATE
2034,MATHILDE,253 Mathilde,CREWED_TRANSPORT,100,2034-07-15T00:00:00Z,2038-07-14T00:00:00Z,1460,9.685656,8.964501,93.811932,22133.366,EXISTING_SCREEN_SINGLE_CANDIDATE
2035,MATHILDE,253 Mathilde,FLYBY,1,2035-01-15T00:00:00Z,2036-01-15T00:00:00Z,365,6.923822,7.661301,47.939311,508.743,EXISTING_SCREEN_SINGLE_CANDIDATE
2035,MATHILDE,253 Mathilde,ORBITAL_RECON,2,2035-01-15T00:00:00Z,2036-01-15T00:00:00Z,365,6.923822,7.661301,47.939311,838.252,EXISTING_SCREEN_SINGLE_CANDIDATE
2035,MATHILDE,253 Mathilde,RENDEZVOUS,2,2035-01-15T00:00:00Z,2036-01-15T00:00:00Z,365,6.923822,7.661301,47.939311,838.252,EXISTING_SCREEN_SINGLE_CANDIDATE
2035,MATHILDE,253 Mathilde,LANDING_PROSPECTING,5,2035-01-15T00:00:00Z,2036-01-15T00:00:00Z,365,6.923822,7.661301,47.939311,1557.514,EXISTING_SCREEN_SINGLE_CANDIDATE
2035,MATHILDE,253 Mathilde,CARGO_DELIVERY,20,2035-01-15T00:00:00Z,2036-01-15T00:00:00Z,365,6.923822,7.661301,47.939311,3552.599,EXISTING_SCREEN_SINGLE_CANDIDATE
2035,MATHILDE,253 Mathilde,CREWED_TRANSPORT,100,2035-01-15T00:00:00Z,2036-01-15T00:00:00Z,365,6.923822,7.661301,47.939311,17047.94,EXISTING_SCREEN_SINGLE_CANDIDATE
2026,MERCURY,Mercury,FLYBY,1,2026-09-15T00:00:00Z,2027-03-14T00:00:00Z,180,10.918901,13.843613,119.2224,536.318,REFINED_GROUPED_LAMBERT_GRID
2026,MERCURY,Mercury,ORBITAL_RECON,2,2026-05-15T00:00:00Z,2026-11-11T00:00:00Z,180,15.769036,9.266666,248.662483,1037.588,REFINED_GROUPED_LAMBERT_GRID
2026,MERCURY,Mercury,RENDEZVOUS,2,2026-05-15T00:00:00Z,2026-11-11T00:00:00Z,180,15.769036,9.266666,248.662483,1037.588,REFINED_GROUPED_LAMBERT_GRID
2026,MERCURY,Mercury,LANDING_PROSPECTING,5,2026-05-15T00:00:00Z,2026-11-11T00:00:00Z,180,15.769036,9.266666,248.662483,1897.998,REFINED_GROUPED_LAMBERT_GRID
2026,MERCURY,Mercury,CARGO_DELIVERY,20,2026-05-15T00:00:00Z,2026-11-11T00:00:00Z,180,15.769036,9.266666,248.662483,4834.061,REFINED_GROUPED_LAMBERT_GRID
2026,MERCURY,Mercury,CREWED_TRANSPORT,100,2026-05-15T00:00:00Z,2026-11-11T00:00:00Z,180,15.769036,9.266666,248.662483,22973.515,REFINED_GROUPED_LAMBERT_GRID
2027,MERCURY,Mercury,FLYBY,1,2027-09-15T00:00:00Z,2028-03-13T00:00:00Z,180,13.247077,24.105744,175.485044,570.075,REFINED_GROUPED_LAMBERT_GRID
2027,MERCURY,Mercury,ORBITAL_RECON,2,2027-12-15T00:00:00Z,2028-06-12T00:00:00Z,180,14.433609,16.407328,208.329083,2232.737,REFINED_GROUPED_LAMBERT_GRID
2027,MERCURY,Mercury,RENDEZVOUS,2,2027-12-15T00:00:00Z,2028-06-12T00:00:00Z,180,14.433609,16.407328,208.329083,2232.737,REFINED_GROUPED_LAMBERT_GRID
2027,MERCURY,Mercury,LANDING_PROSPECTING,5,2027-12-15T00:00:00Z,2028-12-14T00:00:00Z,365,20.672707,15.956191,427.360805,4703.207,REFINED_GROUPED_LAMBERT_GRID
2027,MERCURY,Mercury,CARGO_DELIVERY,20,2027-12-15T00:00:00Z,2028-12-14T00:00:00Z,365,20.672707,15.956191,427.360805,18370.449,REFINED_GROUPED_LAMBERT_GRID
2027,MERCURY,Mercury,CREWED_TRANSPORT,100,2027-12-15T00:00:00Z,2028-12-14T00:00:00Z,365,20.672707,15.956191,427.360805,90226.579,REFINED_GROUPED_LAMBERT_GRID
2028,MERCURY,Mercury,FLYBY,1,2028-08-15T00:00:00Z,2029-02-11T00:00:00Z,180,11.897525,14.939085,141.551109,549.715,REFINED_GROUPED_LAMBERT_GRID
2028,MERCURY,Mercury,ORBITAL_RECON,2,2028-04-15T00:00:00Z,2028-10-12T00:00:00Z,180,15.37277,11.651516,236.322069,1249.356,REFINED_GROUPED_LAMBERT_GRID
2028,MERCURY,Mercury,RENDEZVOUS,2,2028-04-15T00:00:00Z,2028-10-12T00:00:00Z,180,15.37277,11.651516,236.322069,1249.356,REFINED_GROUPED_LAMBERT_GRID
2028,MERCURY,Mercury,LANDING_PROSPECTING,5,2028-04-15T00:00:00Z,2028-10-12T00:00:00Z,180,15.37277,11.651516,236.322069,2438.523,REFINED_GROUPED_LAMBERT_GRID
2028,MERCURY,Mercury,CARGO_DELIVERY,20,2028-04-15T00:00:00Z,2028-10-12T00:00:00Z,180,15.37277,11.651516,236.322069,7566.306,REFINED_GROUPED_LAMBERT_GRID
2028,MERCURY,Mercury,CREWED_TRANSPORT,100,2028-04-15T00:00:00Z,2028-10-12T00:00:00Z,180,15.37277,11.651516,236.322069,36664.356,REFINED_GROUPED_LAMBERT_GRID
2029,MERCURY,Mercury,FLYBY,1,2029-11-15T00:00:00Z,2030-05-14T00:00:00Z,180,11.409111,13.35233,130.16782,542.885,REFINED_GROUPED_LAMBERT_GRID
2029,MERCURY,Mercury,ORBITAL_RECON,2,2029-11-15T00:00:00Z,2030-05-14T00:00:00Z,180,11.409111,13.35233,130.16782,1430.37,REFINED_GROUPED_LAMBERT_GRID
2029,MERCURY,Mercury,RENDEZVOUS,2,2029-11-15T00:00:00Z,2030-05-14T00:00:00Z,180,11.409111,13.35233,130.16782,1430.37,REFINED_GROUPED_LAMBERT_GRID
2029,MERCURY,Mercury,LANDING_PROSPECTING,5,2029-11-15T00:00:00Z,2030-05-14T00:00:00Z,180,11.409111,13.35233,130.16782,2986.597,REFINED_GROUPED_LAMBERT_GRID
2029,MERCURY,Mercury,CARGO_DELIVERY,20,2029-11-15T00:00:00Z,2030-05-14T00:00:00Z,180,11.409111,13.35233,130.16782,10561.443,REFINED_GROUPED_LAMBERT_GRID
2029,MERCURY,Mercury,CREWED_TRANSPORT,100,2029-11-15T00:00:00Z,2030-05-14T00:00:00Z,180,11.409111,13.35233,130.16782,51894.815,REFINED_GROUPED_LAMBERT_GRID
2030,MERCURY,Mercury,FLYBY,1,2030-10-15T00:00:00Z,2031-04-13T00:00:00Z,180,11.958563,18.120708,143.007218,550.589,REFINED_GROUPED_LAMBERT_GRID
2030,MERCURY,Mercury,ORBITAL_RECON,2,2030-07-15T00:00:00Z,2031-01-11T00:00:00Z,180,13.702454,16.619558,187.757255,2294.423,REFINED_GROUPED_LAMBERT_GRID
2030,MERCURY,Mercury,RENDEZVOUS,2,2030-07-15T00:00:00Z,2031-01-11T00:00:00Z,180,13.702454,16.619558,187.757255,2294.423,REFINED_GROUPED_LAMBERT_GRID
2030,MERCURY,Mercury,LANDING_PROSPECTING,5,2030-07-15T00:00:00Z,2031-01-11T00:00:00Z,180,13.702454,16.619558,187.757255,5094.9,REFINED_GROUPED_LAMBERT_GRID
2030,MERCURY,Mercury,CARGO_DELIVERY,20,2030-07-15T00:00:00Z,2031-01-11T00:00:00Z,180,13.702454,16.619558,187.757255,20964.744,REFINED_GROUPED_LAMBERT_GRID
2030,MERCURY,Mercury,CREWED_TRANSPORT,100,2030-06-15T00:00:00Z,2032-06-14T00:00:00Z,730,26.317243,16.584162,692.597261,103514.948,REFINED_GROUPED_LAMBERT_GRID
2031,MERCURY,Mercury,FLYBY,1,2031-10-15T00:00:00Z,2032-04-12T00:00:00Z,180,10.814361,14.380431,116.950394,534.955,REFINED_GROUPED_LAMBERT_GRID
2031,MERCURY,Mercury,ORBITAL_RECON,2,2031-06-15T00:00:00Z,2031-12-12T00:00:00Z,180,14.87332,10.718659,221.215646,1140.542,REFINED_GROUPED_LAMBERT_GRID
2031,MERCURY,Mercury,RENDEZVOUS,2,2031-06-15T00:00:00Z,2031-12-12T00:00:00Z,180,14.87332,10.718659,221.215646,1140.542,REFINED_GROUPED_LAMBERT_GRID
2031,MERCURY,Mercury,LANDING_PROSPECTING,5,2031-06-15T00:00:00Z,2031-12-12T00:00:00Z,180,14.87332,10.718659,221.215646,2180.085,REFINED_GROUPED_LAMBERT_GRID
2031,MERCURY,Mercury,CARGO_DELIVERY,20,2031-06-15T00:00:00Z,2031-12-12T00:00:00Z,180,14.87332,10.718659,221.215646,6310.371,REFINED_GROUPED_LAMBERT_GRID
2031,MERCURY,Mercury,CREWED_TRANSPORT,100,2031-06-15T00:00:00Z,2031-12-12T00:00:00Z,180,14.87332,10.718659,221.215646,30420.937,REFINED_GROUPED_LAMBERT_GRID
2032,MERCURY,Mercury,FLYBY,1,2032-09-15T00:00:00Z,2033-03-14T00:00:00Z,180,11.600745,15.456637,134.577291,545.531,REFINED_GROUPED_LAMBERT_GRID
2032,MERCURY,Mercury,ORBITAL_RECON,2,2032-05-15T00:00:00Z,2033-05-15T00:00:00Z,365,23.319452,13.707254,543.796847,1757.547,REFINED_GROUPED_LAMBERT_GRID
2032,MERCURY,Mercury,RENDEZVOUS,2,2032-05-15T00:00:00Z,2033-05-15T00:00:00Z,365,23.319452,13.707254,543.796847,1757.547,REFINED_GROUPED_LAMBERT_GRID
2032,MERCURY,Mercury,LANDING_PROSPECTING,5,2032-05-15T00:00:00Z,2033-05-15T00:00:00Z,365,23.319452,13.707254,543.796847,3409.481,REFINED_GROUPED_LAMBERT_GRID
2032,MERCURY,Mercury,CARGO_DELIVERY,20,2032-05-15T00:00:00Z,2033-05-15T00:00:00Z,365,23.319452,13.707254,543.796847,11622.376,REFINED_GROUPED_LAMBERT_GRID
2032,MERCURY,Mercury,CREWED_TRANSPORT,100,2032-05-15T00:00:00Z,2033-05-15T00:00:00Z,365,23.319452,13.707254,543.796847,56206.769,REFINED_GROUPED_LAMBERT_GRID
2033,MERCURY,Mercury,FLYBY,1,2033-09-15T00:00:00Z,2034-03-14T00:00:00Z,180,11.340957,16.821712,128.617303,541.955,REFINED_GROUPED_LAMBERT_GRID
2033,MERCURY,Mercury,ORBITAL_RECON,2,2033-05-15T00:00:00Z,2033-11-11T00:00:00Z,180,15.611681,11.311821,243.724583,1215.06,REFINED_GROUPED_LAMBERT_GRID
2033,MERCURY,Mercury,RENDEZVOUS,2,2033-05-15T00:00:00Z,2033-11-11T00:00:00Z,180,15.611681,11.311821,243.724583,1215.06,REFINED_GROUPED_LAMBERT_GRID
2033,MERCURY,Mercury,LANDING_PROSPECTING,5,2033-05-15T00:00:00Z,2033-11-11T00:00:00Z,180,15.611681,11.311821,243.724583,2346.12,REFINED_GROUPED_LAMBERT_GRID
2033,MERCURY,Mercury,CARGO_DELIVERY,20,2033-05-15T00:00:00Z,2033-11-11T00:00:00Z,180,15.611681,11.311821,243.724583,7086.525,REFINED_GROUPED_LAMBERT_GRID
2033,MERCURY,Mercury,CREWED_TRANSPORT,100,2033-05-15T00:00:00Z,2033-11-11T00:00:00Z,180,15.611681,11.311821,243.724583,34247.686,REFINED_GROUPED_LAMBERT_GRID
2034,MERCURY,Mercury,FLYBY,1,2034-08-15T00:00:00Z,2035-02-11T00:00:00Z,180,12.247639,13.900591,150.004649,554.787,REFINED_GROUPED_LAMBERT_GRID
2034,MERCURY,Mercury,ORBITAL_RECON,2,2034-04-15T00:00:00Z,2035-04-15T00:00:00Z,365,23.123904,12.279767,534.71495,1523.411,REFINED_GROUPED_LAMBERT_GRID
2034,MERCURY,Mercury,RENDEZVOUS,2,2034-04-15T00:00:00Z,2035-04-15T00:00:00Z,365,23.123904,12.279767,534.71495,1523.411,REFINED_GROUPED_LAMBERT_GRID
2034,MERCURY,Mercury,LANDING_PROSPECTING,5,2034-04-15T00:00:00Z,2035-04-15T00:00:00Z,365,23.123904,12.279767,534.71495,2832.315,REFINED_GROUPED_LAMBERT_GRID
2034,MERCURY,Mercury,CARGO_DELIVERY,20,2034-04-15T00:00:00Z,2035-04-15T00:00:00Z,365,23.123904,12.279767,534.71495,8758.343,REFINED_GROUPED_LAMBERT_GRID
2034,MERCURY,Mercury,CREWED_TRANSPORT,100,2034-04-15T00:00:00Z,2035-04-15T00:00:00Z,365,23.123904,12.279767,534.71495,41908.397,REFINED_GROUPED_LAMBERT_GRID
2035,MERCURY,Mercury,FLYBY,1,2035-11-15T00:00:00Z,2036-05-13T00:00:00Z,180,12.153937,14.552744,147.718185,553.415,REFINED_GROUPED_LAMBERT_GRID
2035,MERCURY,Mercury,ORBITAL_RECON,2,2035-11-15T00:00:00Z,2036-05-13T00:00:00Z,180,12.153937,14.552744,147.718185,1678.597,REFINED_GROUPED_LAMBERT_GRID
2035,MERCURY,Mercury,RENDEZVOUS,2,2035-11-15T00:00:00Z,2036-05-13T00:00:00Z,180,12.153937,14.552744,147.718185,1678.597,REFINED_GROUPED_LAMBERT_GRID
2035,MERCURY,Mercury,LANDING_PROSPECTING,5,2035-11-15T00:00:00Z,2036-05-13T00:00:00Z,180,12.153937,14.552744,147.718185,3591.369,REFINED_GROUPED_LAMBERT_GRID
2035,MERCURY,Mercury,CARGO_DELIVERY,20,2035-11-15T00:00:00Z,2036-05-13T00:00:00Z,180,12.153937,14.552744,147.718185,13543.183,REFINED_GROUPED_LAMBERT_GRID
2035,MERCURY,Mercury,CREWED_TRANSPORT,100,2035-11-15T00:00:00Z,2036-05-13T00:00:00Z,180,12.153937,14.552744,147.718185,66761.392,REFINED_GROUPED_LAMBERT_GRID
2026,MIMAS,Mimas,FLYBY,1,2026-06-15T00:00:00Z,2028-06-14T00:00:00Z,730,14.210476,18.661071,201.937625,1031.122,REFINED_GROUPED_LAMBERT_GRID
2026,MIMAS,Mimas,ORBITAL_RECON,2,2026-06-15T00:00:00Z,2030-06-14T00:00:00Z,1460,11.294616,7.169161,127.568357,1334.367,REFINED_GROUPED_LAMBERT_GRID
2026,MIMAS,Mimas,RENDEZVOUS,2,2026-06-15T00:00:00Z,2030-06-14T00:00:00Z,1460,11.294616,7.169161,127.568357,1334.367,REFINED_GROUPED_LAMBERT_GRID
2026,MIMAS,Mimas,LANDING_PROSPECTING,5,2026-06-15T00:00:00Z,2030-06-14T00:00:00Z,1460,11.294616,7.169161,127.568357,1991.23,REFINED_GROUPED_LAMBERT_GRID
2026,MIMAS,Mimas,CARGO_DELIVERY,20,2026-06-15T00:00:00Z,2030-06-14T00:00:00Z,1460,11.294616,7.169161,127.568357,3570.315,REFINED_GROUPED_LAMBERT_GRID
2026,MIMAS,Mimas,CREWED_TRANSPORT,100,2026-06-15T00:00:00Z,2030-06-14T00:00:00Z,1460,11.294616,7.169161,127.568357,16145.412,REFINED_GROUPED_LAMBERT_GRID
2027,MIMAS,Mimas,FLYBY,1,2027-06-15T00:00:00Z,2029-06-14T00:00:00Z,730,14.765455,18.652111,218.018662,1040.77,REFINED_GROUPED_LAMBERT_GRID
2027,MIMAS,Mimas,ORBITAL_RECON,2,2027-06-15T00:00:00Z,2031-06-14T00:00:00Z,1460,11.722274,7.158517,137.411707,1340.187,REFINED_GROUPED_LAMBERT_GRID
2027,MIMAS,Mimas,RENDEZVOUS,2,2027-06-15T00:00:00Z,2031-06-14T00:00:00Z,1460,11.722274,7.158517,137.411707,1340.187,REFINED_GROUPED_LAMBERT_GRID
2027,MIMAS,Mimas,LANDING_PROSPECTING,5,2027-06-15T00:00:00Z,2031-06-14T00:00:00Z,1460,11.722274,7.158517,137.411707,1996.92,REFINED_GROUPED_LAMBERT_GRID
2027,MIMAS,Mimas,CARGO_DELIVERY,20,2027-06-15T00:00:00Z,2031-06-14T00:00:00Z,1460,11.722274,7.158517,137.411707,3575.142,REFINED_GROUPED_LAMBERT_GRID
2027,MIMAS,Mimas,CREWED_TRANSPORT,100,2027-07-15T00:00:00Z,2031-07-14T00:00:00Z,1460,12.821415,7.027342,164.388681,16096.444,REFINED_GROUPED_LAMBERT_GRID
2028,MIMAS,Mimas,FLYBY,1,2028-07-15T00:00:00Z,2030-07-15T00:00:00Z,730,14.026102,18.002957,196.731529,1027.998,REFINED_GROUPED_LAMBERT_GRID
2028,MIMAS,Mimas,ORBITAL_RECON,2,2028-07-15T00:00:00Z,2032-07-14T00:00:00Z,1460,11.189939,6.97094,125.214738,1331.374,REFINED_GROUPED_LAMBERT_GRID
2028,MIMAS,Mimas,RENDEZVOUS,2,2028-07-15T00:00:00Z,2032-07-14T00:00:00Z,1460,11.189939,6.97094,125.214738,1331.374,REFINED_GROUPED_LAMBERT_GRID
2028,MIMAS,Mimas,LANDING_PROSPECTING,5,2028-07-15T00:00:00Z,2032-07-14T00:00:00Z,1460,11.189939,6.97094,125.214738,1985.865,REFINED_GROUPED_LAMBERT_GRID
2028,MIMAS,Mimas,CARGO_DELIVERY,20,2028-07-15T00:00:00Z,2032-07-14T00:00:00Z,1460,11.189939,6.97094,125.214738,3549.139,REFINED_GROUPED_LAMBERT_GRID
2028,MIMAS,Mimas,CREWED_TRANSPORT,100,2028-07-15T00:00:00Z,2032-07-14T00:00:00Z,1460,11.189939,6.97094,125.214738,16045.182,REFINED_GROUPED_LAMBERT_GRID
2029,MIMAS,Mimas,FLYBY,1,2029-07-15T00:00:00Z,2031-07-15T00:00:00Z,730,14.264756,18.082014,203.483261,1032.049,REFINED_GROUPED_LAMBERT_GRID
2029,MIMAS,Mimas,ORBITAL_RECON,2,2029-07-15T00:00:00Z,2033-07-14T00:00:00Z,1460,10.638613,6.952675,113.180085,1324.01,REFINED_GROUPED_LAMBERT_GRID
2029,MIMAS,Mimas,RENDEZVOUS,2,2029-07-15T00:00:00Z,2033-07-14T00:00:00Z,1460,10.638613,6.952675,113.180085,1324.01,REFINED_GROUPED_LAMBERT_GRID
2029,MIMAS,Mimas,LANDING_PROSPECTING,5,2029-07-15T00:00:00Z,2033-07-14T00:00:00Z,1460,10.638613,6.952675,113.180085,1978.287,REFINED_GROUPED_LAMBERT_GRID
2029,MIMAS,Mimas,CARGO_DELIVERY,20,2029-07-15T00:00:00Z,2033-07-14T00:00:00Z,1460,10.638613,6.952675,113.180085,3540.133,REFINED_GROUPED_LAMBERT_GRID
2029,MIMAS,Mimas,CREWED_TRANSPORT,100,2029-07-15T00:00:00Z,2033-07-14T00:00:00Z,1460,10.638613,6.952675,113.180085,16029.033,REFINED_GROUPED_LAMBERT_GRID
2030,MIMAS,Mimas,FLYBY,1,2030-08-15T00:00:00Z,2032-08-14T00:00:00Z,730,13.947618,17.548328,194.536054,1026.681,REFINED_GROUPED_LAMBERT_GRID
2030,MIMAS,Mimas,ORBITAL_RECON,2,2030-08-15T00:00:00Z,2034-08-14T00:00:00Z,1460,11.241886,6.85885,126.379996,1331.204,REFINED_GROUPED_LAMBERT_GRID
2030,MIMAS,Mimas,RENDEZVOUS,2,2030-08-15T00:00:00Z,2034-08-14T00:00:00Z,1460,11.241886,6.85885,126.379996,1331.204,REFINED_GROUPED_LAMBERT_GRID
2030,MIMAS,Mimas,LANDING_PROSPECTING,5,2030-08-15T00:00:00Z,2034-08-14T00:00:00Z,1460,11.241886,6.85885,126.379996,1984.391,REFINED_GROUPED_LAMBERT_GRID
2030,MIMAS,Mimas,CARGO_DELIVERY,20,2030-08-15T00:00:00Z,2034-08-14T00:00:00Z,1460,11.241886,6.85885,126.379996,3538.974,REFINED_GROUPED_LAMBERT_GRID
2030,MIMAS,Mimas,CREWED_TRANSPORT,100,2030-08-15T00:00:00Z,2034-08-14T00:00:00Z,1460,11.241886,6.85885,126.379996,15991.557,REFINED_GROUPED_LAMBERT_GRID
2031,MIMAS,Mimas,FLYBY,1,2031-08-15T00:00:00Z,2033-08-14T00:00:00Z,730,14.011726,17.764301,196.328453,1027.756,REFINED_GROUPED_LAMBERT_GRID
2031,MIMAS,Mimas,ORBITAL_RECON,2,2031-08-15T00:00:00Z,2035-08-14T00:00:00Z,1460,10.672954,6.898477,113.911949,1324.029,REFINED_GROUPED_LAMBERT_GRID
2031,MIMAS,Mimas,RENDEZVOUS,2,2031-08-15T00:00:00Z,2035-08-14T00:00:00Z,1460,10.672954,6.898477,113.911949,1324.029,REFINED_GROUPED_LAMBERT_GRID
2031,MIMAS,Mimas,LANDING_PROSPECTING,5,2031-08-15T00:00:00Z,2035-08-14T00:00:00Z,1460,10.672954,6.898477,113.911949,1977.674,REFINED_GROUPED_LAMBERT_GRID
2031,MIMAS,Mimas,CARGO_DELIVERY,20,2031-08-15T00:00:00Z,2035-08-14T00:00:00Z,1460,10.672954,6.898477,113.911949,3535.309,REFINED_GROUPED_LAMBERT_GRID
2031,MIMAS,Mimas,CREWED_TRANSPORT,100,2031-08-15T00:00:00Z,2035-08-14T00:00:00Z,1460,10.672954,6.898477,113.911949,16003.154,REFINED_GROUPED_LAMBERT_GRID
2032,MIMAS,Mimas,FLYBY,1,2032-09-15T00:00:00Z,2034-09-15T00:00:00Z,730,14.079926,17.359122,198.244305,1028.906,REFINED_GROUPED_LAMBERT_GRID
2032,MIMAS,Mimas,ORBITAL_RECON,2,2032-09-15T00:00:00Z,2036-09-14T00:00:00Z,1460,11.634799,6.834169,135.368537,1336.408,REFINED_GROUPED_LAMBERT_GRID
2032,MIMAS,Mimas,RENDEZVOUS,2,2032-09-15T00:00:00Z,2036-09-14T00:00:00Z,1460,11.634799,6.834169,135.368537,1336.408,REFINED_GROUPED_LAMBERT_GRID
2032,MIMAS,Mimas,LANDING_PROSPECTING,5,2032-09-15T00:00:00Z,2036-09-14T00:00:00Z,1460,11.634799,6.834169,135.368537,1989.312,REFINED_GROUPED_LAMBERT_GRID
2032,MIMAS,Mimas,CARGO_DELIVERY,20,2032-09-15T00:00:00Z,2036-09-14T00:00:00Z,1460,11.634799,6.834169,135.368537,3542.005,REFINED_GROUPED_LAMBERT_GRID
2032,MIMAS,Mimas,CREWED_TRANSPORT,100,2032-09-15T00:00:00Z,2036-09-14T00:00:00Z,1460,11.634799,6.834169,135.368537,15985.138,REFINED_GROUPED_LAMBERT_GRID
2033,MIMAS,Mimas,FLYBY,1,2033-09-15T00:00:00Z,2035-09-15T00:00:00Z,730,13.958473,17.735541,194.838981,1026.862,REFINED_GROUPED_LAMBERT_GRID
2033,MIMAS,Mimas,ORBITAL_RECON,2,2033-09-15T00:00:00Z,2037-09-14T00:00:00Z,1460,11.228749,6.934397,126.084814,1331.611,REFINED_GROUPED_LAMBERT_GRID
2033,MIMAS,Mimas,RENDEZVOUS,2,2033-09-15T00:00:00Z,2037-09-14T00:00:00Z,1460,11.228749,6.934397,126.084814,1331.611,REFINED_GROUPED_LAMBERT_GRID
2033,MIMAS,Mimas,LANDING_PROSPECTING,5,2033-09-15T00:00:00Z,2037-09-14T00:00:00Z,1460,11.228749,6.934397,126.084814,1985.674,REFINED_GROUPED_LAMBERT_GRID
2033,MIMAS,Mimas,CARGO_DELIVERY,20,2033-09-15T00:00:00Z,2037-09-14T00:00:00Z,1460,11.228749,6.934397,126.084814,3546.095,REFINED_GROUPED_LAMBERT_GRID
2033,MIMAS,Mimas,CREWED_TRANSPORT,100,2033-10-15T00:00:00Z,2037-10-14T00:00:00Z,1460,13.949778,6.833892,194.596316,16020.543,REFINED_GROUPED_LAMBERT_GRID
2034,MIMAS,Mimas,FLYBY,1,2034-10-15T00:00:00Z,2036-10-14T00:00:00Z,730,14.273632,17.519575,203.736557,1032.201,REFINED_GROUPED_LAMBERT_GRID
2034,MIMAS,Mimas,ORBITAL_RECON,2,2034-10-15T00:00:00Z,2038-10-14T00:00:00Z,1460,11.966928,6.895516,143.207356,1341.583,REFINED_GROUPED_LAMBERT_GRID
2034,MIMAS,Mimas,RENDEZVOUS,2,2034-10-15T00:00:00Z,2038-10-14T00:00:00Z,1460,11.966928,6.895516,143.207356,1341.583,REFINED_GROUPED_LAMBERT_GRID
2034,MIMAS,Mimas,LANDING_PROSPECTING,5,2034-10-15T00:00:00Z,2038-10-14T00:00:00Z,1460,11.966928,6.895516,143.207356,1995.194,REFINED_GROUPED_LAMBERT_GRID
2034,MIMAS,Mimas,CARGO_DELIVERY,20,2034-10-15T00:00:00Z,2038-10-14T00:00:00Z,1460,11.966928,6.895516,143.207356,3552.6,REFINED_GROUPED_LAMBERT_GRID
2034,MIMAS,Mimas,CREWED_TRANSPORT,100,2034-10-15T00:00:00Z,2038-10-14T00:00:00Z,1460,11.966928,6.895516,143.207356,16019.301,REFINED_GROUPED_LAMBERT_GRID
2035,MIMAS,Mimas,FLYBY,1,2035-10-15T00:00:00Z,2037-10-14T00:00:00Z,730,14.161977,18.032618,200.561603,1030.296,REFINED_GROUPED_LAMBERT_GRID
2035,MIMAS,Mimas,ORBITAL_RECON,2,2035-10-15T00:00:00Z,2039-10-14T00:00:00Z,1460,11.557067,7.038877,133.565804,1336.92,REFINED_GROUPED_LAMBERT_GRID
2035,MIMAS,Mimas,RENDEZVOUS,2,2035-10-15T00:00:00Z,2039-10-14T00:00:00Z,1460,11.557067,7.038877,133.565804,1336.92,REFINED_GROUPED_LAMBERT_GRID
2035,MIMAS,Mimas,LANDING_PROSPECTING,5,2035-10-15T00:00:00Z,2039-10-14T00:00:00Z,1460,11.557067,7.038877,133.565804,1992.215,REFINED_GROUPED_LAMBERT_GRID
2035,MIMAS,Mimas,CARGO_DELIVERY,20,2035-10-15T00:00:00Z,2039-10-14T00:00:00Z,1460,11.557067,7.038877,133.565804,3560.844,REFINED_GROUPED_LAMBERT_GRID
2035,MIMAS,Mimas,CREWED_TRANSPORT,100,2035-11-15T00:00:00Z,2039-11-14T00:00:00Z,1460,14.677087,6.929889,215.416896,16079.279,REFINED_GROUPED_LAMBERT_GRID
2026,MIRANDA,Miranda,FLYBY,1,2026-08-15T00:00:00Z,2030-08-14T00:00:00Z,1460,16.780213,20.412302,281.575548,1338.863,REFINED_GROUPED_LAMBERT_GRID
2026,MIRANDA,Miranda,ORBITAL_RECON,2,2026-07-15T00:00:00Z,2034-07-13T00:00:00Z,2920,12.005856,8.497436,144.140568,1615.038,REFINED_GROUPED_LAMBERT_GRID
2026,MIRANDA,Miranda,RENDEZVOUS,2,2026-07-15T00:00:00Z,2034-07-13T00:00:00Z,2920,12.005856,8.497436,144.140568,1615.038,REFINED_GROUPED_LAMBERT_GRID
2026,MIRANDA,Miranda,LANDING_PROSPECTING,5,2026-07-15T00:00:00Z,2034-07-13T00:00:00Z,2920,12.005856,8.497436,144.140568,2198.116,REFINED_GROUPED_LAMBERT_GRID
2026,MIRANDA,Miranda,CARGO_DELIVERY,20,2026-07-15T00:00:00Z,2034-07-13T00:00:00Z,2920,12.005856,8.497436,144.140568,3285.298,REFINED_GROUPED_LAMBERT_GRID
2026,MIRANDA,Miranda,CREWED_TRANSPORT,100,2026-08-15T00:00:00Z,2034-08-13T00:00:00Z,2920,14.50063,8.412878,210.268257,14262.42,REFINED_GROUPED_LAMBERT_GRID
2027,MIRANDA,Miranda,FLYBY,1,2027-08-15T00:00:00Z,2031-08-14T00:00:00Z,1460,16.306649,20.375847,265.906796,1329.462,REFINED_GROUPED_LAMBERT_GRID
2027,MIRANDA,Miranda,ORBITAL_RECON,2,2027-07-15T00:00:00Z,2035-07-13T00:00:00Z,2920,12.224321,8.474786,149.434016,1617.965,REFINED_GROUPED_LAMBERT_GRID
2027,MIRANDA,Miranda,RENDEZVOUS,2,2027-07-15T00:00:00Z,2035-07-13T00:00:00Z,2920,12.224321,8.474786,149.434016,1617.965,REFINED_GROUPED_LAMBERT_GRID
2027,MIRANDA,Miranda,LANDING_PROSPECTING,5,2027-07-15T00:00:00Z,2035-07-13T00:00:00Z,2920,12.224321,8.474786,149.434016,2200.669,REFINED_GROUPED_LAMBERT_GRID
2027,MIRANDA,Miranda,CARGO_DELIVERY,20,2027-07-15T00:00:00Z,2035-07-13T00:00:00Z,2920,12.224321,8.474786,149.434016,3285.359,REFINED_GROUPED_LAMBERT_GRID
2027,MIRANDA,Miranda,CREWED_TRANSPORT,100,2027-08-15T00:00:00Z,2035-08-13T00:00:00Z,2920,13.755191,8.389698,189.205282,14234.093,REFINED_GROUPED_LAMBERT_GRID
2028,MIRANDA,Miranda,FLYBY,1,2028-08-15T00:00:00Z,2032-08-14T00:00:00Z,1460,16.007399,20.326597,256.236822,1323.66,REFINED_GROUPED_LAMBERT_GRID
2028,MIRANDA,Miranda,ORBITAL_RECON,2,2028-07-15T00:00:00Z,2036-07-13T00:00:00Z,2920,12.530464,8.450817,157.012518,1622.25,REFINED_GROUPED_LAMBERT_GRID
2028,MIRANDA,Miranda,RENDEZVOUS,2,2028-07-15T00:00:00Z,2036-07-13T00:00:00Z,2920,12.530464,8.450817,157.012518,1622.25,REFINED_GROUPED_LAMBERT_GRID
2028,MIRANDA,Miranda,LANDING_PROSPECTING,5,2028-07-15T00:00:00Z,2036-07-13T00:00:00Z,2920,12.530464,8.450817,157.012518,2204.559,REFINED_GROUPED_LAMBERT_GRID
2028,MIRANDA,Miranda,CARGO_DELIVERY,20,2028-08-15T00:00:00Z,2036-08-13T00:00:00Z,2920,13.205869,8.364195,174.394975,3285.314,REFINED_GROUPED_LAMBERT_GRID
2028,MIRANDA,Miranda,CREWED_TRANSPORT,100,2028-08-15T00:00:00Z,2036-08-13T00:00:00Z,2920,13.205869,8.364195,174.394975,14208.024,REFINED_GROUPED_LAMBERT_GRID
2029,MIRANDA,Miranda,FLYBY,1,2029-08-15T00:00:00Z,2033-08-14T00:00:00Z,1460,15.819642,20.28856,250.261067,1320.075,REFINED_GROUPED_LAMBERT_GRID
2029,MIRANDA,Miranda,ORBITAL_RECON,2,2029-08-15T00:00:00Z,2037-08-13T00:00:00Z,2920,12.660971,8.340474,160.300192,1623.029,REFINED_GROUPED_LAMBERT_GRID
2029,MIRANDA,Miranda,RENDEZVOUS,2,2029-08-15T00:00:00Z,2037-08-13T00:00:00Z,2920,12.660971,8.340474,160.300192,1623.029,REFINED_GROUPED_LAMBERT_GRID
2029,MIRANDA,Miranda,LANDING_PROSPECTING,5,2029-08-15T00:00:00Z,2037-08-13T00:00:00Z,2920,12.660971,8.340474,160.300192,2203.548,REFINED_GROUPED_LAMBERT_GRID
2029,MIRANDA,Miranda,CARGO_DELIVERY,20,2029-08-15T00:00:00Z,2037-08-13T00:00:00Z,2920,12.660971,8.340474,160.300192,3273.676,REFINED_GROUPED_LAMBERT_GRID
2029,MIRANDA,Miranda,CREWED_TRANSPORT,100,2029-08-15T00:00:00Z,2037-08-13T00:00:00Z,2920,12.660971,8.340474,160.300192,14183.658,REFINED_GROUPED_LAMBERT_GRID
2030,MIRANDA,Miranda,FLYBY,1,2030-08-15T00:00:00Z,2034-08-14T00:00:00Z,1460,15.823785,20.250732,250.392158,1320.153,REFINED_GROUPED_LAMBERT_GRID
2030,MIRANDA,Miranda,ORBITAL_RECON,2,2030-08-15T00:00:00Z,2038-08-13T00:00:00Z,2920,12.26269,8.314733,150.373555,1616.798,REFINED_GROUPED_LAMBERT_GRID
2030,MIRANDA,Miranda,RENDEZVOUS,2,2030-08-15T00:00:00Z,2038-08-13T00:00:00Z,2920,12.26269,8.314733,150.373555,1616.798,REFINED_GROUPED_LAMBERT_GRID
2030,MIRANDA,Miranda,LANDING_PROSPECTING,5,2030-08-15T00:00:00Z,2038-08-13T00:00:00Z,2920,12.26269,8.314733,150.373555,2196.904,REFINED_GROUPED_LAMBERT_GRID
2030,MIRANDA,Miranda,CARGO_DELIVERY,20,2030-08-15T00:00:00Z,2038-08-13T00:00:00Z,2920,12.26269,8.314733,150.373555,3264.283,REFINED_GROUPED_LAMBERT_GRID
2030,MIRANDA,Miranda,CREWED_TRANSPORT,100,2030-08-15T00:00:00Z,2038-08-13T00:00:00Z,2920,12.26269,8.314733,150.373555,14160.519,REFINED_GROUPED_LAMBERT_GRID
2031,MIRANDA,Miranda,FLYBY,1,2031-08-15T00:00:00Z,2035-08-14T00:00:00Z,1460,15.957661,20.212922,254.646937,1322.706,REFINED_GROUPED_LAMBERT_GRID
2031,MIRANDA,Miranda,ORBITAL_RECON,2,2031-08-15T00:00:00Z,2039-08-13T00:00:00Z,2920,11.989061,8.286692,143.73759,1612.518,REFINED_GROUPED_LAMBERT_GRID
2031,MIRANDA,Miranda,RENDEZVOUS,2,2031-08-15T00:00:00Z,2039-08-13T00:00:00Z,2920,11.989061,8.286692,143.73759,1612.518,REFINED_GROUPED_LAMBERT_GRID
2031,MIRANDA,Miranda,LANDING_PROSPECTING,5,2031-08-15T00:00:00Z,2039-08-13T00:00:00Z,2920,11.989061,8.286692,143.73759,2192.178,REFINED_GROUPED_LAMBERT_GRID
2031,MIRANDA,Miranda,CARGO_DELIVERY,20,2031-08-15T00:00:00Z,2039-08-13T00:00:00Z,2920,11.989061,8.286692,143.73759,3256.576,REFINED_GROUPED_LAMBERT_GRID
2031,MIRANDA,Miranda,CREWED_TRANSPORT,100,2031-08-15T00:00:00Z,2039-08-13T00:00:00Z,2920,11.989061,8.286692,143.73759,14137.911,REFINED_GROUPED_LAMBERT_GRID
2032,MIRANDA,Miranda,FLYBY,1,2032-08-15T00:00:00Z,2036-08-14T00:00:00Z,1460,16.189182,20.164059,262.089623,1327.172,REFINED_GROUPED_LAMBERT_GRID
2032,MIRANDA,Miranda,ORBITAL_RECON,2,2032-08-15T00:00:00Z,2040-08-13T00:00:00Z,2920,11.925544,8.254349,142.218592,1611.265,REFINED_GROUPED_LAMBERT_GRID
2032,MIRANDA,Miranda,RENDEZVOUS,2,2032-08-15T00:00:00Z,2040-08-13T00:00:00Z,2920,11.925544,8.254349,142.218592,1611.265,REFINED_GROUPED_LAMBERT_GRID
2032,MIRANDA,Miranda,LANDING_PROSPECTING,5,2032-08-15T00:00:00Z,2040-08-13T00:00:00Z,2920,11.925544,8.254349,142.218592,2190.412,REFINED_GROUPED_LAMBERT_GRID
2032,MIRANDA,Miranda,CARGO_DELIVERY,20,2032-08-15T00:00:00Z,2040-08-13T00:00:00Z,2920,11.925544,8.254349,142.218592,3251.392,REFINED_GROUPED_LAMBERT_GRID
2032,MIRANDA,Miranda,CREWED_TRANSPORT,100,2032-08-15T00:00:00Z,2040-08-13T00:00:00Z,2920,11.925544,8.254349,142.218592,14115.638,REFINED_GROUPED_LAMBERT_GRID
2033,MIRANDA,Miranda,FLYBY,1,2033-09-15T00:00:00Z,2037-09-14T00:00:00Z,1460,16.526403,19.790029,273.122003,1333.791,REFINED_GROUPED_LAMBERT_GRID
2033,MIRANDA,Miranda,ORBITAL_RECON,2,2033-08-15T00:00:00Z,2041-08-13T00:00:00Z,2920,12.010979,8.223653,144.263626,1612.169,REFINED_GROUPED_LAMBERT_GRID
2033,MIRANDA,Miranda,RENDEZVOUS,2,2033-08-15T00:00:00Z,2041-08-13T00:00:00Z,2920,12.010979,8.223653,144.263626,1612.169,REFINED_GROUPED_LAMBERT_GRID
2033,MIRANDA,Miranda,LANDING_PROSPECTING,5,2033-08-15T00:00:00Z,2041-08-13T00:00:00Z,2920,12.010979,8.223653,144.263626,2190.833,REFINED_GROUPED_LAMBERT_GRID
2033,MIRANDA,Miranda,CARGO_DELIVERY,20,2033-08-15T00:00:00Z,2041-08-13T00:00:00Z,2920,12.010979,8.223653,144.263626,3248.589,REFINED_GROUPED_LAMBERT_GRID
2033,MIRANDA,Miranda,CREWED_TRANSPORT,100,2033-09-15T00:00:00Z,2041-09-13T00:00:00Z,2920,14.351855,8.142869,205.975735,14081.248,REFINED_GROUPED_LAMBERT_GRID
2034,MIRANDA,Miranda,FLYBY,1,2034-09-15T00:00:00Z,2038-09-14T00:00:00Z,1460,15.979142,19.763206,255.332967,1323.118,REFINED_GROUPED_LAMBERT_GRID
2034,MIRANDA,Miranda,ORBITAL_RECON,2,2034-08-15T00:00:00Z,2042-08-13T00:00:00Z,2920,12.335407,8.194773,152.162277,1616.607,REFINED_GROUPED_LAMBERT_GRID
2034,MIRANDA,Miranda,RENDEZVOUS,2,2034-08-15T00:00:00Z,2042-08-13T00:00:00Z,2920,12.335407,8.194773,152.162277,1616.607,REFINED_GROUPED_LAMBERT_GRID
2034,MIRANDA,Miranda,LANDING_PROSPECTING,5,2034-08-15T00:00:00Z,2042-08-13T00:00:00Z,2920,12.335407,8.194773,152.162277,2194.818,REFINED_GROUPED_LAMBERT_GRID
2034,MIRANDA,Miranda,CARGO_DELIVERY,20,2034-08-15T00:00:00Z,2042-08-13T00:00:00Z,2920,12.335407,8.194773,152.162277,3249.557,REFINED_GROUPED_LAMBERT_GRID
2034,MIRANDA,Miranda,CREWED_TRANSPORT,100,2034-09-15T00:00:00Z,2042-09-13T00:00:00Z,2920,13.560704,8.109308,183.892684,14046.426,REFINED_GROUPED_LAMBERT_GRID
2035,MIRANDA,Miranda,FLYBY,1,2035-09-15T00:00:00Z,2039-09-14T00:00:00Z,1460,15.64981,19.733643,244.916546,1316.868,REFINED_GROUPED_LAMBERT_GRID
2035,MIRANDA,Miranda,ORBITAL_RECON,2,2035-09-15T00:00:00Z,2043-09-13T00:00:00Z,2920,12.916364,8.077112,166.832472,1624.197,REFINED_GROUPED_LAMBERT_GRID
2035,MIRANDA,Miranda,RENDEZVOUS,2,2035-09-15T00:00:00Z,2043-09-13T00:00:00Z,2920,12.916364,8.077112,166.832472,1624.197,REFINED_GROUPED_LAMBERT_GRID
2035,MIRANDA,Miranda,LANDING_PROSPECTING,5,2035-09-15T00:00:00Z,2043-09-13T00:00:00Z,2920,12.916364,8.077112,166.832472,2200.589,REFINED_GROUPED_LAMBERT_GRID
2035,MIRANDA,Miranda,CARGO_DELIVERY,20,2035-09-15T00:00:00Z,2043-09-13T00:00:00Z,2920,12.916364,8.077112,166.832472,3243.204,REFINED_GROUPED_LAMBERT_GRID
2035,MIRANDA,Miranda,CREWED_TRANSPORT,100,2035-09-15T00:00:00Z,2043-09-13T00:00:00Z,2920,12.916364,8.077112,166.832472,14015.623,REFINED_GROUPED_LAMBERT_GRID
2026,MOON,Moon,FLYBY,1,2026-05-15T00:00:00Z,2026-05-18T00:00:00Z,3,3.111591,1.102674,9.681998,456.056,LUNAR_EARTH_LAMBERT_PROXY
2026,MOON,Moon,ORBITAL_RECON,2,2026-08-15T00:00:00Z,2026-08-20T00:00:00Z,5,3.110198,0.814728,9.673333,614.154,LUNAR_EARTH_LAMBERT_PROXY
2026,MOON,Moon,RENDEZVOUS,2,2026-08-15T00:00:00Z,2026-08-20T00:00:00Z,5,3.110198,0.814728,9.673333,614.154,LUNAR_EARTH_LAMBERT_PROXY
2026,MOON,Moon,LANDING_PROSPECTING,5,2026-08-15T00:00:00Z,2026-08-20T00:00:00Z,5,3.110198,0.814728,9.673333,1076.062,LUNAR_EARTH_LAMBERT_PROXY
2026,MOON,Moon,CARGO_DELIVERY,20,2026-08-15T00:00:00Z,2026-08-20T00:00:00Z,5,3.110198,0.814728,9.673333,1355.453,LUNAR_EARTH_LAMBERT_PROXY
2026,MOON,Moon,CREWED_TRANSPORT,100,2026-08-15T00:00:00Z,2026-08-20T00:00:00Z,5,3.110198,0.814728,9.673333,6154.047,LUNAR_EARTH_LAMBERT_PROXY
2027,MOON,Moon,FLYBY,1,2027-02-15T00:00:00Z,2027-02-18T00:00:00Z,3,3.11517,1.091097,9.704285,456.069,LUNAR_EARTH_LAMBERT_PROXY
2027,MOON,Moon,ORBITAL_RECON,2,2027-05-15T00:00:00Z,2027-05-20T00:00:00Z,5,3.108058,0.841632,9.660024,614.433,LUNAR_EARTH_LAMBERT_PROXY
2027,MOON,Moon,RENDEZVOUS,2,2027-05-15T00:00:00Z,2027-05-20T00:00:00Z,5,3.108058,0.841632,9.660024,614.433,LUNAR_EARTH_LAMBERT_PROXY
2027,MOON,Moon,LANDING_PROSPECTING,5,2027-05-15T00:00:00Z,2027-05-20T00:00:00Z,5,3.108058,0.841632,9.660024,1076.773,LUNAR_EARTH_LAMBERT_PROXY
2027,MOON,Moon,CARGO_DELIVERY,20,2027-05-15T00:00:00Z,2027-05-20T00:00:00Z,5,3.108058,0.841632,9.660024,1359.038,LUNAR_EARTH_LAMBERT_PROXY
2027,MOON,Moon,CREWED_TRANSPORT,100,2027-05-15T00:00:00Z,2027-05-20T00:00:00Z,5,3.108058,0.841632,9.660024,6172.006,LUNAR_EARTH_LAMBERT_PROXY
2028,MOON,Moon,FLYBY,1,2028-09-15T00:00:00Z,2028-09-18T00:00:00Z,3,3.113565,1.071916,9.694285,456.063,LUNAR_EARTH_LAMBERT_PROXY
2028,MOON,Moon,ORBITAL_RECON,2,2028-01-15T00:00:00Z,2028-01-20T00:00:00Z,5,3.106241,0.846201,9.648732,614.475,LUNAR_EARTH_LAMBERT_PROXY
2028,MOON,Moon,RENDEZVOUS,2,2028-01-15T00:00:00Z,2028-01-20T00:00:00Z,5,3.106241,0.846201,9.648732,614.475,LUNAR_EARTH_LAMBERT_PROXY
2028,MOON,Moon,LANDING_PROSPECTING,5,2028-01-15T00:00:00Z,2028-01-20T00:00:00Z,5,3.106241,0.846201,9.648732,1076.889,LUNAR_EARTH_LAMBERT_PROXY
2028,MOON,Moon,CARGO_DELIVERY,20,2028-01-15T00:00:00Z,2028-01-20T00:00:00Z,5,3.106241,0.846201,9.648732,1359.644,LUNAR_EARTH_LAMBERT_PROXY
2028,MOON,Moon,CREWED_TRANSPORT,100,2028-01-15T00:00:00Z,2028-01-20T00:00:00Z,5,3.106241,0.846201,9.648732,6175.061,LUNAR_EARTH_LAMBERT_PROXY
2029,MOON,Moon,FLYBY,1,2029-07-15T00:00:00Z,2029-07-18T00:00:00Z,3,3.120843,1.080494,9.739661,456.09,LUNAR_EARTH_LAMBERT_PROXY
2029,MOON,Moon,ORBITAL_RECON,2,2029-05-15T00:00:00Z,2029-05-20T00:00:00Z,5,3.10512,0.85713,9.641769,614.589,LUNAR_EARTH_LAMBERT_PROXY
2029,MOON,Moon,RENDEZVOUS,2,2029-05-15T00:00:00Z,2029-05-20T00:00:00Z,5,3.10512,0.85713,9.641769,614.589,LUNAR_EARTH_LAMBERT_PROXY
2029,MOON,Moon,LANDING_PROSPECTING,5,2029-05-15T00:00:00Z,2029-05-20T00:00:00Z,5,3.10512,0.85713,9.641769,1077.178,LUNAR_EARTH_LAMBERT_PROXY
2029,MOON,Moon,CARGO_DELIVERY,20,2029-05-15T00:00:00Z,2029-05-20T00:00:00Z,5,3.10512,0.85713,9.641769,1361.107,LUNAR_EARTH_LAMBERT_PROXY
2029,MOON,Moon,CREWED_TRANSPORT,100,2029-05-15T00:00:00Z,2029-05-20T00:00:00Z,5,3.10512,0.85713,9.641769,6182.393,LUNAR_EARTH_LAMBERT_PROXY
2030,MOON,Moon,FLYBY,1,2030-05-15T00:00:00Z,2030-05-18T00:00:00Z,3,3.112458,1.076425,9.687396,456.059,LUNAR_EARTH_LAMBERT_PROXY
2030,MOON,Moon,ORBITAL_RECON,2,2030-10-15T00:00:00Z,2030-10-20T00:00:00Z,5,3.109353,0.82866,9.668075,614.299,LUNAR_EARTH_LAMBERT_PROXY
2030,MOON,Moon,RENDEZVOUS,2,2030-10-15T00:00:00Z,2030-10-20T00:00:00Z,5,3.109353,0.82866,9.668075,614.299,LUNAR_EARTH_LAMBERT_PROXY
2030,MOON,Moon,LANDING_PROSPECTING,5,2030-10-15T00:00:00Z,2030-10-20T00:00:00Z,5,3.109353,0.82866,9.668075,1076.431,LUNAR_EARTH_LAMBERT_PROXY
2030,MOON,Moon,CARGO_DELIVERY,20,2030-10-15T00:00:00Z,2030-10-20T00:00:00Z,5,3.109353,0.82866,9.668075,1357.308,LUNAR_EARTH_LAMBERT_PROXY
2030,MOON,Moon,CREWED_TRANSPORT,100,2030-10-15T00:00:00Z,2030-10-20T00:00:00Z,5,3.109353,0.82866,9.668075,6163.334,LUNAR_EARTH_LAMBERT_PROXY
2031,MOON,Moon,FLYBY,1,2031-12-15T00:00:00Z,2031-12-18T00:00:00Z,3,3.114225,1.134745,9.698398,456.065,LUNAR_EARTH_LAMBERT_PROXY
2031,MOON,Moon,ORBITAL_RECON,2,2031-07-15T00:00:00Z,2031-07-20T00:00:00Z,5,3.1113,0.821666,9.68019,614.232,LUNAR_EARTH_LAMBERT_PROXY
2031,MOON,Moon,RENDEZVOUS,2,2031-07-15T00:00:00Z,2031-07-20T00:00:00Z,5,3.1113,0.821666,9.68019,614.232,LUNAR_EARTH_LAMBERT_PROXY
2031,MOON,Moon,LANDING_PROSPECTING,5,2031-07-15T00:00:00Z,2031-07-20T00:00:00Z,5,3.1113,0.821666,9.68019,1076.251,LUNAR_EARTH_LAMBERT_PROXY
2031,MOON,Moon,CARGO_DELIVERY,20,2031-07-15T00:00:00Z,2031-07-20T00:00:00Z,5,3.1113,0.821666,9.68019,1356.381,LUNAR_EARTH_LAMBERT_PROXY
2031,MOON,Moon,CREWED_TRANSPORT,100,2031-07-15T00:00:00Z,2031-07-20T00:00:00Z,5,3.1113,0.821666,9.68019,6158.674,LUNAR_EARTH_LAMBERT_PROXY
2032,MOON,Moon,FLYBY,1,2032-09-15T00:00:00Z,2032-09-18T00:00:00Z,3,3.110622,1.184175,9.675966,456.052,LUNAR_EARTH_LAMBERT_PROXY
2032,MOON,Moon,ORBITAL_RECON,2,2032-04-15T00:00:00Z,2032-04-20T00:00:00Z,5,3.111106,0.803025,9.67898,614.033,LUNAR_EARTH_LAMBERT_PROXY
2032,MOON,Moon,RENDEZVOUS,2,2032-04-15T00:00:00Z,2032-04-20T00:00:00Z,5,3.111106,0.803025,9.67898,614.033,LUNAR_EARTH_LAMBERT_PROXY
2032,MOON,Moon,LANDING_PROSPECTING,5,2032-04-15T00:00:00Z,2032-04-20T00:00:00Z,5,3.111106,0.803025,9.67898,1075.754,LUNAR_EARTH_LAMBERT_PROXY
2032,MOON,Moon,CARGO_DELIVERY,20,2032-04-15T00:00:00Z,2032-04-20T00:00:00Z,5,3.111106,0.803025,9.67898,1353.9,LUNAR_EARTH_LAMBERT_PROXY
2032,MOON,Moon,CREWED_TRANSPORT,100,2032-04-15T00:00:00Z,2032-04-20T00:00:00Z,5,3.111106,0.803025,9.67898,6146.269,LUNAR_EARTH_LAMBERT_PROXY
2033,MOON,Moon,FLYBY,1,2033-07-15T00:00:00Z,2033-07-18T00:00:00Z,3,3.116245,1.187882,9.710981,456.073,LUNAR_EARTH_LAMBERT_PROXY
2033,MOON,Moon,ORBITAL_RECON,2,2033-10-15T00:00:00Z,2033-10-20T00:00:00Z,5,3.111412,0.797544,9.680882,613.976,LUNAR_EARTH_LAMBERT_PROXY
2033,MOON,Moon,RENDEZVOUS,2,2033-10-15T00:00:00Z,2033-10-20T00:00:00Z,5,3.111412,0.797544,9.680882,613.976,LUNAR_EARTH_LAMBERT_PROXY
2033,MOON,Moon,LANDING_PROSPECTING,5,2033-10-15T00:00:00Z,2033-10-20T00:00:00Z,5,3.111412,0.797544,9.680882,1075.61,LUNAR_EARTH_LAMBERT_PROXY
2033,MOON,Moon,CARGO_DELIVERY,20,2033-10-15T00:00:00Z,2033-10-20T00:00:00Z,5,3.111412,0.797544,9.680882,1353.173,LUNAR_EARTH_LAMBERT_PROXY
2033,MOON,Moon,CREWED_TRANSPORT,100,2033-10-15T00:00:00Z,2033-10-20T00:00:00Z,5,3.111412,0.797544,9.680882,6142.632,LUNAR_EARTH_LAMBERT_PROXY
2034,MOON,Moon,FLYBY,1,2034-04-15T00:00:00Z,2034-04-18T00:00:00Z,3,3.110461,1.198463,9.674967,456.051,LUNAR_EARTH_LAMBERT_PROXY
2034,MOON,Moon,ORBITAL_RECON,2,2034-08-15T00:00:00Z,2034-08-20T00:00:00Z,5,3.110795,0.801569,9.677045,614.016,LUNAR_EARTH_LAMBERT_PROXY
2034,MOON,Moon,RENDEZVOUS,2,2034-08-15T00:00:00Z,2034-08-20T00:00:00Z,5,3.110795,0.801569,9.677045,614.016,LUNAR_EARTH_LAMBERT_PROXY
2034,MOON,Moon,LANDING_PROSPECTING,5,2034-08-15T00:00:00Z,2034-08-20T00:00:00Z,5,3.110795,0.801569,9.677045,1075.715,LUNAR_EARTH_LAMBERT_PROXY
2034,MOON,Moon,CARGO_DELIVERY,20,2034-08-15T00:00:00Z,2034-08-20T00:00:00Z,5,3.110795,0.801569,9.677045,1353.705,LUNAR_EARTH_LAMBERT_PROXY
2034,MOON,Moon,CREWED_TRANSPORT,100,2034-08-15T00:00:00Z,2034-08-20T00:00:00Z,5,3.110795,0.801569,9.677045,6145.3,LUNAR_EARTH_LAMBERT_PROXY
2035,MOON,Moon,FLYBY,1,2035-11-15T00:00:00Z,2035-11-18T00:00:00Z,3,3.114388,1.089444,9.699411,456.066,LUNAR_EARTH_LAMBERT_PROXY
2035,MOON,Moon,ORBITAL_RECON,2,2035-05-15T00:00:00Z,2035-05-20T00:00:00Z,5,3.110055,0.813692,9.67244,614.142,LUNAR_EARTH_LAMBERT_PROXY
2035,MOON,Moon,RENDEZVOUS,2,2035-05-15T00:00:00Z,2035-05-20T00:00:00Z,5,3.110055,0.813692,9.67244,614.142,LUNAR_EARTH_LAMBERT_PROXY
2035,MOON,Moon,LANDING_PROSPECTING,5,2035-05-15T00:00:00Z,2035-05-20T00:00:00Z,5,3.110055,0.813692,9.67244,1076.034,LUNAR_EARTH_LAMBERT_PROXY
2035,MOON,Moon,CARGO_DELIVERY,20,2035-05-15T00:00:00Z,2035-05-20T00:00:00Z,5,3.110055,0.813692,9.67244,1355.314,LUNAR_EARTH_LAMBERT_PROXY
2035,MOON,Moon,CREWED_TRANSPORT,100,2035-05-15T00:00:00Z,2035-05-20T00:00:00Z,5,3.110055,0.813692,9.67244,6153.357,LUNAR_EARTH_LAMBERT_PROXY
2026,MS4,2002 MS4,FLYBY,1,2026-07-15T00:00:00Z,2034-07-13T00:00:00Z,2920,54.121072,25.383381,2929.090434,2447.29,EXISTING_SCREEN_SINGLE_CANDIDATE
2026,MS4,2002 MS4,ORBITAL_RECON,2,2026-07-15T00:00:00Z,2034-07-13T00:00:00Z,2920,54.121072,25.383381,2929.090434,13824.261,EXISTING_SCREEN_SINGLE_CANDIDATE
2026,MS4,2002 MS4,RENDEZVOUS,2,2026-07-15T00:00:00Z,2034-07-13T00:00:00Z,2920,54.121072,25.383381,2929.090434,13824.261,EXISTING_SCREEN_SINGLE_CANDIDATE
2026,MS4,2002 MS4,LANDING_PROSPECTING,5,2026-07-15T00:00:00Z,2034-07-13T00:00:00Z,2920,54.121072,25.383381,2929.090434,31114.717,EXISTING_SCREEN_SINGLE_CANDIDATE
2026,MS4,2002 MS4,CARGO_DELIVERY,20,2026-07-15T00:00:00Z,2034-07-13T00:00:00Z,2920,54.121072,25.383381,2929.090434,143584.425,EXISTING_SCREEN_SINGLE_CANDIDATE
2026,MS4,2002 MS4,CREWED_TRANSPORT,100,2026-07-15T00:00:00Z,2034-07-13T00:00:00Z,2920,54.121072,25.383381,2929.090434,710292.309,EXISTING_SCREEN_SINGLE_CANDIDATE
2027,MS4,2002 MS4,FLYBY,1,2027-01-15T00:00:00Z,2035-01-13T00:00:00Z,2920,51.826784,26.169033,2686.01554,2301.445,EXISTING_SCREEN_SINGLE_CANDIDATE
2027,MS4,2002 MS4,ORBITAL_RECON,2,2027-01-15T00:00:00Z,2035-01-13T00:00:00Z,2920,51.826784,26.169033,2686.01554,15827.671,EXISTING_SCREEN_SINGLE_CANDIDATE
2027,MS4,2002 MS4,RENDEZVOUS,2,2027-01-15T00:00:00Z,2035-01-13T00:00:00Z,2920,51.826784,26.169033,2686.01554,15827.671,EXISTING_SCREEN_SINGLE_CANDIDATE
2027,MS4,2002 MS4,LANDING_PROSPECTING,5,2027-01-15T00:00:00Z,2035-01-13T00:00:00Z,2920,51.826784,26.169033,2686.01554,36342.009,EXISTING_SCREEN_SINGLE_CANDIDATE
2027,MS4,2002 MS4,CARGO_DELIVERY,20,2027-01-15T00:00:00Z,2035-01-13T00:00:00Z,2920,51.826784,26.169033,2686.01554,170304.265,EXISTING_SCREEN_SINGLE_CANDIDATE
2027,MS4,2002 MS4,CREWED_TRANSPORT,100,2027-01-15T00:00:00Z,2035-01-13T00:00:00Z,2920,51.826784,26.169033,2686.01554,844474.889,EXISTING_SCREEN_SINGLE_CANDIDATE
2028,MS4,2002 MS4,FLYBY,1,2028-01-15T00:00:00Z,2036-01-13T00:00:00Z,2920,50.316986,26.096871,2531.79908,2208.915,EXISTING_SCREEN_SINGLE_CANDIDATE
2028,MS4,2002 MS4,ORBITAL_RECON,2,2028-01-15T00:00:00Z,2036-01-13T00:00:00Z,2920,50.316986,26.096871,2531.79908,15521.714,EXISTING_SCREEN_SINGLE_CANDIDATE
2028,MS4,2002 MS4,RENDEZVOUS,2,2028-01-15T00:00:00Z,2036-01-13T00:00:00Z,2920,50.316986,26.096871,2531.79908,15521.714,EXISTING_SCREEN_SINGLE_CANDIDATE
2028,MS4,2002 MS4,LANDING_PROSPECTING,5,2028-01-15T00:00:00Z,2036-01-13T00:00:00Z,2920,50.316986,26.096871,2531.79908,35715.912,EXISTING_SCREEN_SINGLE_CANDIDATE
2028,MS4,2002 MS4,CARGO_DELIVERY,20,2028-01-15T00:00:00Z,2036-01-13T00:00:00Z,2920,50.316986,26.096871,2531.79908,167543.901,EXISTING_SCREEN_SINGLE_CANDIDATE
2028,MS4,2002 MS4,CREWED_TRANSPORT,100,2028-01-15T00:00:00Z,2036-01-13T00:00:00Z,2920,50.316986,26.096871,2531.79908,831043.187,EXISTING_SCREEN_SINGLE_CANDIDATE
2029,MS4,2002 MS4,FLYBY,1,2029-01-15T00:00:00Z,2037-01-13T00:00:00Z,2920,49.867095,26.027673,2486.727164,2181.872,EXISTING_SCREEN_SINGLE_CANDIDATE
2029,MS4,2002 MS4,ORBITAL_RECON,2,2029-01-15T00:00:00Z,2037-01-13T00:00:00Z,2920,49.867095,26.027673,2486.727164,15293.2,EXISTING_SCREEN_SINGLE_CANDIDATE
2029,MS4,2002 MS4,RENDEZVOUS,2,2029-01-15T00:00:00Z,2037-01-13T00:00:00Z,2920,49.867095,26.027673,2486.727164,15293.2,EXISTING_SCREEN_SINGLE_CANDIDATE
2029,MS4,2002 MS4,LANDING_PROSPECTING,5,2029-01-15T00:00:00Z,2037-01-13T00:00:00Z,2920,49.867095,26.027673,2486.727164,35185.192,EXISTING_SCREEN_SINGLE_CANDIDATE
2029,MS4,2002 MS4,CARGO_DELIVERY,20,2029-01-15T00:00:00Z,2037-01-13T00:00:00Z,2920,49.867095,26.027673,2486.727164,164998.472,EXISTING_SCREEN_SINGLE_CANDIDATE
2029,MS4,2002 MS4,CREWED_TRANSPORT,100,2029-01-15T00:00:00Z,2037-01-13T00:00:00Z,2920,49.867095,26.027673,2486.727164,818424.217,EXISTING_SCREEN_SINGLE_CANDIDATE
2030,MS4,2002 MS4,FLYBY,1,2030-01-15T00:00:00Z,2038-01-13T00:00:00Z,2920,48.447915,25.950512,2347.200468,2098.156,EXISTING_SCREEN_SINGLE_CANDIDATE
2030,MS4,2002 MS4,ORBITAL_RECON,2,2030-01-15T00:00:00Z,2038-01-13T00:00:00Z,2920,48.447915,25.950512,2347.200468,14988.452,EXISTING_SCREEN_SINGLE_CANDIDATE
2030,MS4,2002 MS4,RENDEZVOUS,2,2030-01-15T00:00:00Z,2038-01-13T00:00:00Z,2920,48.447915,25.950512,2347.200468,14988.452,EXISTING_SCREEN_SINGLE_CANDIDATE
2030,MS4,2002 MS4,LANDING_PROSPECTING,5,2030-01-15T00:00:00Z,2038-01-13T00:00:00Z,2920,48.447915,25.950512,2347.200468,34548.896,EXISTING_SCREEN_SINGLE_CANDIDATE
2030,MS4,2002 MS4,CARGO_DELIVERY,20,2030-01-15T00:00:00Z,2038-01-13T00:00:00Z,2920,48.447915,25.950512,2347.200468,162151.858,EXISTING_SCREEN_SINGLE_CANDIDATE
2030,MS4,2002 MS4,CREWED_TRANSPORT,100,2030-01-15T00:00:00Z,2038-01-13T00:00:00Z,2920,48.447915,25.950512,2347.200468,804526.007,EXISTING_SCREEN_SINGLE_CANDIDATE
2031,MS4,2002 MS4,FLYBY,1,2031-01-15T00:00:00Z,2039-01-13T00:00:00Z,2920,47.146643,25.873798,2222.805946,2023.519,EXISTING_SCREEN_SINGLE_CANDIDATE
2031,MS4,2002 MS4,ORBITAL_RECON,2,2031-01-15T00:00:00Z,2039-01-13T00:00:00Z,2920,47.146643,25.873798,2222.805946,14697.789,EXISTING_SCREEN_SINGLE_CANDIDATE
2031,MS4,2002 MS4,RENDEZVOUS,2,2031-01-15T00:00:00Z,2039-01-13T00:00:00Z,2920,47.146643,25.873798,2222.805946,14697.789,EXISTING_SCREEN_SINGLE_CANDIDATE
2031,MS4,2002 MS4,LANDING_PROSPECTING,5,2031-01-15T00:00:00Z,2039-01-13T00:00:00Z,2920,47.146643,25.873798,2222.805946,33934.194,EXISTING_SCREEN_SINGLE_CANDIDATE
2031,MS4,2002 MS4,CARGO_DELIVERY,20,2031-01-15T00:00:00Z,2039-01-13T00:00:00Z,2920,47.146643,25.873798,2222.805946,159376.893,EXISTING_SCREEN_SINGLE_CANDIDATE
2031,MS4,2002 MS4,CREWED_TRANSPORT,100,2031-01-15T00:00:00Z,2039-01-13T00:00:00Z,2920,47.146643,25.873798,2222.805946,790949.731,EXISTING_SCREEN_SINGLE_CANDIDATE
2032,MS4,2002 MS4,FLYBY,1,2032-01-15T00:00:00Z,2040-01-13T00:00:00Z,2920,45.938772,25.798439,2110.370773,1956.058,EXISTING_SCREEN_SINGLE_CANDIDATE
2032,MS4,2002 MS4,ORBITAL_RECON,2,2032-01-15T00:00:00Z,2040-01-13T00:00:00Z,2920,45.938772,25.798439,2110.370773,14421.673,EXISTING_SCREEN_SINGLE_CANDIDATE
2032,MS4,2002 MS4,RENDEZVOUS,2,2032-01-15T00:00:00Z,2040-01-13T00:00:00Z,2920,45.938772,25.798439,2110.370773,14421.673,EXISTING_SCREEN_SINGLE_CANDIDATE
2032,MS4,2002 MS4,LANDING_PROSPECTING,5,2032-01-15T00:00:00Z,2040-01-13T00:00:00Z,2920,45.938772,25.798439,2110.370773,33345.096,EXISTING_SCREEN_SINGLE_CANDIDATE
2032,MS4,2002 MS4,CARGO_DELIVERY,20,2032-01-15T00:00:00Z,2040-01-13T00:00:00Z,2920,45.938772,25.798439,2110.370773,156701.246,EXISTING_SCREEN_SINGLE_CANDIDATE
2032,MS4,2002 MS4,CREWED_TRANSPORT,100,2032-01-15T00:00:00Z,2040-01-13T00:00:00Z,2920,45.938772,25.798439,2110.370773,777841.342,EXISTING_SCREEN_SINGLE_CANDIDATE
2033,MS4,2002 MS4,FLYBY,1,2033-01-15T00:00:00Z,2041-01-13T00:00:00Z,2920,45.549433,25.730144,2074.750847,1934.686,EXISTING_SCREEN_SINGLE_CANDIDATE
2033,MS4,2002 MS4,ORBITAL_RECON,2,2033-01-15T00:00:00Z,2041-01-13T00:00:00Z,2920,45.549433,25.730144,2074.750847,14214.2,EXISTING_SCREEN_SINGLE_CANDIDATE
2033,MS4,2002 MS4,RENDEZVOUS,2,2033-01-15T00:00:00Z,2041-01-13T00:00:00Z,2920,45.549433,25.730144,2074.750847,14214.2,EXISTING_SCREEN_SINGLE_CANDIDATE
2033,MS4,2002 MS4,LANDING_PROSPECTING,5,2033-01-15T00:00:00Z,2041-01-13T00:00:00Z,2920,45.549433,25.730144,2074.750847,32858.471,EXISTING_SCREEN_SINGLE_CANDIDATE
2033,MS4,2002 MS4,CARGO_DELIVERY,20,2033-01-15T00:00:00Z,2041-01-13T00:00:00Z,2920,45.549433,25.730144,2074.750847,154353.608,EXISTING_SCREEN_SINGLE_CANDIDATE
2033,MS4,2002 MS4,CREWED_TRANSPORT,100,2033-01-15T00:00:00Z,2041-01-13T00:00:00Z,2920,45.549433,25.730144,2074.750847,766188.64,EXISTING_SCREEN_SINGLE_CANDIDATE
2034,MS4,2002 MS4,FLYBY,1,2034-01-15T00:00:00Z,2042-01-13T00:00:00Z,2920,44.485192,25.658258,1978.932307,1877.195,EXISTING_SCREEN_SINGLE_CANDIDATE
2034,MS4,2002 MS4,ORBITAL_RECON,2,2034-01-15T00:00:00Z,2042-01-13T00:00:00Z,2920,44.485192,25.658258,1978.932307,13963.849,EXISTING_SCREEN_SINGLE_CANDIDATE
2034,MS4,2002 MS4,RENDEZVOUS,2,2034-01-15T00:00:00Z,2042-01-13T00:00:00Z,2920,44.485192,25.658258,1978.932307,13963.849,EXISTING_SCREEN_SINGLE_CANDIDATE
2034,MS4,2002 MS4,LANDING_PROSPECTING,5,2034-01-15T00:00:00Z,2042-01-13T00:00:00Z,2920,44.485192,25.658258,1978.932307,32318.831,EXISTING_SCREEN_SINGLE_CANDIDATE
2034,MS4,2002 MS4,CARGO_DELIVERY,20,2034-01-15T00:00:00Z,2042-01-13T00:00:00Z,2920,44.485192,25.658258,1978.932307,151885.375,EXISTING_SCREEN_SINGLE_CANDIDATE
2034,MS4,2002 MS4,CREWED_TRANSPORT,100,2034-01-15T00:00:00Z,2042-01-13T00:00:00Z,2920,44.485192,25.658258,1978.932307,754077.437,EXISTING_SCREEN_SINGLE_CANDIDATE
2035,MS4,2002 MS4,FLYBY,1,2035-01-15T00:00:00Z,2043-01-13T00:00:00Z,2920,43.513272,25.587918,1893.40484,1825.879,EXISTING_SCREEN_SINGLE_CANDIDATE
2035,MS4,2002 MS4,ORBITAL_RECON,2,2035-01-15T00:00:00Z,2043-01-13T00:00:00Z,2920,43.513272,25.587918,1893.40484,13726.78,EXISTING_SCREEN_SINGLE_CANDIDATE
2035,MS4,2002 MS4,RENDEZVOUS,2,2035-01-15T00:00:00Z,2043-01-13T00:00:00Z,2920,43.513272,25.587918,1893.40484,13726.78,EXISTING_SCREEN_SINGLE_CANDIDATE
2035,MS4,2002 MS4,LANDING_PROSPECTING,5,2035-01-15T00:00:00Z,2043-01-13T00:00:00Z,2920,43.513272,25.587918,1893.40484,31803.132,EXISTING_SCREEN_SINGLE_CANDIDATE
2035,MS4,2002 MS4,CARGO_DELIVERY,20,2035-01-15T00:00:00Z,2043-01-13T00:00:00Z,2920,43.513272,25.587918,1893.40484,149512.147,EXISTING_SCREEN_SINGLE_CANDIDATE
2035,MS4,2002 MS4,CREWED_TRANSPORT,100,2035-01-15T00:00:00Z,2043-01-13T00:00:00Z,2920,43.513272,25.587918,1893.40484,742416.566,EXISTING_SCREEN_SINGLE_CANDIDATE
2026,NEREID,Nereid,FLYBY,1,2026-05-15T00:00:00Z,2034-05-13T00:00:00Z,2920,14.643301,15.568539,214.426259,1618.491,REFINED_GROUPED_LAMBERT_GRID
2026,NEREID,Nereid,ORBITAL_RECON,2,2026-05-15T00:00:00Z,2034-05-13T00:00:00Z,2920,14.643301,15.568539,214.426259,2010.831,REFINED_GROUPED_LAMBERT_GRID
2026,NEREID,Nereid,RENDEZVOUS,2,2026-05-15T00:00:00Z,2034-05-13T00:00:00Z,2920,14.643301,15.568539,214.426259,2010.831,REFINED_GROUPED_LAMBERT_GRID
2026,NEREID,Nereid,LANDING_PROSPECTING,5,2026-05-15T00:00:00Z,2034-05-13T00:00:00Z,2920,14.643301,15.568539,214.426259,2824.34,REFINED_GROUPED_LAMBERT_GRID
2026,NEREID,Nereid,CARGO_DELIVERY,20,2026-06-15T00:00:00Z,2034-06-13T00:00:00Z,2920,16.785982,15.422443,281.769176,5423.753,REFINED_GROUPED_LAMBERT_GRID
2026,NEREID,Nereid,CREWED_TRANSPORT,100,2026-07-15T00:00:00Z,2034-07-13T00:00:00Z,2920,24.182798,15.265979,584.807704,24088.296,REFINED_GROUPED_LAMBERT_GRID
2027,NEREID,Nereid,FLYBY,1,2027-05-15T00:00:00Z,2035-05-13T00:00:00Z,2920,14.818211,15.580202,219.57939,1621.583,REFINED_GROUPED_LAMBERT_GRID
2027,NEREID,Nereid,ORBITAL_RECON,2,2027-05-15T00:00:00Z,2035-05-13T00:00:00Z,2920,14.818211,15.580202,219.57939,2014.339,REFINED_GROUPED_LAMBERT_GRID
2027,NEREID,Nereid,RENDEZVOUS,2,2027-05-15T00:00:00Z,2035-05-13T00:00:00Z,2920,14.818211,15.580202,219.57939,2014.339,REFINED_GROUPED_LAMBERT_GRID
2027,NEREID,Nereid,LANDING_PROSPECTING,5,2027-05-15T00:00:00Z,2035-05-13T00:00:00Z,2920,14.818211,15.580202,219.57939,2828.474,REFINED_GROUPED_LAMBERT_GRID
2027,NEREID,Nereid,CARGO_DELIVERY,20,2027-06-15T00:00:00Z,2035-06-13T00:00:00Z,2920,16.375081,15.437618,268.143286,5422.191,REFINED_GROUPED_LAMBERT_GRID
2027,NEREID,Nereid,CREWED_TRANSPORT,100,2027-07-15T00:00:00Z,2035-07-13T00:00:00Z,2920,23.458324,15.280333,550.292977,24098.046,REFINED_GROUPED_LAMBERT_GRID
2028,NEREID,Nereid,FLYBY,1,2028-05-15T00:00:00Z,2036-05-13T00:00:00Z,2920,14.945469,15.585832,223.367038,1623.856,REFINED_GROUPED_LAMBERT_GRID
2028,NEREID,Nereid,ORBITAL_RECON,2,2028-05-15T00:00:00Z,2036-05-13T00:00:00Z,2920,14.945469,15.585832,223.367038,2016.814,REFINED_GROUPED_LAMBERT_GRID
2028,NEREID,Nereid,RENDEZVOUS,2,2028-05-15T00:00:00Z,2036-05-13T00:00:00Z,2920,14.945469,15.585832,223.367038,2016.814,REFINED_GROUPED_LAMBERT_GRID
2028,NEREID,Nereid,LANDING_PROSPECTING,5,2028-05-15T00:00:00Z,2036-05-13T00:00:00Z,2920,14.945469,15.585832,223.367038,2831.25,REFINED_GROUPED_LAMBERT_GRID
2028,NEREID,Nereid,CARGO_DELIVERY,20,2028-06-15T00:00:00Z,2036-06-13T00:00:00Z,2920,16.11377,15.445135,259.653588,5420.38,REFINED_GROUPED_LAMBERT_GRID
2028,NEREID,Nereid,CREWED_TRANSPORT,100,2028-07-15T00:00:00Z,2036-07-13T00:00:00Z,2920,22.996027,15.287218,528.817251,24099.797,REFINED_GROUPED_LAMBERT_GRID
2029,NEREID,Nereid,FLYBY,1,2029-05-15T00:00:00Z,2037-05-13T00:00:00Z,2920,15.162471,15.591796,229.900533,1627.776,REFINED_GROUPED_LAMBERT_GRID
2029,NEREID,Nereid,ORBITAL_RECON,2,2029-05-15T00:00:00Z,2037-05-13T00:00:00Z,2920,15.162471,15.591796,229.900533,2020.947,REFINED_GROUPED_LAMBERT_GRID
2029,NEREID,Nereid,RENDEZVOUS,2,2029-05-15T00:00:00Z,2037-05-13T00:00:00Z,2920,15.162471,15.591796,229.900533,2020.947,REFINED_GROUPED_LAMBERT_GRID
2029,NEREID,Nereid,LANDING_PROSPECTING,5,2029-06-15T00:00:00Z,2037-06-13T00:00:00Z,2920,15.746097,15.454688,247.93958,2834.385,REFINED_GROUPED_LAMBERT_GRID
2029,NEREID,Nereid,CARGO_DELIVERY,20,2029-06-15T00:00:00Z,2037-06-13T00:00:00Z,2920,15.746097,15.454688,247.93958,5417.528,REFINED_GROUPED_LAMBERT_GRID
2029,NEREID,Nereid,CREWED_TRANSPORT,100,2029-07-15T00:00:00Z,2037-07-13T00:00:00Z,2920,22.296377,15.296188,497.128439,24099.877,REFINED_GROUPED_LAMBERT_GRID
2030,NEREID,Nereid,FLYBY,1,2030-06-15T00:00:00Z,2038-06-13T00:00:00Z,2920,15.442243,15.460825,238.462882,1632.913,REFINED_GROUPED_LAMBERT_GRID
2030,NEREID,Nereid,ORBITAL_RECON,2,2030-06-15T00:00:00Z,2038-06-13T00:00:00Z,2920,15.442243,15.460825,238.462882,2021.443,REFINED_GROUPED_LAMBERT_GRID
2030,NEREID,Nereid,RENDEZVOUS,2,2030-06-15T00:00:00Z,2038-06-13T00:00:00Z,2920,15.442243,15.460825,238.462882,2021.443,REFINED_GROUPED_LAMBERT_GRID
2030,NEREID,Nereid,LANDING_PROSPECTING,5,2030-06-15T00:00:00Z,2038-06-13T00:00:00Z,2920,15.442243,15.460825,238.462882,2829.237,REFINED_GROUPED_LAMBERT_GRID
2030,NEREID,Nereid,CARGO_DELIVERY,20,2030-06-15T00:00:00Z,2038-06-13T00:00:00Z,2920,15.442243,15.460825,238.462882,5414.53,REFINED_GROUPED_LAMBERT_GRID
2030,NEREID,Nereid,CREWED_TRANSPORT,100,2030-07-15T00:00:00Z,2038-07-13T00:00:00Z,2920,21.605219,15.302457,466.785491,24095.032,REFINED_GROUPED_LAMBERT_GRID
2031,NEREID,Nereid,FLYBY,1,2031-06-15T00:00:00Z,2039-06-13T00:00:00Z,2920,15.143187,15.464967,229.3161,1627.425,REFINED_GROUPED_LAMBERT_GRID
2031,NEREID,Nereid,ORBITAL_RECON,2,2031-06-15T00:00:00Z,2039-06-13T00:00:00Z,2920,15.143187,15.464967,229.3161,2016.1,REFINED_GROUPED_LAMBERT_GRID
2031,NEREID,Nereid,RENDEZVOUS,2,2031-06-15T00:00:00Z,2039-06-13T00:00:00Z,2920,15.143187,15.464967,229.3161,2016.1,REFINED_GROUPED_LAMBERT_GRID
2031,NEREID,Nereid,LANDING_PROSPECTING,5,2031-06-15T00:00:00Z,2039-06-13T00:00:00Z,2920,15.143187,15.464967,229.3161,2824.112,REFINED_GROUPED_LAMBERT_GRID
2031,NEREID,Nereid,CARGO_DELIVERY,20,2031-06-15T00:00:00Z,2039-06-13T00:00:00Z,2920,15.143187,15.464967,229.3161,5410.857,REFINED_GROUPED_LAMBERT_GRID
2031,NEREID,Nereid,CREWED_TRANSPORT,100,2031-08-15T00:00:00Z,2039-08-13T00:00:00Z,2920,30.203553,15.163612,912.254636,24069.685,REFINED_GROUPED_LAMBERT_GRID
2032,NEREID,Nereid,FLYBY,1,2032-06-15T00:00:00Z,2040-06-13T00:00:00Z,2920,15.012599,15.463455,225.378116,1625.063,REFINED_GROUPED_LAMBERT_GRID
2032,NEREID,Nereid,ORBITAL_RECON,2,2032-06-15T00:00:00Z,2040-06-13T00:00:00Z,2920,15.012599,15.463455,225.378116,2013.684,REFINED_GROUPED_LAMBERT_GRID
2032,NEREID,Nereid,RENDEZVOUS,2,2032-06-15T00:00:00Z,2040-06-13T00:00:00Z,2920,15.012599,15.463455,225.378116,2013.684,REFINED_GROUPED_LAMBERT_GRID
2032,NEREID,Nereid,LANDING_PROSPECTING,5,2032-06-15T00:00:00Z,2040-06-13T00:00:00Z,2920,15.012599,15.463455,225.378116,2821.616,REFINED_GROUPED_LAMBERT_GRID
2032,NEREID,Nereid,CARGO_DELIVERY,20,2032-06-15T00:00:00Z,2040-06-13T00:00:00Z,2920,15.012599,15.463455,225.378116,5407.831,REFINED_GROUPED_LAMBERT_GRID
2032,NEREID,Nereid,CREWED_TRANSPORT,100,2032-08-15T00:00:00Z,2040-08-13T00:00:00Z,2920,29.732954,15.160009,884.048543,24045.26,REFINED_GROUPED_LAMBERT_GRID
2033,NEREID,Nereid,FLYBY,1,2033-06-15T00:00:00Z,2041-06-13T00:00:00Z,2920,14.824386,15.466806,219.762432,1621.693,REFINED_GROUPED_LAMBERT_GRID
2033,NEREID,Nereid,ORBITAL_RECON,2,2033-06-15T00:00:00Z,2041-06-13T00:00:00Z,2920,14.824386,15.466806,219.762432,2010.432,REFINED_GROUPED_LAMBERT_GRID
2033,NEREID,Nereid,RENDEZVOUS,2,2033-06-15T00:00:00Z,2041-06-13T00:00:00Z,2920,14.824386,15.466806,219.762432,2010.432,REFINED_GROUPED_LAMBERT_GRID
2033,NEREID,Nereid,LANDING_PROSPECTING,5,2033-06-15T00:00:00Z,2041-06-13T00:00:00Z,2920,14.824386,15.466806,219.762432,2818.541,REFINED_GROUPED_LAMBERT_GRID
2033,NEREID,Nereid,CARGO_DELIVERY,20,2033-06-15T00:00:00Z,2041-06-13T00:00:00Z,2920,14.824386,15.466806,219.762432,5405.931,REFINED_GROUPED_LAMBERT_GRID
2033,NEREID,Nereid,CREWED_TRANSPORT,100,2033-08-15T00:00:00Z,2041-08-13T00:00:00Z,2920,28.903668,15.161175,835.42203,24018.51,REFINED_GROUPED_LAMBERT_GRID
2034,NEREID,Nereid,FLYBY,1,2034-06-15T00:00:00Z,2042-06-13T00:00:00Z,2920,14.655044,15.471591,214.770313,1618.698,REFINED_GROUPED_LAMBERT_GRID
2034,NEREID,Nereid,ORBITAL_RECON,2,2034-06-15T00:00:00Z,2042-06-13T00:00:00Z,2920,14.655044,15.471591,214.770313,2007.605,REFINED_GROUPED_LAMBERT_GRID
2034,NEREID,Nereid,RENDEZVOUS,2,2034-06-15T00:00:00Z,2042-06-13T00:00:00Z,2920,14.655044,15.471591,214.770313,2007.605,REFINED_GROUPED_LAMBERT_GRID
2034,NEREID,Nereid,LANDING_PROSPECTING,5,2034-06-15T00:00:00Z,2042-06-13T00:00:00Z,2920,14.655044,15.471591,214.770313,2815.965,REFINED_GROUPED_LAMBERT_GRID
2034,NEREID,Nereid,CARGO_DELIVERY,20,2034-06-15T00:00:00Z,2042-06-13T00:00:00Z,2920,14.655044,15.471591,214.770313,5405.035,REFINED_GROUPED_LAMBERT_GRID
2034,NEREID,Nereid,CREWED_TRANSPORT,100,2034-08-15T00:00:00Z,2042-08-13T00:00:00Z,2920,28.108957,15.164304,790.113448,23997.843,REFINED_GROUPED_LAMBERT_GRID
2035,NEREID,Nereid,FLYBY,1,2035-06-15T00:00:00Z,2043-06-13T00:00:00Z,2920,14.580511,15.478241,212.59131,1617.391,REFINED_GROUPED_LAMBERT_GRID
2035,NEREID,Nereid,ORBITAL_RECON,2,2035-06-15T00:00:00Z,2043-06-13T00:00:00Z,2920,14.580511,15.478241,212.59131,2006.531,REFINED_GROUPED_LAMBERT_GRID
2035,NEREID,Nereid,RENDEZVOUS,2,2035-06-15T00:00:00Z,2043-06-13T00:00:00Z,2920,14.580511,15.478241,212.59131,2006.531,REFINED_GROUPED_LAMBERT_GRID
2035,NEREID,Nereid,LANDING_PROSPECTING,5,2035-06-15T00:00:00Z,2043-06-13T00:00:00Z,2920,14.580511,15.478241,212.59131,2815.242,REFINED_GROUPED_LAMBERT_GRID
2035,NEREID,Nereid,CARGO_DELIVERY,20,2035-06-15T00:00:00Z,2043-06-13T00:00:00Z,2920,14.580511,15.478241,212.59131,5406.649,REFINED_GROUPED_LAMBERT_GRID
2035,NEREID,Nereid,CREWED_TRANSPORT,100,2035-08-15T00:00:00Z,2043-08-13T00:00:00Z,2920,27.324091,15.17074,746.605943,23985.152,REFINED_GROUPED_LAMBERT_GRID
2026,NIX,Nix,FLYBY,1,2026-03-15T00:00:00Z,2034-03-13T00:00:00Z,2920,18.700014,19.42805,349.690511,1799.65,REFINED_GROUPED_LAMBERT_GRID
2026,NIX,Nix,ORBITAL_RECON,2,2026-04-15T00:00:00Z,2034-04-13T00:00:00Z,2920,18.743758,19.267148,351.328468,4804.844,REFINED_GROUPED_LAMBERT_GRID
2026,NIX,Nix,RENDEZVOUS,2,2026-04-15T00:00:00Z,2034-04-13T00:00:00Z,2920,18.743758,19.267148,351.328468,4804.844,REFINED_GROUPED_LAMBERT_GRID
2026,NIX,Nix,LANDING_PROSPECTING,5,2026-05-15T00:00:00Z,2034-05-13T00:00:00Z,2920,25.7109,19.091694,661.05037,9445.311,REFINED_GROUPED_LAMBERT_GRID
2026,NIX,Nix,CARGO_DELIVERY,20,2026-06-15T00:00:00Z,2034-06-13T00:00:00Z,2920,35.878406,18.948516,1287.26003,36366.786,REFINED_GROUPED_LAMBERT_GRID
2026,NIX,Nix,CREWED_TRANSPORT,100,2026-07-15T00:00:00Z,2034-07-13T00:00:00Z,2920,46.217653,18.903601,2136.071435,175180.103,REFINED_GROUPED_LAMBERT_GRID
2027,NIX,Nix,FLYBY,1,2027-04-15T00:00:00Z,2035-04-13T00:00:00Z,2920,18.651921,19.444118,347.894161,1798.572,REFINED_GROUPED_LAMBERT_GRID
2027,NIX,Nix,ORBITAL_RECON,2,2027-04-15T00:00:00Z,2035-04-13T00:00:00Z,2920,18.651921,19.444118,347.894161,4918.871,REFINED_GROUPED_LAMBERT_GRID
2027,NIX,Nix,RENDEZVOUS,2,2027-04-15T00:00:00Z,2035-04-13T00:00:00Z,2920,18.651921,19.444118,347.894161,4918.871,REFINED_GROUPED_LAMBERT_GRID
2027,NIX,Nix,LANDING_PROSPECTING,5,2027-05-15T00:00:00Z,2035-05-13T00:00:00Z,2920,25.256033,19.267514,637.867201,9708.673,REFINED_GROUPED_LAMBERT_GRID
2027,NIX,Nix,CARGO_DELIVERY,20,2027-06-15T00:00:00Z,2035-06-13T00:00:00Z,2920,35.30773,19.118814,1246.635766,37642.368,REFINED_GROUPED_LAMBERT_GRID
2027,NIX,Nix,CREWED_TRANSPORT,100,2027-07-15T00:00:00Z,2035-07-13T00:00:00Z,2920,45.659736,19.065028,2084.811533,181243.331,REFINED_GROUPED_LAMBERT_GRID
2028,NIX,Nix,FLYBY,1,2028-04-15T00:00:00Z,2036-04-13T00:00:00Z,2920,18.682373,19.612048,349.031073,1799.254,REFINED_GROUPED_LAMBERT_GRID
2028,NIX,Nix,ORBITAL_RECON,2,2028-04-15T00:00:00Z,2036-04-13T00:00:00Z,2920,18.682373,19.612048,349.031073,5034.013,REFINED_GROUPED_LAMBERT_GRID
2028,NIX,Nix,RENDEZVOUS,2,2028-04-15T00:00:00Z,2036-04-13T00:00:00Z,2920,18.682373,19.612048,349.031073,5034.013,REFINED_GROUPED_LAMBERT_GRID
2028,NIX,Nix,LANDING_PROSPECTING,5,2028-05-15T00:00:00Z,2036-05-13T00:00:00Z,2920,25.065358,19.434353,628.272175,9976.232,REFINED_GROUPED_LAMBERT_GRID
2028,NIX,Nix,CARGO_DELIVERY,20,2028-06-15T00:00:00Z,2036-06-13T00:00:00Z,2920,35.058991,19.282445,1229.132843,38928.142,REFINED_GROUPED_LAMBERT_GRID
2028,NIX,Nix,CREWED_TRANSPORT,100,2028-07-15T00:00:00Z,2036-07-13T00:00:00Z,2920,45.431537,19.223856,2064.024592,187443.922,REFINED_GROUPED_LAMBERT_GRID
2029,NIX,Nix,FLYBY,1,2029-04-15T00:00:00Z,2037-04-13T00:00:00Z,2920,18.631659,19.783275,347.138722,1798.119,REFINED_GROUPED_LAMBERT_GRID
2029,NIX,Nix,ORBITAL_RECON,2,2029-04-15T00:00:00Z,2037-04-13T00:00:00Z,2920,18.631659,19.783275,347.138722,5154.067,REFINED_GROUPED_LAMBERT_GRID
2029,NIX,Nix,RENDEZVOUS,2,2029-04-15T00:00:00Z,2037-04-13T00:00:00Z,2920,18.631659,19.783275,347.138722,5154.067,REFINED_GROUPED_LAMBERT_GRID
2029,NIX,Nix,LANDING_PROSPECTING,5,2029-05-15T00:00:00Z,2037-05-13T00:00:00Z,2920,24.632358,19.604901,606.753041,10253.387,REFINED_GROUPED_LAMBERT_GRID
2029,NIX,Nix,CARGO_DELIVERY,20,2029-07-15T00:00:00Z,2037-07-13T00:00:00Z,2920,44.903067,19.381172,2016.285416,40205.655,REFINED_GROUPED_LAMBERT_GRID
2029,NIX,Nix,CREWED_TRANSPORT,100,2029-07-15T00:00:00Z,2037-07-13T00:00:00Z,2920,44.903067,19.381172,2016.285416,193789.188,REFINED_GROUPED_LAMBERT_GRID
2030,NIX,Nix,FLYBY,1,2030-04-15T00:00:00Z,2038-04-13T00:00:00Z,2920,18.652442,19.953097,347.913602,1798.584,REFINED_GROUPED_LAMBERT_GRID
2030,NIX,Nix,ORBITAL_RECON,2,2030-04-15T00:00:00Z,2038-04-13T00:00:00Z,2920,18.652442,19.953097,347.913602,5279.369,REFINED_GROUPED_LAMBERT_GRID
2030,NIX,Nix,RENDEZVOUS,2,2030-04-15T00:00:00Z,2038-04-13T00:00:00Z,2920,18.652442,19.953097,347.913602,5279.369,REFINED_GROUPED_LAMBERT_GRID
2030,NIX,Nix,LANDING_PROSPECTING,5,2030-05-15T00:00:00Z,2038-05-13T00:00:00Z,2920,24.23131,19.77458,587.156381,10541.336,REFINED_GROUPED_LAMBERT_GRID
2030,NIX,Nix,CARGO_DELIVERY,20,2030-07-15T00:00:00Z,2038-07-13T00:00:00Z,2920,44.344675,19.539145,1966.450214,41501.5,REFINED_GROUPED_LAMBERT_GRID
2030,NIX,Nix,CREWED_TRANSPORT,100,2030-07-15T00:00:00Z,2038-07-13T00:00:00Z,2920,44.344675,19.539145,1966.450214,200388.021,REFINED_GROUPED_LAMBERT_GRID
2031,NIX,Nix,FLYBY,1,2031-04-15T00:00:00Z,2039-04-13T00:00:00Z,2920,18.680363,20.123687,348.955976,1799.209,REFINED_GROUPED_LAMBERT_GRID
2031,NIX,Nix,ORBITAL_RECON,2,2031-05-15T00:00:00Z,2039-05-13T00:00:00Z,2920,23.817041,19.945191,567.251449,5405.055,REFINED_GROUPED_LAMBERT_GRID
2031,NIX,Nix,RENDEZVOUS,2,2031-05-15T00:00:00Z,2039-05-13T00:00:00Z,2920,23.817041,19.945191,567.251449,5405.055,REFINED_GROUPED_LAMBERT_GRID
2031,NIX,Nix,LANDING_PROSPECTING,5,2031-05-15T00:00:00Z,2039-05-13T00:00:00Z,2920,23.817041,19.945191,567.251449,10842.357,REFINED_GROUPED_LAMBERT_GRID
2031,NIX,Nix,CARGO_DELIVERY,20,2031-07-15T00:00:00Z,2039-07-13T00:00:00Z,2920,43.7967,19.698625,1918.150964,42858.964,REFINED_GROUPED_LAMBERT_GRID
2031,NIX,Nix,CREWED_TRANSPORT,100,2031-07-15T00:00:00Z,2039-07-13T00:00:00Z,2920,43.7967,19.698625,1918.150964,207291.258,REFINED_GROUPED_LAMBERT_GRID
2032,NIX,Nix,FLYBY,1,2032-04-15T00:00:00Z,2040-04-13T00:00:00Z,2920,18.808438,20.290137,353.757327,1802.09,REFINED_GROUPED_LAMBERT_GRID
2032,NIX,Nix,ORBITAL_RECON,2,2032-05-15T00:00:00Z,2040-05-13T00:00:00Z,2920,23.721643,20.111763,562.716368,5529.222,REFINED_GROUPED_LAMBERT_GRID
2032,NIX,Nix,RENDEZVOUS,2,2032-05-15T00:00:00Z,2040-05-13T00:00:00Z,2920,23.721643,20.111763,562.716368,5529.222,REFINED_GROUPED_LAMBERT_GRID
2032,NIX,Nix,LANDING_PROSPECTING,5,2032-05-15T00:00:00Z,2040-05-13T00:00:00Z,2920,23.721643,20.111763,562.716368,11156.857,REFINED_GROUPED_LAMBERT_GRID
2032,NIX,Nix,CARGO_DELIVERY,20,2032-07-15T00:00:00Z,2040-07-13T00:00:00Z,2920,43.622464,19.859823,1902.919385,44302.038,REFINED_GROUPED_LAMBERT_GRID
2032,NIX,Nix,CREWED_TRANSPORT,100,2032-07-15T00:00:00Z,2040-07-13T00:00:00Z,2920,43.622464,19.859823,1902.919385,214543.185,REFINED_GROUPED_LAMBERT_GRID
2033,NIX,Nix,FLYBY,1,2033-04-15T00:00:00Z,2041-04-13T00:00:00Z,2920,18.928861,20.464146,358.301789,1804.817,REFINED_GROUPED_LAMBERT_GRID
2033,NIX,Nix,ORBITAL_RECON,2,2033-05-15T00:00:00Z,2041-05-13T00:00:00Z,2920,23.369325,20.286381,546.125331,5657.424,REFINED_GROUPED_LAMBERT_GRID
2033,NIX,Nix,RENDEZVOUS,2,2033-05-15T00:00:00Z,2041-05-13T00:00:00Z,2920,23.369325,20.286381,546.125331,5657.424,REFINED_GROUPED_LAMBERT_GRID
2033,NIX,Nix,LANDING_PROSPECTING,5,2033-06-15T00:00:00Z,2041-06-13T00:00:00Z,2920,32.69074,20.116495,1068.684459,11469.621,REFINED_GROUPED_LAMBERT_GRID
2033,NIX,Nix,CARGO_DELIVERY,20,2033-07-15T00:00:00Z,2041-07-13T00:00:00Z,2920,43.067994,20.024928,1854.852069,45815.529,REFINED_GROUPED_LAMBERT_GRID
2033,NIX,Nix,CREWED_TRANSPORT,100,2033-07-15T00:00:00Z,2041-07-13T00:00:00Z,2920,43.067994,20.024928,1854.852069,222226.002,REFINED_GROUPED_LAMBERT_GRID
2034,NIX,Nix,FLYBY,1,2034-04-15T00:00:00Z,2042-04-13T00:00:00Z,2920,19.059345,20.640658,363.258649,1807.791,REFINED_GROUPED_LAMBERT_GRID
2034,NIX,Nix,ORBITAL_RECON,2,2034-05-15T00:00:00Z,2042-05-13T00:00:00Z,2920,23.024141,20.463631,530.111076,5793.647,REFINED_GROUPED_LAMBERT_GRID
2034,NIX,Nix,RENDEZVOUS,2,2034-05-15T00:00:00Z,2042-05-13T00:00:00Z,2920,23.024141,20.463631,530.111076,5793.647,REFINED_GROUPED_LAMBERT_GRID
2034,NIX,Nix,LANDING_PROSPECTING,5,2034-06-15T00:00:00Z,2042-06-13T00:00:00Z,2920,32.172597,20.290726,1035.076005,11794.432,REFINED_GROUPED_LAMBERT_GRID
2034,NIX,Nix,CARGO_DELIVERY,20,2034-07-15T00:00:00Z,2042-07-13T00:00:00Z,2920,42.542829,20.192743,1809.892313,47415.29,REFINED_GROUPED_LAMBERT_GRID
2034,NIX,Nix,CREWED_TRANSPORT,100,2034-07-15T00:00:00Z,2042-07-13T00:00:00Z,2920,42.542829,20.192743,1809.892313,230332.709,REFINED_GROUPED_LAMBERT_GRID
2035,NIX,Nix,FLYBY,1,2035-04-15T00:00:00Z,2043-04-13T00:00:00Z,2920,19.255864,20.818905,370.788305,1812.309,REFINED_GROUPED_LAMBERT_GRID
2035,NIX,Nix,ORBITAL_RECON,2,2035-05-15T00:00:00Z,2043-05-13T00:00:00Z,2920,22.743146,20.643029,517.250673,5939.497,REFINED_GROUPED_LAMBERT_GRID
2035,NIX,Nix,RENDEZVOUS,2,2035-05-15T00:00:00Z,2043-05-13T00:00:00Z,2920,22.743146,20.643029,517.250673,5939.497,REFINED_GROUPED_LAMBERT_GRID
2035,NIX,Nix,LANDING_PROSPECTING,5,2035-06-15T00:00:00Z,2043-06-13T00:00:00Z,2920,31.68506,20.467646,1003.943021,12139.991,REFINED_GROUPED_LAMBERT_GRID
2035,NIX,Nix,CARGO_DELIVERY,20,2035-07-15T00:00:00Z,2043-07-13T00:00:00Z,2920,42.021215,20.363589,1765.782504,49108.438,REFINED_GROUPED_LAMBERT_GRID
2035,NIX,Nix,CREWED_TRANSPORT,100,2035-07-15T00:00:00Z,2043-07-13T00:00:00Z,2920,42.021215,20.363589,1765.782504,238904.314,REFINED_GROUPED_LAMBERT_GRID
2026,OBERON,Oberon,FLYBY,1,2026-08-15T00:00:00Z,2030-08-14T00:00:00Z,1460,16.780213,20.412302,281.575548,1338.863,REFINED_GROUPED_LAMBERT_GRID
2026,OBERON,Oberon,ORBITAL_RECON,2,2026-07-15T00:00:00Z,2034-07-13T00:00:00Z,2920,12.005856,8.497436,144.140568,1615.038,REFINED_GROUPED_LAMBERT_GRID
2026,OBERON,Oberon,RENDEZVOUS,2,2026-07-15T00:00:00Z,2034-07-13T00:00:00Z,2920,12.005856,8.497436,144.140568,1615.038,REFINED_GROUPED_LAMBERT_GRID
2026,OBERON,Oberon,LANDING_PROSPECTING,5,2026-07-15T00:00:00Z,2034-07-13T00:00:00Z,2920,12.005856,8.497436,144.140568,2198.116,REFINED_GROUPED_LAMBERT_GRID
2026,OBERON,Oberon,CARGO_DELIVERY,20,2026-07-15T00:00:00Z,2034-07-13T00:00:00Z,2920,12.005856,8.497436,144.140568,3285.298,REFINED_GROUPED_LAMBERT_GRID
2026,OBERON,Oberon,CREWED_TRANSPORT,100,2026-08-15T00:00:00Z,2034-08-13T00:00:00Z,2920,14.50063,8.412878,210.268257,14262.42,REFINED_GROUPED_LAMBERT_GRID
2027,OBERON,Oberon,FLYBY,1,2027-08-15T00:00:00Z,2031-08-14T00:00:00Z,1460,16.306649,20.375847,265.906796,1329.462,REFINED_GROUPED_LAMBERT_GRID
2027,OBERON,Oberon,ORBITAL_RECON,2,2027-07-15T00:00:00Z,2035-07-13T00:00:00Z,2920,12.224321,8.474786,149.434016,1617.965,REFINED_GROUPED_LAMBERT_GRID
2027,OBERON,Oberon,RENDEZVOUS,2,2027-07-15T00:00:00Z,2035-07-13T00:00:00Z,2920,12.224321,8.474786,149.434016,1617.965,REFINED_GROUPED_LAMBERT_GRID
2027,OBERON,Oberon,LANDING_PROSPECTING,5,2027-07-15T00:00:00Z,2035-07-13T00:00:00Z,2920,12.224321,8.474786,149.434016,2200.669,REFINED_GROUPED_LAMBERT_GRID
2027,OBERON,Oberon,CARGO_DELIVERY,20,2027-07-15T00:00:00Z,2035-07-13T00:00:00Z,2920,12.224321,8.474786,149.434016,3285.359,REFINED_GROUPED_LAMBERT_GRID
2027,OBERON,Oberon,CREWED_TRANSPORT,100,2027-08-15T00:00:00Z,2035-08-13T00:00:00Z,2920,13.755191,8.389698,189.205282,14234.093,REFINED_GROUPED_LAMBERT_GRID
2028,OBERON,Oberon,FLYBY,1,2028-08-15T00:00:00Z,2032-08-14T00:00:00Z,1460,16.007399,20.326597,256.236822,1323.66,REFINED_GROUPED_LAMBERT_GRID
2028,OBERON,Oberon,ORBITAL_RECON,2,2028-07-15T00:00:00Z,2036-07-13T00:00:00Z,2920,12.530464,8.450817,157.012518,1622.25,REFINED_GROUPED_LAMBERT_GRID
2028,OBERON,Oberon,RENDEZVOUS,2,2028-07-15T00:00:00Z,2036-07-13T00:00:00Z,2920,12.530464,8.450817,157.012518,1622.25,REFINED_GROUPED_LAMBERT_GRID
2028,OBERON,Oberon,LANDING_PROSPECTING,5,2028-07-15T00:00:00Z,2036-07-13T00:00:00Z,2920,12.530464,8.450817,157.012518,2204.559,REFINED_GROUPED_LAMBERT_GRID
2028,OBERON,Oberon,CARGO_DELIVERY,20,2028-08-15T00:00:00Z,2036-08-13T00:00:00Z,2920,13.205869,8.364195,174.394975,3285.314,REFINED_GROUPED_LAMBERT_GRID
2028,OBERON,Oberon,CREWED_TRANSPORT,100,2028-08-15T00:00:00Z,2036-08-13T00:00:00Z,2920,13.205869,8.364195,174.394975,14208.024,REFINED_GROUPED_LAMBERT_GRID
2029,OBERON,Oberon,FLYBY,1,2029-08-15T00:00:00Z,2033-08-14T00:00:00Z,1460,15.819642,20.28856,250.261067,1320.075,REFINED_GROUPED_LAMBERT_GRID
2029,OBERON,Oberon,ORBITAL_RECON,2,2029-08-15T00:00:00Z,2037-08-13T00:00:00Z,2920,12.660971,8.340474,160.300192,1623.029,REFINED_GROUPED_LAMBERT_GRID
2029,OBERON,Oberon,RENDEZVOUS,2,2029-08-15T00:00:00Z,2037-08-13T00:00:00Z,2920,12.660971,8.340474,160.300192,1623.029,REFINED_GROUPED_LAMBERT_GRID
2029,OBERON,Oberon,LANDING_PROSPECTING,5,2029-08-15T00:00:00Z,2037-08-13T00:00:00Z,2920,12.660971,8.340474,160.300192,2203.548,REFINED_GROUPED_LAMBERT_GRID
2029,OBERON,Oberon,CARGO_DELIVERY,20,2029-08-15T00:00:00Z,2037-08-13T00:00:00Z,2920,12.660971,8.340474,160.300192,3273.676,REFINED_GROUPED_LAMBERT_GRID
2029,OBERON,Oberon,CREWED_TRANSPORT,100,2029-08-15T00:00:00Z,2037-08-13T00:00:00Z,2920,12.660971,8.340474,160.300192,14183.658,REFINED_GROUPED_LAMBERT_GRID
2030,OBERON,Oberon,FLYBY,1,2030-08-15T00:00:00Z,2034-08-14T00:00:00Z,1460,15.823785,20.250732,250.392158,1320.153,REFINED_GROUPED_LAMBERT_GRID
2030,OBERON,Oberon,ORBITAL_RECON,2,2030-08-15T00:00:00Z,2038-08-13T00:00:00Z,2920,12.26269,8.314733,150.373555,1616.798,REFINED_GROUPED_LAMBERT_GRID
2030,OBERON,Oberon,RENDEZVOUS,2,2030-08-15T00:00:00Z,2038-08-13T00:00:00Z,2920,12.26269,8.314733,150.373555,1616.798,REFINED_GROUPED_LAMBERT_GRID
2030,OBERON,Oberon,LANDING_PROSPECTING,5,2030-08-15T00:00:00Z,2038-08-13T00:00:00Z,2920,12.26269,8.314733,150.373555,2196.904,REFINED_GROUPED_LAMBERT_GRID
2030,OBERON,Oberon,CARGO_DELIVERY,20,2030-08-15T00:00:00Z,2038-08-13T00:00:00Z,2920,12.26269,8.314733,150.373555,3264.283,REFINED_GROUPED_LAMBERT_GRID
2030,OBERON,Oberon,CREWED_TRANSPORT,100,2030-08-15T00:00:00Z,2038-08-13T00:00:00Z,2920,12.26269,8.314733,150.373555,14160.519,REFINED_GROUPED_LAMBERT_GRID
2031,OBERON,Oberon,FLYBY,1,2031-08-15T00:00:00Z,2035-08-14T00:00:00Z,1460,15.957661,20.212922,254.646937,1322.706,REFINED_GROUPED_LAMBERT_GRID
2031,OBERON,Oberon,ORBITAL_RECON,2,2031-08-15T00:00:00Z,2039-08-13T00:00:00Z,2920,11.989061,8.286692,143.73759,1612.518,REFINED_GROUPED_LAMBERT_GRID
2031,OBERON,Oberon,RENDEZVOUS,2,2031-08-15T00:00:00Z,2039-08-13T00:00:00Z,2920,11.989061,8.286692,143.73759,1612.518,REFINED_GROUPED_LAMBERT_GRID
2031,OBERON,Oberon,LANDING_PROSPECTING,5,2031-08-15T00:00:00Z,2039-08-13T00:00:00Z,2920,11.989061,8.286692,143.73759,2192.178,REFINED_GROUPED_LAMBERT_GRID
2031,OBERON,Oberon,CARGO_DELIVERY,20,2031-08-15T00:00:00Z,2039-08-13T00:00:00Z,2920,11.989061,8.286692,143.73759,3256.576,REFINED_GROUPED_LAMBERT_GRID
2031,OBERON,Oberon,CREWED_TRANSPORT,100,2031-08-15T00:00:00Z,2039-08-13T00:00:00Z,2920,11.989061,8.286692,143.73759,14137.911,REFINED_GROUPED_LAMBERT_GRID
2032,OBERON,Oberon,FLYBY,1,2032-08-15T00:00:00Z,2036-08-14T00:00:00Z,1460,16.189182,20.164059,262.089623,1327.172,REFINED_GROUPED_LAMBERT_GRID
2032,OBERON,Oberon,ORBITAL_RECON,2,2032-08-15T00:00:00Z,2040-08-13T00:00:00Z,2920,11.925544,8.254349,142.218592,1611.265,REFINED_GROUPED_LAMBERT_GRID
2032,OBERON,Oberon,RENDEZVOUS,2,2032-08-15T00:00:00Z,2040-08-13T00:00:00Z,2920,11.925544,8.254349,142.218592,1611.265,REFINED_GROUPED_LAMBERT_GRID
2032,OBERON,Oberon,LANDING_PROSPECTING,5,2032-08-15T00:00:00Z,2040-08-13T00:00:00Z,2920,11.925544,8.254349,142.218592,2190.412,REFINED_GROUPED_LAMBERT_GRID
2032,OBERON,Oberon,CARGO_DELIVERY,20,2032-08-15T00:00:00Z,2040-08-13T00:00:00Z,2920,11.925544,8.254349,142.218592,3251.392,REFINED_GROUPED_LAMBERT_GRID
2032,OBERON,Oberon,CREWED_TRANSPORT,100,2032-08-15T00:00:00Z,2040-08-13T00:00:00Z,2920,11.925544,8.254349,142.218592,14115.638,REFINED_GROUPED_LAMBERT_GRID
2033,OBERON,Oberon,FLYBY,1,2033-09-15T00:00:00Z,2037-09-14T00:00:00Z,1460,16.526403,19.790029,273.122003,1333.791,REFINED_GROUPED_LAMBERT_GRID
2033,OBERON,Oberon,ORBITAL_RECON,2,2033-08-15T00:00:00Z,2041-08-13T00:00:00Z,2920,12.010979,8.223653,144.263626,1612.169,REFINED_GROUPED_LAMBERT_GRID
2033,OBERON,Oberon,RENDEZVOUS,2,2033-08-15T00:00:00Z,2041-08-13T00:00:00Z,2920,12.010979,8.223653,144.263626,1612.169,REFINED_GROUPED_LAMBERT_GRID
2033,OBERON,Oberon,LANDING_PROSPECTING,5,2033-08-15T00:00:00Z,2041-08-13T00:00:00Z,2920,12.010979,8.223653,144.263626,2190.833,REFINED_GROUPED_LAMBERT_GRID
2033,OBERON,Oberon,CARGO_DELIVERY,20,2033-08-15T00:00:00Z,2041-08-13T00:00:00Z,2920,12.010979,8.223653,144.263626,3248.589,REFINED_GROUPED_LAMBERT_GRID
2033,OBERON,Oberon,CREWED_TRANSPORT,100,2033-09-15T00:00:00Z,2041-09-13T00:00:00Z,2920,14.351855,8.142869,205.975735,14081.248,REFINED_GROUPED_LAMBERT_GRID
2034,OBERON,Oberon,FLYBY,1,2034-09-15T00:00:00Z,2038-09-14T00:00:00Z,1460,15.979142,19.763206,255.332967,1323.118,REFINED_GROUPED_LAMBERT_GRID
2034,OBERON,Oberon,ORBITAL_RECON,2,2034-08-15T00:00:00Z,2042-08-13T00:00:00Z,2920,12.335407,8.194773,152.162277,1616.607,REFINED_GROUPED_LAMBERT_GRID
2034,OBERON,Oberon,RENDEZVOUS,2,2034-08-15T00:00:00Z,2042-08-13T00:00:00Z,2920,12.335407,8.194773,152.162277,1616.607,REFINED_GROUPED_LAMBERT_GRID
2034,OBERON,Oberon,LANDING_PROSPECTING,5,2034-08-15T00:00:00Z,2042-08-13T00:00:00Z,2920,12.335407,8.194773,152.162277,2194.818,REFINED_GROUPED_LAMBERT_GRID
2034,OBERON,Oberon,CARGO_DELIVERY,20,2034-08-15T00:00:00Z,2042-08-13T00:00:00Z,2920,12.335407,8.194773,152.162277,3249.557,REFINED_GROUPED_LAMBERT_GRID
2034,OBERON,Oberon,CREWED_TRANSPORT,100,2034-09-15T00:00:00Z,2042-09-13T00:00:00Z,2920,13.560704,8.109308,183.892684,14046.426,REFINED_GROUPED_LAMBERT_GRID
2035,OBERON,Oberon,FLYBY,1,2035-09-15T00:00:00Z,2039-09-14T00:00:00Z,1460,15.64981,19.733643,244.916546,1316.868,REFINED_GROUPED_LAMBERT_GRID
2035,OBERON,Oberon,ORBITAL_RECON,2,2035-09-15T00:00:00Z,2043-09-13T00:00:00Z,2920,12.916364,8.077112,166.832472,1624.197,REFINED_GROUPED_LAMBERT_GRID
2035,OBERON,Oberon,RENDEZVOUS,2,2035-09-15T00:00:00Z,2043-09-13T00:00:00Z,2920,12.916364,8.077112,166.832472,1624.197,REFINED_GROUPED_LAMBERT_GRID
2035,OBERON,Oberon,LANDING_PROSPECTING,5,2035-09-15T00:00:00Z,2043-09-13T00:00:00Z,2920,12.916364,8.077112,166.832472,2200.589,REFINED_GROUPED_LAMBERT_GRID
2035,OBERON,Oberon,CARGO_DELIVERY,20,2035-09-15T00:00:00Z,2043-09-13T00:00:00Z,2920,12.916364,8.077112,166.832472,3243.204,REFINED_GROUPED_LAMBERT_GRID
2035,OBERON,Oberon,CREWED_TRANSPORT,100,2035-09-15T00:00:00Z,2043-09-13T00:00:00Z,2920,12.916364,8.077112,166.832472,14015.623,REFINED_GROUPED_LAMBERT_GRID
2026,ORCUS,90482 Orcus,FLYBY,1,2026-01-15T00:00:00Z,2034-01-13T00:00:00Z,2920,36.295299,26.790946,1317.348729,1480.245,EXISTING_SCREEN_SINGLE_CANDIDATE
2026,ORCUS,90482 Orcus,ORBITAL_RECON,2,2026-01-15T00:00:00Z,2034-01-13T00:00:00Z,2920,36.295299,26.790946,1317.348729,16994.869,EXISTING_SCREEN_SINGLE_CANDIDATE
2026,ORCUS,90482 Orcus,RENDEZVOUS,2,2026-01-15T00:00:00Z,2034-01-13T00:00:00Z,2920,36.295299,26.790946,1317.348729,16994.869,EXISTING_SCREEN_SINGLE_CANDIDATE
2026,ORCUS,90482 Orcus,LANDING_PROSPECTING,5,2026-01-15T00:00:00Z,2034-01-13T00:00:00Z,2920,36.295299,26.790946,1317.348729,40491.805,EXISTING_SCREEN_SINGLE_CANDIDATE
2026,ORCUS,90482 Orcus,CARGO_DELIVERY,20,2026-01-15T00:00:00Z,2034-01-13T00:00:00Z,2920,36.295299,26.790946,1317.348729,194338.046,EXISTING_SCREEN_SINGLE_CANDIDATE
2026,ORCUS,90482 Orcus,CREWED_TRANSPORT,100,2026-01-15T00:00:00Z,2034-01-13T00:00:00Z,2920,36.295299,26.790946,1317.348729,967928.594,EXISTING_SCREEN_SINGLE_CANDIDATE
2027,ORCUS,90482 Orcus,FLYBY,1,2027-01-15T00:00:00Z,2035-01-13T00:00:00Z,2920,35.871055,26.775385,1286.732587,1461.875,EXISTING_SCREEN_SINGLE_CANDIDATE
2027,ORCUS,90482 Orcus,ORBITAL_RECON,2,2027-01-15T00:00:00Z,2035-01-13T00:00:00Z,2920,35.871055,26.775385,1286.732587,16923.322,EXISTING_SCREEN_SINGLE_CANDIDATE
2027,ORCUS,90482 Orcus,RENDEZVOUS,2,2027-01-15T00:00:00Z,2035-01-13T00:00:00Z,2920,35.871055,26.775385,1286.732587,16923.322,EXISTING_SCREEN_SINGLE_CANDIDATE
2027,ORCUS,90482 Orcus,LANDING_PROSPECTING,5,2027-01-15T00:00:00Z,2035-01-13T00:00:00Z,2920,35.871055,26.775385,1286.732587,40340.493,EXISTING_SCREEN_SINGLE_CANDIDATE
2027,ORCUS,90482 Orcus,CARGO_DELIVERY,20,2027-01-15T00:00:00Z,2035-01-13T00:00:00Z,2920,35.871055,26.775385,1286.732587,193654.962,EXISTING_SCREEN_SINGLE_CANDIDATE
2027,ORCUS,90482 Orcus,CREWED_TRANSPORT,100,2027-01-15T00:00:00Z,2035-01-13T00:00:00Z,2920,35.871055,26.775385,1286.732587,964586.65,EXISTING_SCREEN_SINGLE_CANDIDATE
2028,ORCUS,90482 Orcus,FLYBY,1,2028-01-15T00:00:00Z,2036-01-13T00:00:00Z,2920,35.412556,26.760101,1254.049122,1442.265,EXISTING_SCREEN_SINGLE_CANDIDATE
2028,ORCUS,90482 Orcus,ORBITAL_RECON,2,2028-01-15T00:00:00Z,2036-01-13T00:00:00Z,2920,35.412556,26.760101,1254.049122,16851.66,EXISTING_SCREEN_SINGLE_CANDIDATE
2028,ORCUS,90482 Orcus,RENDEZVOUS,2,2028-01-15T00:00:00Z,2036-01-13T00:00:00Z,2920,35.412556,26.760101,1254.049122,16851.66,EXISTING_SCREEN_SINGLE_CANDIDATE
2028,ORCUS,90482 Orcus,LANDING_PROSPECTING,5,2028-01-15T00:00:00Z,2036-01-13T00:00:00Z,2920,35.412556,26.760101,1254.049122,40190.753,EXISTING_SCREEN_SINGLE_CANDIDATE
2028,ORCUS,90482 Orcus,CARGO_DELIVERY,20,2028-01-15T00:00:00Z,2036-01-13T00:00:00Z,2920,35.412556,26.760101,1254.049122,192984.703,EXISTING_SCREEN_SINGLE_CANDIDATE
2028,ORCUS,90482 Orcus,CREWED_TRANSPORT,100,2028-01-15T00:00:00Z,2036-01-13T00:00:00Z,2920,35.412556,26.760101,1254.049122,961313.797,EXISTING_SCREEN_SINGLE_CANDIDATE
2029,ORCUS,90482 Orcus,FLYBY,1,2029-01-15T00:00:00Z,2037-01-13T00:00:00Z,2920,35.304724,26.740347,1246.423537,1437.69,EXISTING_SCREEN_SINGLE_CANDIDATE
2029,ORCUS,90482 Orcus,ORBITAL_RECON,2,2029-01-15T00:00:00Z,2037-01-13T00:00:00Z,2920,35.304724,26.740347,1246.423537,16780.071,EXISTING_SCREEN_SINGLE_CANDIDATE
2029,ORCUS,90482 Orcus,RENDEZVOUS,2,2029-01-15T00:00:00Z,2037-01-13T00:00:00Z,2920,35.304724,26.740347,1246.423537,16780.071,EXISTING_SCREEN_SINGLE_CANDIDATE
2029,ORCUS,90482 Orcus,LANDING_PROSPECTING,5,2029-01-15T00:00:00Z,2037-01-13T00:00:00Z,2920,35.304724,26.740347,1246.423537,40018.643,EXISTING_SCREEN_SINGLE_CANDIDATE
2029,ORCUS,90482 Orcus,CARGO_DELIVERY,20,2029-01-15T00:00:00Z,2037-01-13T00:00:00Z,2920,35.304724,26.740347,1246.423537,192142.456,EXISTING_SCREEN_SINGLE_CANDIDATE
2029,ORCUS,90482 Orcus,CREWED_TRANSPORT,100,2029-01-15T00:00:00Z,2037-01-13T00:00:00Z,2920,35.304724,26.740347,1246.423537,957120.862,EXISTING_SCREEN_SINGLE_CANDIDATE
2030,ORCUS,90482 Orcus,FLYBY,1,2030-01-15T00:00:00Z,2038-01-13T00:00:00Z,2920,34.873799,26.726906,1216.181857,1419.545,EXISTING_SCREEN_SINGLE_CANDIDATE
2030,ORCUS,90482 Orcus,ORBITAL_RECON,2,2030-01-15T00:00:00Z,2038-01-13T00:00:00Z,2920,34.873799,26.726906,1216.181857,16716.497,EXISTING_SCREEN_SINGLE_CANDIDATE
2030,ORCUS,90482 Orcus,RENDEZVOUS,2,2030-01-15T00:00:00Z,2038-01-13T00:00:00Z,2920,34.873799,26.726906,1216.181857,16716.497,EXISTING_SCREEN_SINGLE_CANDIDATE
2030,ORCUS,90482 Orcus,LANDING_PROSPECTING,5,2030-01-15T00:00:00Z,2038-01-13T00:00:00Z,2920,34.873799,26.726906,1216.181857,39886.924,EXISTING_SCREEN_SINGLE_CANDIDATE
2030,ORCUS,90482 Orcus,CARGO_DELIVERY,20,2030-01-15T00:00:00Z,2038-01-13T00:00:00Z,2920,34.873799,26.726906,1216.181857,191556.441,EXISTING_SCREEN_SINGLE_CANDIDATE
2030,ORCUS,90482 Orcus,CREWED_TRANSPORT,100,2030-01-15T00:00:00Z,2038-01-13T00:00:00Z,2920,34.873799,26.726906,1216.181857,954263.37,EXISTING_SCREEN_SINGLE_CANDIDATE
2031,ORCUS,90482 Orcus,FLYBY,1,2031-01-15T00:00:00Z,2039-01-13T00:00:00Z,2920,34.412234,26.713303,1184.201849,1400.357,EXISTING_SCREEN_SINGLE_CANDIDATE
2031,ORCUS,90482 Orcus,ORBITAL_RECON,2,2031-01-15T00:00:00Z,2039-01-13T00:00:00Z,2920,34.412234,26.713303,1184.201849,16651.469,EXISTING_SCREEN_SINGLE_CANDIDATE
2031,ORCUS,90482 Orcus,RENDEZVOUS,2,2031-01-15T00:00:00Z,2039-01-13T00:00:00Z,2920,34.412234,26.713303,1184.201849,16651.469,EXISTING_SCREEN_SINGLE_CANDIDATE
2031,ORCUS,90482 Orcus,LANDING_PROSPECTING,5,2031-01-15T00:00:00Z,2039-01-13T00:00:00Z,2920,34.412234,26.713303,1184.201849,39753.138,EXISTING_SCREEN_SINGLE_CANDIDATE
2031,ORCUS,90482 Orcus,CARGO_DELIVERY,20,2031-01-15T00:00:00Z,2039-01-13T00:00:00Z,2920,34.412234,26.713303,1184.201849,190964.264,EXISTING_SCREEN_SINGLE_CANDIDATE
2031,ORCUS,90482 Orcus,CREWED_TRANSPORT,100,2031-01-15T00:00:00Z,2039-01-13T00:00:00Z,2920,34.412234,26.713303,1184.201849,951379.235,EXISTING_SCREEN_SINGLE_CANDIDATE
2032,ORCUS,90482 Orcus,FLYBY,1,2032-01-15T00:00:00Z,2040-01-13T00:00:00Z,2920,33.985657,26.697716,1155.024882,1382.851,EXISTING_SCREEN_SINGLE_CANDIDATE
2032,ORCUS,90482 Orcus,ORBITAL_RECON,2,2032-01-15T00:00:00Z,2040-01-13T00:00:00Z,2920,33.985657,26.697716,1155.024882,16581.609,EXISTING_SCREEN_SINGLE_CANDIDATE
2032,ORCUS,90482 Orcus,RENDEZVOUS,2,2032-01-15T00:00:00Z,2040-01-13T00:00:00Z,2920,33.985657,26.697716,1155.024882,16581.609,EXISTING_SCREEN_SINGLE_CANDIDATE
2032,ORCUS,90482 Orcus,LANDING_PROSPECTING,5,2032-01-15T00:00:00Z,2040-01-13T00:00:00Z,2920,33.985657,26.697716,1155.024882,39604.745,EXISTING_SCREEN_SINGLE_CANDIDATE
2032,ORCUS,90482 Orcus,CARGO_DELIVERY,20,2032-01-15T00:00:00Z,2040-01-13T00:00:00Z,2920,33.985657,26.697716,1155.024882,190292.324,EXISTING_SCREEN_SINGLE_CANDIDATE
2032,ORCUS,90482 Orcus,CREWED_TRANSPORT,100,2032-01-15T00:00:00Z,2040-01-13T00:00:00Z,2920,33.985657,26.697716,1155.024882,948089.559,EXISTING_SCREEN_SINGLE_CANDIDATE
2033,ORCUS,90482 Orcus,FLYBY,1,2033-01-15T00:00:00Z,2041-01-13T00:00:00Z,2920,33.866979,26.672915,1146.972267,1378.019,EXISTING_SCREEN_SINGLE_CANDIDATE
2033,ORCUS,90482 Orcus,ORBITAL_RECON,2,2033-01-15T00:00:00Z,2041-01-13T00:00:00Z,2920,33.866979,26.672915,1146.972267,16493.846,EXISTING_SCREEN_SINGLE_CANDIDATE
2033,ORCUS,90482 Orcus,RENDEZVOUS,2,2033-01-15T00:00:00Z,2041-01-13T00:00:00Z,2920,33.866979,26.672915,1146.972267,16493.846,EXISTING_SCREEN_SINGLE_CANDIDATE
2033,ORCUS,90482 Orcus,LANDING_PROSPECTING,5,2033-01-15T00:00:00Z,2041-01-13T00:00:00Z,2920,33.866979,26.672915,1146.972267,39392.588,EXISTING_SCREEN_SINGLE_CANDIDATE
2033,ORCUS,90482 Orcus,CARGO_DELIVERY,20,2033-01-15T00:00:00Z,2041-01-13T00:00:00Z,2920,33.866979,26.672915,1146.972267,189250.862,EXISTING_SCREEN_SINGLE_CANDIDATE
2033,ORCUS,90482 Orcus,CREWED_TRANSPORT,100,2033-01-15T00:00:00Z,2041-01-13T00:00:00Z,2920,33.866979,26.672915,1146.972267,942901.575,EXISTING_SCREEN_SINGLE_CANDIDATE
2034,ORCUS,90482 Orcus,FLYBY,1,2034-01-15T00:00:00Z,2042-01-13T00:00:00Z,2920,33.41265,26.650329,1116.40518,1359.679,EXISTING_SCREEN_SINGLE_CANDIDATE
2034,ORCUS,90482 Orcus,ORBITAL_RECON,2,2034-01-15T00:00:00Z,2042-01-13T00:00:00Z,2920,33.41265,26.650329,1116.40518,16400.379,EXISTING_SCREEN_SINGLE_CANDIDATE
2034,ORCUS,90482 Orcus,RENDEZVOUS,2,2034-01-15T00:00:00Z,2042-01-13T00:00:00Z,2920,33.41265,26.650329,1116.40518,16400.379,EXISTING_SCREEN_SINGLE_CANDIDATE
2034,ORCUS,90482 Orcus,LANDING_PROSPECTING,5,2034-01-15T00:00:00Z,2042-01-13T00:00:00Z,2920,33.41265,26.650329,1116.40518,39186.429,EXISTING_SCREEN_SINGLE_CANDIDATE
2034,ORCUS,90482 Orcus,CARGO_DELIVERY,20,2034-01-15T00:00:00Z,2042-01-13T00:00:00Z,2920,33.41265,26.650329,1116.40518,188293.431,EXISTING_SCREEN_SINGLE_CANDIDATE
2034,ORCUS,90482 Orcus,CREWED_TRANSPORT,100,2034-01-15T00:00:00Z,2042-01-13T00:00:00Z,2920,33.41265,26.650329,1116.40518,938187.783,EXISTING_SCREEN_SINGLE_CANDIDATE
2035,ORCUS,90482 Orcus,FLYBY,1,2035-01-15T00:00:00Z,2043-01-13T00:00:00Z,2920,32.996004,26.622783,1088.73628,1343.077,EXISTING_SCREEN_SINGLE_CANDIDATE
2035,ORCUS,90482 Orcus,ORBITAL_RECON,2,2035-01-15T00:00:00Z,2043-01-13T00:00:00Z,2920,32.996004,26.622783,1088.73628,16292.661,EXISTING_SCREEN_SINGLE_CANDIDATE
2035,ORCUS,90482 Orcus,RENDEZVOUS,2,2035-01-15T00:00:00Z,2043-01-13T00:00:00Z,2920,32.996004,26.622783,1088.73628,16292.661,EXISTING_SCREEN_SINGLE_CANDIDATE
2035,ORCUS,90482 Orcus,LANDING_PROSPECTING,5,2035-01-15T00:00:00Z,2043-01-13T00:00:00Z,2920,32.996004,26.622783,1088.73628,38942.036,EXISTING_SCREEN_SINGLE_CANDIDATE
2035,ORCUS,90482 Orcus,CARGO_DELIVERY,20,2035-01-15T00:00:00Z,2043-01-13T00:00:00Z,2920,32.996004,26.622783,1088.73628,187137.872,EXISTING_SCREEN_SINGLE_CANDIDATE
2035,ORCUS,90482 Orcus,CREWED_TRANSPORT,100,2035-01-15T00:00:00Z,2043-01-13T00:00:00Z,2920,32.996004,26.622783,1088.73628,932476.393,EXISTING_SCREEN_SINGLE_CANDIDATE
2026,ORUS,21900 Orus,FLYBY,1,2026-01-15T00:00:00Z,2028-01-15T00:00:00Z,730,16.109185,6.89868,259.505841,665.662,EXISTING_SCREEN_SINGLE_CANDIDATE
2026,ORUS,21900 Orus,ORBITAL_RECON,2,2026-01-15T00:00:00Z,2028-01-15T00:00:00Z,730,16.109185,6.89868,259.505841,960.952,EXISTING_SCREEN_SINGLE_CANDIDATE
2026,ORUS,21900 Orus,RENDEZVOUS,2,2026-01-15T00:00:00Z,2028-01-15T00:00:00Z,730,16.109185,6.89868,259.505841,960.952,EXISTING_SCREEN_SINGLE_CANDIDATE
2026,ORUS,21900 Orus,LANDING_PROSPECTING,5,2026-01-15T00:00:00Z,2028-01-15T00:00:00Z,730,16.109185,6.89868,259.505841,1628.886,EXISTING_SCREEN_SINGLE_CANDIDATE
2026,ORUS,21900 Orus,CARGO_DELIVERY,20,2026-01-15T00:00:00Z,2028-01-15T00:00:00Z,730,16.109185,6.89868,259.505841,3281.781,EXISTING_SCREEN_SINGLE_CANDIDATE
2026,ORUS,21900 Orus,CREWED_TRANSPORT,100,2026-01-15T00:00:00Z,2028-01-15T00:00:00Z,730,16.109185,6.89868,259.505841,15186.092,EXISTING_SCREEN_SINGLE_CANDIDATE
2027,ORUS,21900 Orus,FLYBY,1,2027-01-15T00:00:00Z,2029-01-14T00:00:00Z,730,10.171546,7.211268,103.460348,572.035,EXISTING_SCREEN_SINGLE_CANDIDATE
2027,ORUS,21900 Orus,ORBITAL_RECON,2,2027-01-15T00:00:00Z,2029-01-14T00:00:00Z,730,10.171546,7.211268,103.460348,880.653,EXISTING_SCREEN_SINGLE_CANDIDATE
2027,ORUS,21900 Orus,RENDEZVOUS,2,2027-01-15T00:00:00Z,2029-01-14T00:00:00Z,730,10.171546,7.211268,103.460348,880.653,EXISTING_SCREEN_SINGLE_CANDIDATE
2027,ORUS,21900 Orus,LANDING_PROSPECTING,5,2027-01-15T00:00:00Z,2029-01-14T00:00:00Z,730,10.171546,7.211268,103.460348,1568.58,EXISTING_SCREEN_SINGLE_CANDIDATE
2027,ORUS,21900 Orus,CARGO_DELIVERY,20,2027-01-15T00:00:00Z,2029-01-14T00:00:00Z,730,10.171546,7.211268,103.460348,3354.76,EXISTING_SCREEN_SINGLE_CANDIDATE
2027,ORUS,21900 Orus,CREWED_TRANSPORT,100,2027-01-15T00:00:00Z,2029-01-14T00:00:00Z,730,10.171546,7.211268,103.460348,15925.497,EXISTING_SCREEN_SINGLE_CANDIDATE
2028,ORUS,21900 Orus,FLYBY,1,2028-01-15T00:00:00Z,2032-01-14T00:00:00Z,1460,14.658839,7.294324,214.881561,698.847,EXISTING_SCREEN_SINGLE_CANDIDATE
2028,ORUS,21900 Orus,ORBITAL_RECON,2,2028-01-15T00:00:00Z,2032-01-14T00:00:00Z,1460,14.658839,7.294324,214.881561,1011.165,EXISTING_SCREEN_SINGLE_CANDIDATE
2028,ORUS,21900 Orus,RENDEZVOUS,2,2028-01-15T00:00:00Z,2032-01-14T00:00:00Z,1460,14.658839,7.294324,214.881561,1011.165,EXISTING_SCREEN_SINGLE_CANDIDATE
2028,ORUS,21900 Orus,LANDING_PROSPECTING,5,2028-01-15T00:00:00Z,2032-01-14T00:00:00Z,1460,14.658839,7.294324,214.881561,1704.642,EXISTING_SCREEN_SINGLE_CANDIDATE
2028,ORUS,21900 Orus,CARGO_DELIVERY,20,2028-01-15T00:00:00Z,2032-01-14T00:00:00Z,1460,14.658839,7.294324,214.881561,3527.821,EXISTING_SCREEN_SINGLE_CANDIDATE
2028,ORUS,21900 Orus,CREWED_TRANSPORT,100,2028-01-15T00:00:00Z,2032-01-14T00:00:00Z,1460,14.658839,7.294324,214.881561,16523.389,EXISTING_SCREEN_SINGLE_CANDIDATE
2029,ORUS,21900 Orus,FLYBY,1,2029-07-15T00:00:00Z,2037-07-13T00:00:00Z,2920,13.060476,11.392522,170.576033,792.181,EXISTING_SCREEN_SINGLE_CANDIDATE
2029,ORUS,21900 Orus,ORBITAL_RECON,2,2029-07-15T00:00:00Z,2037-07-13T00:00:00Z,2920,13.060476,11.392522,170.576033,1405.162,EXISTING_SCREEN_SINGLE_CANDIDATE
2029,ORUS,21900 Orus,RENDEZVOUS,2,2029-07-15T00:00:00Z,2037-07-13T00:00:00Z,2920,13.060476,11.392522,170.576033,1405.162,EXISTING_SCREEN_SINGLE_CANDIDATE
2029,ORUS,21900 Orus,LANDING_PROSPECTING,5,2029-07-15T00:00:00Z,2037-07-13T00:00:00Z,2920,13.060476,11.392522,170.576033,2549.632,EXISTING_SCREEN_SINGLE_CANDIDATE
2029,ORUS,21900 Orus,CARGO_DELIVERY,20,2029-07-15T00:00:00Z,2037-07-13T00:00:00Z,2920,13.060476,11.392522,170.576033,7379.435,EXISTING_SCREEN_SINGLE_CANDIDATE
2029,ORUS,21900 Orus,CREWED_TRANSPORT,100,2029-07-15T00:00:00Z,2037-07-13T00:00:00Z,2920,13.060476,11.392522,170.576033,35887.793,EXISTING_SCREEN_SINGLE_CANDIDATE
2030,ORUS,21900 Orus,FLYBY,1,2030-07-15T00:00:00Z,2034-07-14T00:00:00Z,1460,17.503095,8.740626,306.358335,753.733,EXISTING_SCREEN_SINGLE_CANDIDATE
2030,ORUS,21900 Orus,ORBITAL_RECON,2,2030-07-15T00:00:00Z,2034-07-14T00:00:00Z,1460,17.503095,8.740626,306.358335,1142.741,EXISTING_SCREEN_SINGLE_CANDIDATE
2030,ORUS,21900 Orus,RENDEZVOUS,2,2030-07-15T00:00:00Z,2034-07-14T00:00:00Z,1460,17.503095,8.740626,306.358335,1142.741,EXISTING_SCREEN_SINGLE_CANDIDATE
2030,ORUS,21900 Orus,LANDING_PROSPECTING,5,2030-07-15T00:00:00Z,2034-07-14T00:00:00Z,1460,17.503095,8.740626,306.358335,1951.253,EXISTING_SCREEN_SINGLE_CANDIDATE
2030,ORUS,21900 Orus,CARGO_DELIVERY,20,2030-07-15T00:00:00Z,2034-07-14T00:00:00Z,1460,17.503095,8.740626,306.358335,4541.334,EXISTING_SCREEN_SINGLE_CANDIDATE
2030,ORUS,21900 Orus,CREWED_TRANSPORT,100,2030-07-15T00:00:00Z,2034-07-14T00:00:00Z,1460,17.503095,8.740626,306.358335,21371.41,EXISTING_SCREEN_SINGLE_CANDIDATE
2031,ORUS,21900 Orus,FLYBY,1,2031-07-15T00:00:00Z,2035-07-14T00:00:00Z,1460,16.099055,9.28538,259.179572,725.426,EXISTING_SCREEN_SINGLE_CANDIDATE
2031,ORUS,21900 Orus,ORBITAL_RECON,2,2031-07-15T00:00:00Z,2035-07-14T00:00:00Z,1460,16.099055,9.28538,259.179572,1150.339,EXISTING_SCREEN_SINGLE_CANDIDATE
2031,ORUS,21900 Orus,RENDEZVOUS,2,2031-07-15T00:00:00Z,2035-07-14T00:00:00Z,1460,16.099055,9.28538,259.179572,1150.339,EXISTING_SCREEN_SINGLE_CANDIDATE
2031,ORUS,21900 Orus,LANDING_PROSPECTING,5,2031-07-15T00:00:00Z,2035-07-14T00:00:00Z,1460,16.099055,9.28538,259.179572,2012.709,EXISTING_SCREEN_SINGLE_CANDIDATE
2031,ORUS,21900 Orus,CARGO_DELIVERY,20,2031-07-15T00:00:00Z,2035-07-14T00:00:00Z,1460,16.099055,9.28538,259.179572,4961.841,EXISTING_SCREEN_SINGLE_CANDIDATE
2031,ORUS,21900 Orus,CREWED_TRANSPORT,100,2031-07-15T00:00:00Z,2035-07-14T00:00:00Z,1460,16.099055,9.28538,259.179572,23587.176,EXISTING_SCREEN_SINGLE_CANDIDATE
2032,ORUS,21900 Orus,FLYBY,1,2032-07-15T00:00:00Z,2034-07-15T00:00:00Z,730,11.900814,6.804591,141.629374,594.937,EXISTING_SCREEN_SINGLE_CANDIDATE
2032,ORUS,21900 Orus,ORBITAL_RECON,2,2032-07-15T00:00:00Z,2034-07-15T00:00:00Z,730,11.900814,6.804591,141.629374,886.392,EXISTING_SCREEN_SINGLE_CANDIDATE
2032,ORUS,21900 Orus,RENDEZVOUS,2,2032-07-15T00:00:00Z,2034-07-15T00:00:00Z,730,11.900814,6.804591,141.629374,886.392,EXISTING_SCREEN_SINGLE_CANDIDATE
2032,ORUS,21900 Orus,LANDING_PROSPECTING,5,2032-07-15T00:00:00Z,2034-07-15T00:00:00Z,730,11.900814,6.804591,141.629374,1548.575,EXISTING_SCREEN_SINGLE_CANDIDATE
2032,ORUS,21900 Orus,CARGO_DELIVERY,20,2032-07-15T00:00:00Z,2034-07-15T00:00:00Z,730,11.900814,6.804591,141.629374,3163.131,EXISTING_SCREEN_SINGLE_CANDIDATE
2032,ORUS,21900 Orus,CREWED_TRANSPORT,100,2032-07-15T00:00:00Z,2034-07-15T00:00:00Z,730,11.900814,6.804591,141.629374,14875.745,EXISTING_SCREEN_SINGLE_CANDIDATE
2033,ORUS,21900 Orus,FLYBY,1,2033-07-15T00:00:00Z,2037-07-14T00:00:00Z,1460,14.456879,7.772526,209.00135,695.319,EXISTING_SCREEN_SINGLE_CANDIDATE
2033,ORUS,21900 Orus,ORBITAL_RECON,2,2033-07-15T00:00:00Z,2037-07-14T00:00:00Z,1460,14.456879,7.772526,209.00135,1030.32,EXISTING_SCREEN_SINGLE_CANDIDATE
2033,ORUS,21900 Orus,RENDEZVOUS,2,2033-07-15T00:00:00Z,2037-07-14T00:00:00Z,1460,14.456879,7.772526,209.00135,1030.32,EXISTING_SCREEN_SINGLE_CANDIDATE
2033,ORUS,21900 Orus,LANDING_PROSPECTING,5,2033-07-15T00:00:00Z,2037-07-14T00:00:00Z,1460,14.456879,7.772526,209.00135,1757.823,EXISTING_SCREEN_SINGLE_CANDIDATE
2033,ORUS,21900 Orus,CARGO_DELIVERY,20,2033-07-15T00:00:00Z,2037-07-14T00:00:00Z,1460,14.456879,7.772526,209.00135,3807.839,EXISTING_SCREEN_SINGLE_CANDIDATE
2033,ORUS,21900 Orus,CREWED_TRANSPORT,100,2033-07-15T00:00:00Z,2037-07-14T00:00:00Z,1460,14.456879,7.772526,209.00135,17937.589,EXISTING_SCREEN_SINGLE_CANDIDATE
2034,ORUS,21900 Orus,FLYBY,1,2034-07-15T00:00:00Z,2036-07-14T00:00:00Z,730,16.295501,7.369904,265.543353,669.285,EXISTING_SCREEN_SINGLE_CANDIDATE
2034,ORUS,21900 Orus,ORBITAL_RECON,2,2034-07-15T00:00:00Z,2036-07-14T00:00:00Z,730,16.295501,7.369904,265.543353,985.03,EXISTING_SCREEN_SINGLE_CANDIDATE
2034,ORUS,21900 Orus,RENDEZVOUS,2,2034-07-15T00:00:00Z,2036-07-14T00:00:00Z,730,16.295501,7.369904,265.543353,985.03,EXISTING_SCREEN_SINGLE_CANDIDATE
2034,ORUS,21900 Orus,LANDING_PROSPECTING,5,2034-07-15T00:00:00Z,2036-07-14T00:00:00Z,730,16.295501,7.369904,265.543353,1683.647,EXISTING_SCREEN_SINGLE_CANDIDATE
2034,ORUS,21900 Orus,CARGO_DELIVERY,20,2034-07-15T00:00:00Z,2036-07-14T00:00:00Z,730,16.295501,7.369904,265.543353,3541.093,EXISTING_SCREEN_SINGLE_CANDIDATE
2034,ORUS,21900 Orus,CREWED_TRANSPORT,100,2034-07-15T00:00:00Z,2036-07-14T00:00:00Z,730,16.295501,7.369904,265.543353,16468.162,EXISTING_SCREEN_SINGLE_CANDIDATE
2035,ORUS,21900 Orus,FLYBY,1,2035-01-15T00:00:00Z,2043-01-13T00:00:00Z,2920,12.930013,10.454855,167.185236,790.147,EXISTING_SCREEN_SINGLE_CANDIDATE
2035,ORUS,21900 Orus,ORBITAL_RECON,2,2035-01-15T00:00:00Z,2043-01-13T00:00:00Z,2920,12.930013,10.454855,167.185236,1308.52,EXISTING_SCREEN_SINGLE_CANDIDATE
2035,ORUS,21900 Orus,RENDEZVOUS,2,2035-01-15T00:00:00Z,2043-01-13T00:00:00Z,2920,12.930013,10.454855,167.185236,1308.52,EXISTING_SCREEN_SINGLE_CANDIDATE
2035,ORUS,21900 Orus,LANDING_PROSPECTING,5,2035-01-15T00:00:00Z,2043-01-13T00:00:00Z,2920,12.930013,10.454855,167.185236,2311.079,EXISTING_SCREEN_SINGLE_CANDIDATE
2035,ORUS,21900 Orus,CARGO_DELIVERY,20,2035-01-15T00:00:00Z,2043-01-13T00:00:00Z,2920,12.930013,10.454855,167.185236,6194.807,EXISTING_SCREEN_SINGLE_CANDIDATE
2035,ORUS,21900 Orus,CREWED_TRANSPORT,100,2035-01-15T00:00:00Z,2043-01-13T00:00:00Z,2920,12.930013,10.454855,167.185236,29972.792,EXISTING_SCREEN_SINGLE_CANDIDATE
2026,OUMUAMUA,1I/ʻOumuamua,FLYBY,1,2026-07-15T00:00:00Z,2034-07-13T00:00:00Z,2920,48.387741,31.115975,2341.373479,2094.66,EXISTING_SCREEN_SINGLE_CANDIDATE
2026,OUMUAMUA,1I/ʻOumuamua,ORBITAL_RECON,2,2026-07-15T00:00:00Z,2034-07-13T00:00:00Z,2920,48.387741,31.115975,2341.373479,42481.849,EXISTING_SCREEN_SINGLE_CANDIDATE
2026,OUMUAMUA,1I/ʻOumuamua,RENDEZVOUS,2,2026-07-15T00:00:00Z,2034-07-13T00:00:00Z,2920,48.387741,31.115975,2341.373479,42481.849,EXISTING_SCREEN_SINGLE_CANDIDATE
2026,OUMUAMUA,1I/ʻOumuamua,LANDING_PROSPECTING,5,2026-07-15T00:00:00Z,2034-07-13T00:00:00Z,2920,48.387741,31.115975,2341.373479,103287.633,EXISTING_SCREEN_SINGLE_CANDIDATE
2026,OUMUAMUA,1I/ʻOumuamua,CARGO_DELIVERY,20,2026-07-15T00:00:00Z,2034-07-13T00:00:00Z,2920,48.387741,31.115975,2341.373479,505859.526,EXISTING_SCREEN_SINGLE_CANDIDATE
2026,OUMUAMUA,1I/ʻOumuamua,CREWED_TRANSPORT,100,2026-07-15T00:00:00Z,2034-07-13T00:00:00Z,2920,48.387741,31.115975,2341.373479,2523078.334,EXISTING_SCREEN_SINGLE_CANDIDATE
2027,OUMUAMUA,1I/ʻOumuamua,FLYBY,1,2027-07-15T00:00:00Z,2035-07-13T00:00:00Z,2920,50.879852,34.529852,2588.75934,2243.091,EXISTING_SCREEN_SINGLE_CANDIDATE
2027,OUMUAMUA,1I/ʻOumuamua,ORBITAL_RECON,2,2027-07-15T00:00:00Z,2035-07-13T00:00:00Z,2920,50.879852,34.529852,2588.75934,88359.741,EXISTING_SCREEN_SINGLE_CANDIDATE
2027,OUMUAMUA,1I/ʻOumuamua,RENDEZVOUS,2,2027-07-15T00:00:00Z,2035-07-13T00:00:00Z,2920,50.879852,34.529852,2588.75934,88359.741,EXISTING_SCREEN_SINGLE_CANDIDATE
2027,OUMUAMUA,1I/ʻOumuamua,LANDING_PROSPECTING,5,2027-07-15T00:00:00Z,2035-07-13T00:00:00Z,2920,50.879852,34.529852,2588.75934,217759.716,EXISTING_SCREEN_SINGLE_CANDIDATE
2027,OUMUAMUA,1I/ʻOumuamua,CARGO_DELIVERY,20,2027-07-15T00:00:00Z,2035-07-13T00:00:00Z,2920,50.879852,34.529852,2588.75934,1077626.217,EXISTING_SCREEN_SINGLE_CANDIDATE
2027,OUMUAMUA,1I/ʻOumuamua,CREWED_TRANSPORT,100,2027-07-15T00:00:00Z,2035-07-13T00:00:00Z,2920,50.879852,34.529852,2588.75934,5381318.063,EXISTING_SCREEN_SINGLE_CANDIDATE
2028,OUMUAMUA,1I/ʻOumuamua,FLYBY,1,2028-07-15T00:00:00Z,2036-07-13T00:00:00Z,2920,53.609144,37.932602,2873.94032,2414.2,EXISTING_SCREEN_SINGLE_CANDIDATE
2028,OUMUAMUA,1I/ʻOumuamua,ORBITAL_RECON,2,2028-07-15T00:00:00Z,2036-07-13T00:00:00Z,2920,53.609144,37.932602,2873.94032,185726.551,EXISTING_SCREEN_SINGLE_CANDIDATE
2028,OUMUAMUA,1I/ʻOumuamua,RENDEZVOUS,2,2028-07-15T00:00:00Z,2036-07-13T00:00:00Z,2920,53.609144,37.932602,2873.94032,185726.551,EXISTING_SCREEN_SINGLE_CANDIDATE
2028,OUMUAMUA,1I/ʻOumuamua,LANDING_PROSPECTING,5,2028-07-15T00:00:00Z,2036-07-13T00:00:00Z,2920,53.609144,37.932602,2873.94032,460920.078,EXISTING_SCREEN_SINGLE_CANDIDATE
2028,OUMUAMUA,1I/ʻOumuamua,CARGO_DELIVERY,20,2028-07-15T00:00:00Z,2036-07-13T00:00:00Z,2920,53.609144,37.932602,2873.94032,2292743.59,EXISTING_SCREEN_SINGLE_CANDIDATE
2028,OUMUAMUA,1I/ʻOumuamua,CREWED_TRANSPORT,100,2028-07-15T00:00:00Z,2036-07-13T00:00:00Z,2920,53.609144,37.932602,2873.94032,11456220.493,EXISTING_SCREEN_SINGLE_CANDIDATE
2029,OUMUAMUA,1I/ʻOumuamua,FLYBY,1,2029-07-15T00:00:00Z,2037-07-13T00:00:00Z,2920,56.220047,41.322342,3160.693685,2586.252,EXISTING_SCREEN_SINGLE_CANDIDATE
2029,OUMUAMUA,1I/ʻOumuamua,ORBITAL_RECON,2,2029-07-15T00:00:00Z,2037-07-13T00:00:00Z,2920,56.220047,41.322342,3160.693685,391808.105,EXISTING_SCREEN_SINGLE_CANDIDATE
2029,OUMUAMUA,1I/ʻOumuamua,RENDEZVOUS,2,2029-07-15T00:00:00Z,2037-07-13T00:00:00Z,2920,56.220047,41.322342,3160.693685,391808.105,EXISTING_SCREEN_SINGLE_CANDIDATE
2029,OUMUAMUA,1I/ʻOumuamua,LANDING_PROSPECTING,5,2029-07-15T00:00:00Z,2037-07-13T00:00:00Z,2920,56.220047,41.322342,3160.693685,975865.884,EXISTING_SCREEN_SINGLE_CANDIDATE
2029,OUMUAMUA,1I/ʻOumuamua,CARGO_DELIVERY,20,2029-07-15T00:00:00Z,2037-07-13T00:00:00Z,2920,56.220047,41.322342,3160.693685,4866784.413,EXISTING_SCREEN_SINGLE_CANDIDATE
2029,OUMUAMUA,1I/ʻOumuamua,CREWED_TRANSPORT,100,2029-07-15T00:00:00Z,2037-07-13T00:00:00Z,2920,56.220047,41.322342,3160.693685,24325736.399,EXISTING_SCREEN_SINGLE_CANDIDATE
2030,OUMUAMUA,1I/ʻOumuamua,FLYBY,1,2030-07-15T00:00:00Z,2038-07-13T00:00:00Z,2920,58.902268,44.701604,3469.477176,2771.522,EXISTING_SCREEN_SINGLE_CANDIDATE
2030,OUMUAMUA,1I/ʻOumuamua,ORBITAL_RECON,2,2030-07-15T00:00:00Z,2038-07-13T00:00:00Z,2920,58.902268,44.701604,3469.477176,827411.873,EXISTING_SCREEN_SINGLE_CANDIDATE
2030,OUMUAMUA,1I/ʻOumuamua,RENDEZVOUS,2,2030-07-15T00:00:00Z,2038-07-13T00:00:00Z,2920,58.902268,44.701604,3469.477176,827411.873,EXISTING_SCREEN_SINGLE_CANDIDATE
2030,OUMUAMUA,1I/ʻOumuamua,LANDING_PROSPECTING,5,2030-07-15T00:00:00Z,2038-07-13T00:00:00Z,2920,58.902268,44.701604,3469.477176,2064597.4,EXISTING_SCREEN_SINGLE_CANDIDATE
2030,OUMUAMUA,1I/ʻOumuamua,CARGO_DELIVERY,20,2030-07-15T00:00:00Z,2038-07-13T00:00:00Z,2920,58.902268,44.701604,3469.477176,10309700.911,EXISTING_SCREEN_SINGLE_CANDIDATE
2030,OUMUAMUA,1I/ʻOumuamua,CREWED_TRANSPORT,100,2030-07-15T00:00:00Z,2038-07-13T00:00:00Z,2920,58.902268,44.701604,3469.477176,51539577.812,EXISTING_SCREEN_SINGLE_CANDIDATE
2031,OUMUAMUA,1I/ʻOumuamua,FLYBY,1,2031-07-15T00:00:00Z,2039-07-13T00:00:00Z,2920,61.602081,48.07242,3794.816384,2966.726,EXISTING_SCREEN_SINGLE_CANDIDATE
2031,OUMUAMUA,1I/ʻOumuamua,ORBITAL_RECON,2,2031-07-15T00:00:00Z,2039-07-13T00:00:00Z,2920,61.602081,48.07242,3794.816384,1746985.291,EXISTING_SCREEN_SINGLE_CANDIDATE
2031,OUMUAMUA,1I/ʻOumuamua,RENDEZVOUS,2,2031-07-15T00:00:00Z,2039-07-13T00:00:00Z,2920,61.602081,48.07242,3794.816384,1746985.291,EXISTING_SCREEN_SINGLE_CANDIDATE
2031,OUMUAMUA,1I/ʻOumuamua,LANDING_PROSPECTING,5,2031-07-15T00:00:00Z,2039-07-13T00:00:00Z,2920,61.602081,48.07242,3794.816384,4363238.14,EXISTING_SCREEN_SINGLE_CANDIDATE
2031,OUMUAMUA,1I/ʻOumuamua,CARGO_DELIVERY,20,2031-07-15T00:00:00Z,2039-07-13T00:00:00Z,2920,61.602081,48.07242,3794.816384,21802123.796,EXISTING_SCREEN_SINGLE_CANDIDATE
2031,OUMUAMUA,1I/ʻOumuamua,CREWED_TRANSPORT,100,2031-07-15T00:00:00Z,2039-07-13T00:00:00Z,2920,61.602081,48.07242,3794.816384,109000911.421,EXISTING_SCREEN_SINGLE_CANDIDATE
2032,OUMUAMUA,1I/ʻOumuamua,FLYBY,1,2032-07-15T00:00:00Z,2040-07-13T00:00:00Z,2920,64.563661,51.438216,4168.466322,3190.916,EXISTING_SCREEN_SINGLE_CANDIDATE
2032,OUMUAMUA,1I/ʻOumuamua,ORBITAL_RECON,2,2032-07-15T00:00:00Z,2040-07-13T00:00:00Z,2920,64.563661,51.438216,4168.466322,3687612.022,EXISTING_SCREEN_SINGLE_CANDIDATE
2032,OUMUAMUA,1I/ʻOumuamua,RENDEZVOUS,2,2032-07-15T00:00:00Z,2040-07-13T00:00:00Z,2920,64.563661,51.438216,4168.466322,3687612.022,EXISTING_SCREEN_SINGLE_CANDIDATE
2032,OUMUAMUA,1I/ʻOumuamua,LANDING_PROSPECTING,5,2032-07-15T00:00:00Z,2040-07-13T00:00:00Z,2920,64.563661,51.438216,4168.466322,9214468.681,EXISTING_SCREEN_SINGLE_CANDIDATE
2032,OUMUAMUA,1I/ʻOumuamua,CARGO_DELIVERY,20,2032-07-15T00:00:00Z,2040-07-13T00:00:00Z,2920,64.563661,51.438216,4168.466322,46057379.745,EXISTING_SCREEN_SINGLE_CANDIDATE
2032,OUMUAMUA,1I/ʻOumuamua,CREWED_TRANSPORT,100,2032-07-15T00:00:00Z,2040-07-13T00:00:00Z,2920,64.563661,51.438216,4168.466322,230276294.408,EXISTING_SCREEN_SINGLE_CANDIDATE
2033,OUMUAMUA,1I/ʻOumuamua,FLYBY,1,2033-07-15T00:00:00Z,2041-07-13T00:00:00Z,2920,67.36803,54.79864,4538.451466,3412.907,EXISTING_SCREEN_SINGLE_CANDIDATE
2033,OUMUAMUA,1I/ʻOumuamua,ORBITAL_RECON,2,2033-07-15T00:00:00Z,2041-07-13T00:00:00Z,2920,67.36803,54.79864,4538.451466,7777986.401,EXISTING_SCREEN_SINGLE_CANDIDATE
2033,OUMUAMUA,1I/ʻOumuamua,RENDEZVOUS,2,2033-07-15T00:00:00Z,2041-07-13T00:00:00Z,2920,67.36803,54.79864,4538.451466,7777986.401,EXISTING_SCREEN_SINGLE_CANDIDATE
2033,OUMUAMUA,1I/ʻOumuamua,LANDING_PROSPECTING,5,2033-07-15T00:00:00Z,2041-07-13T00:00:00Z,2920,67.36803,54.79864,4538.451466,19440071.642,EXISTING_SCREEN_SINGLE_CANDIDATE
2033,OUMUAMUA,1I/ʻOumuamua,CARGO_DELIVERY,20,2033-07-15T00:00:00Z,2041-07-13T00:00:00Z,2920,67.36803,54.79864,4538.451466,97184506.582,EXISTING_SCREEN_SINGLE_CANDIDATE
2033,OUMUAMUA,1I/ʻOumuamua,CREWED_TRANSPORT,100,2033-07-15T00:00:00Z,2041-07-13T00:00:00Z,2920,67.36803,54.79864,4538.451466,485911040.628,EXISTING_SCREEN_SINGLE_CANDIDATE
2034,OUMUAMUA,1I/ʻOumuamua,FLYBY,1,2034-07-15T00:00:00Z,2042-07-13T00:00:00Z,2920,70.193848,58.156479,4927.176297,3646.142,EXISTING_SCREEN_SINGLE_CANDIDATE
2034,OUMUAMUA,1I/ʻOumuamua,ORBITAL_RECON,2,2034-07-15T00:00:00Z,2042-07-13T00:00:00Z,2920,70.193848,58.156479,4927.176297,16399649.461,EXISTING_SCREEN_SINGLE_CANDIDATE
2034,OUMUAMUA,1I/ʻOumuamua,RENDEZVOUS,2,2034-07-15T00:00:00Z,2042-07-13T00:00:00Z,2920,70.193848,58.156479,4927.176297,16399649.461,EXISTING_SCREEN_SINGLE_CANDIDATE
2034,OUMUAMUA,1I/ʻOumuamua,LANDING_PROSPECTING,5,2034-07-15T00:00:00Z,2042-07-13T00:00:00Z,2920,70.193848,58.156479,4927.176297,40993879.441,EXISTING_SCREEN_SINGLE_CANDIDATE
2034,OUMUAMUA,1I/ʻOumuamua,CARGO_DELIVERY,20,2034-07-15T00:00:00Z,2042-07-13T00:00:00Z,2920,70.193848,58.156479,4927.176297,204952612.64,EXISTING_SCREEN_SINGLE_CANDIDATE
2034,OUMUAMUA,1I/ʻOumuamua,CREWED_TRANSPORT,100,2034-07-15T00:00:00Z,2042-07-13T00:00:00Z,2920,70.193848,58.156479,4927.176297,1024750637.978,EXISTING_SCREEN_SINGLE_CANDIDATE
2035,OUMUAMUA,1I/ʻOumuamua,FLYBY,1,2035-07-15T00:00:00Z,2043-07-13T00:00:00Z,2920,73.088857,61.513274,5341.981018,3895.024,EXISTING_SCREEN_SINGLE_CANDIDATE
2035,OUMUAMUA,1I/ʻOumuamua,ORBITAL_RECON,2,2035-07-15T00:00:00Z,2043-07-13T00:00:00Z,2920,73.088857,61.513274,5341.981018,34573973.45,EXISTING_SCREEN_SINGLE_CANDIDATE
2035,OUMUAMUA,1I/ʻOumuamua,RENDEZVOUS,2,2035-07-15T00:00:00Z,2043-07-13T00:00:00Z,2920,73.088857,61.513274,5341.981018,34573973.45,EXISTING_SCREEN_SINGLE_CANDIDATE
2035,OUMUAMUA,1I/ʻOumuamua,LANDING_PROSPECTING,5,2035-07-15T00:00:00Z,2043-07-13T00:00:00Z,2920,73.088857,61.513274,5341.981018,86429316.089,EXISTING_SCREEN_SINGLE_CANDIDATE
2035,OUMUAMUA,1I/ʻOumuamua,CARGO_DELIVERY,20,2035-07-15T00:00:00Z,2043-07-13T00:00:00Z,2920,73.088857,61.513274,5341.981018,432128800.348,EXISTING_SCREEN_SINGLE_CANDIDATE
2035,OUMUAMUA,1I/ʻOumuamua,CREWED_TRANSPORT,100,2035-07-15T00:00:00Z,2043-07-13T00:00:00Z,2920,73.088857,61.513274,5341.981018,2160630580.984,EXISTING_SCREEN_SINGLE_CANDIDATE
2026,PALLAS,2 Pallas,FLYBY,1,2026-07-15T00:00:00Z,2027-01-11T00:00:00Z,180,17.824609,21.900223,317.716677,655.414,REFINED_GROUPED_LAMBERT_GRID
2026,PALLAS,2 Pallas,ORBITAL_RECON,2,2026-09-15T00:00:00Z,2027-09-15T00:00:00Z,365,23.355889,8.563692,545.497533,1185.529,REFINED_GROUPED_LAMBERT_GRID
2026,PALLAS,2 Pallas,RENDEZVOUS,2,2026-09-15T00:00:00Z,2027-09-15T00:00:00Z,365,23.355889,8.563692,545.497533,1185.529,REFINED_GROUPED_LAMBERT_GRID
2026,PALLAS,2 Pallas,LANDING_PROSPECTING,5,2026-09-15T00:00:00Z,2027-09-15T00:00:00Z,365,23.355889,8.563692,545.497533,1977.905,REFINED_GROUPED_LAMBERT_GRID
2026,PALLAS,2 Pallas,CARGO_DELIVERY,20,2026-09-15T00:00:00Z,2027-09-15T00:00:00Z,365,23.355889,8.563692,545.497533,4460.412,REFINED_GROUPED_LAMBERT_GRID
2026,PALLAS,2 Pallas,CREWED_TRANSPORT,100,2026-09-15T00:00:00Z,2027-09-15T00:00:00Z,365,23.355889,8.563692,545.497533,20392.866,REFINED_GROUPED_LAMBERT_GRID
2027,PALLAS,2 Pallas,FLYBY,1,2027-12-15T00:00:00Z,2028-06-12T00:00:00Z,180,13.617695,16.73099,185.441624,576.049,REFINED_GROUPED_LAMBERT_GRID
2027,PALLAS,2 Pallas,ORBITAL_RECON,2,2027-09-15T00:00:00Z,2028-09-14T00:00:00Z,365,23.285387,5.692313,542.209245,1057.023,REFINED_GROUPED_LAMBERT_GRID
2027,PALLAS,2 Pallas,RENDEZVOUS,2,2027-09-15T00:00:00Z,2028-09-14T00:00:00Z,365,23.285387,5.692313,542.209245,1057.023,REFINED_GROUPED_LAMBERT_GRID
2027,PALLAS,2 Pallas,LANDING_PROSPECTING,5,2027-09-15T00:00:00Z,2028-09-14T00:00:00Z,365,23.285387,5.692313,542.209245,1659.6,REFINED_GROUPED_LAMBERT_GRID
2027,PALLAS,2 Pallas,CARGO_DELIVERY,20,2027-09-15T00:00:00Z,2028-09-14T00:00:00Z,365,23.285387,5.692313,542.209245,2876.778,REFINED_GROUPED_LAMBERT_GRID
2027,PALLAS,2 Pallas,CREWED_TRANSPORT,100,2027-09-15T00:00:00Z,2028-09-14T00:00:00Z,365,23.285387,5.692313,542.209245,12482.587,REFINED_GROUPED_LAMBERT_GRID
2028,PALLAS,2 Pallas,FLYBY,1,2028-01-15T00:00:00Z,2028-07-13T00:00:00Z,180,16.520643,13.200439,272.931652,628.543,REFINED_GROUPED_LAMBERT_GRID
2028,PALLAS,2 Pallas,ORBITAL_RECON,2,2028-03-15T00:00:00Z,2030-03-15T00:00:00Z,730,23.749786,5.76656,564.052357,1102.466,REFINED_GROUPED_LAMBERT_GRID
2028,PALLAS,2 Pallas,RENDEZVOUS,2,2028-03-15T00:00:00Z,2030-03-15T00:00:00Z,730,23.749786,5.76656,564.052357,1102.466,REFINED_GROUPED_LAMBERT_GRID
2028,PALLAS,2 Pallas,LANDING_PROSPECTING,5,2028-03-15T00:00:00Z,2030-03-15T00:00:00Z,730,23.749786,5.76656,564.052357,1708.579,REFINED_GROUPED_LAMBERT_GRID
2028,PALLAS,2 Pallas,CARGO_DELIVERY,20,2028-03-15T00:00:00Z,2030-03-15T00:00:00Z,730,23.749786,5.76656,564.052357,2949.334,REFINED_GROUPED_LAMBERT_GRID
2028,PALLAS,2 Pallas,CREWED_TRANSPORT,100,2028-03-15T00:00:00Z,2030-03-15T00:00:00Z,730,23.749786,5.76656,564.052357,12792.943,REFINED_GROUPED_LAMBERT_GRID
2029,PALLAS,2 Pallas,FLYBY,1,2029-02-15T00:00:00Z,2031-02-15T00:00:00Z,730,8.711386,7.9174,75.888254,555.492,REFINED_GROUPED_LAMBERT_GRID
2029,PALLAS,2 Pallas,ORBITAL_RECON,2,2029-02-15T00:00:00Z,2031-02-15T00:00:00Z,730,8.711386,7.9174,75.888254,897.855,REFINED_GROUPED_LAMBERT_GRID
2029,PALLAS,2 Pallas,RENDEZVOUS,2,2029-02-15T00:00:00Z,2031-02-15T00:00:00Z,730,8.711386,7.9174,75.888254,897.855,REFINED_GROUPED_LAMBERT_GRID
2029,PALLAS,2 Pallas,LANDING_PROSPECTING,5,2029-03-15T00:00:00Z,2031-03-15T00:00:00Z,730,23.291055,4.273696,542.473242,1593.939,REFINED_GROUPED_LAMBERT_GRID
2029,PALLAS,2 Pallas,CARGO_DELIVERY,20,2029-03-15T00:00:00Z,2031-03-15T00:00:00Z,730,23.291055,4.273696,542.473242,2427.923,REFINED_GROUPED_LAMBERT_GRID
2029,PALLAS,2 Pallas,CREWED_TRANSPORT,100,2029-03-15T00:00:00Z,2031-03-15T00:00:00Z,730,23.291055,4.273696,542.473242,10237.679,REFINED_GROUPED_LAMBERT_GRID
2030,PALLAS,2 Pallas,FLYBY,1,2030-05-15T00:00:00Z,2031-05-15T00:00:00Z,365,13.910939,14.695939,193.514234,596.088,REFINED_GROUPED_LAMBERT_GRID
2030,PALLAS,2 Pallas,ORBITAL_RECON,2,2030-07-15T00:00:00Z,2031-07-15T00:00:00Z,365,21.462415,10.510843,460.635258,1279.846,REFINED_GROUPED_LAMBERT_GRID
2030,PALLAS,2 Pallas,RENDEZVOUS,2,2030-07-15T00:00:00Z,2031-07-15T00:00:00Z,365,21.462415,10.510843,460.635258,1279.846,REFINED_GROUPED_LAMBERT_GRID
2030,PALLAS,2 Pallas,LANDING_PROSPECTING,5,2030-07-15T00:00:00Z,2031-07-15T00:00:00Z,365,21.462415,10.510843,460.635258,2290.074,REFINED_GROUPED_LAMBERT_GRID
2030,PALLAS,2 Pallas,CARGO_DELIVERY,20,2030-08-15T00:00:00Z,2031-08-15T00:00:00Z,365,27.597958,10.11986,761.647273,5975.42,REFINED_GROUPED_LAMBERT_GRID
2030,PALLAS,2 Pallas,CREWED_TRANSPORT,100,2030-08-15T00:00:00Z,2031-08-15T00:00:00Z,365,27.597958,10.11986,761.647273,27449.146,REFINED_GROUPED_LAMBERT_GRID
2031,PALLAS,2 Pallas,FLYBY,1,2031-10-15T00:00:00Z,2032-10-14T00:00:00Z,365,7.868936,12.650286,61.920153,517.132,REFINED_GROUPED_LAMBERT_GRID
2031,PALLAS,2 Pallas,ORBITAL_RECON,2,2031-09-15T00:00:00Z,2032-09-14T00:00:00Z,365,22.369173,6.679195,500.379884,1066.676,REFINED_GROUPED_LAMBERT_GRID
2031,PALLAS,2 Pallas,RENDEZVOUS,2,2031-09-15T00:00:00Z,2032-09-14T00:00:00Z,365,22.369173,6.679195,500.379884,1066.676,REFINED_GROUPED_LAMBERT_GRID
2031,PALLAS,2 Pallas,LANDING_PROSPECTING,5,2031-09-15T00:00:00Z,2032-09-14T00:00:00Z,365,22.369173,6.679195,500.379884,1721.38,REFINED_GROUPED_LAMBERT_GRID
2031,PALLAS,2 Pallas,CARGO_DELIVERY,20,2031-09-15T00:00:00Z,2032-09-14T00:00:00Z,365,22.369173,6.679195,500.379884,3286.069,REFINED_GROUPED_LAMBERT_GRID
2031,PALLAS,2 Pallas,CREWED_TRANSPORT,100,2031-09-15T00:00:00Z,2032-09-14T00:00:00Z,365,22.369173,6.679195,500.379884,14629.435,REFINED_GROUPED_LAMBERT_GRID
2032,PALLAS,2 Pallas,FLYBY,1,2032-01-15T00:00:00Z,2036-01-14T00:00:00Z,1460,15.058536,11.862756,226.759519,705.974,REFINED_GROUPED_LAMBERT_GRID
2032,PALLAS,2 Pallas,ORBITAL_RECON,2,2032-11-15T00:00:00Z,2034-11-15T00:00:00Z,730,21.193066,8.134256,449.14606,1133.282,REFINED_GROUPED_LAMBERT_GRID
2032,PALLAS,2 Pallas,RENDEZVOUS,2,2032-11-15T00:00:00Z,2034-11-15T00:00:00Z,730,21.193066,8.134256,449.14606,1133.282,REFINED_GROUPED_LAMBERT_GRID
2032,PALLAS,2 Pallas,LANDING_PROSPECTING,5,2032-11-15T00:00:00Z,2034-11-15T00:00:00Z,730,21.193066,8.134256,449.14606,1889.034,REFINED_GROUPED_LAMBERT_GRID
2032,PALLAS,2 Pallas,CARGO_DELIVERY,20,2032-09-15T00:00:00Z,2033-09-15T00:00:00Z,365,27.556151,6.89602,759.341473,3550.334,REFINED_GROUPED_LAMBERT_GRID
2032,PALLAS,2 Pallas,CREWED_TRANSPORT,100,2032-09-15T00:00:00Z,2033-09-15T00:00:00Z,365,27.556151,6.89602,759.341473,15329.252,REFINED_GROUPED_LAMBERT_GRID
2033,PALLAS,2 Pallas,FLYBY,1,2033-07-15T00:00:00Z,2037-07-14T00:00:00Z,1460,9.994306,19.696425,99.886151,629.85,REFINED_GROUPED_LAMBERT_GRID
2033,PALLAS,2 Pallas,ORBITAL_RECON,2,2033-03-15T00:00:00Z,2035-03-15T00:00:00Z,730,21.691712,4.44033,470.530354,1009.576,REFINED_GROUPED_LAMBERT_GRID
2033,PALLAS,2 Pallas,RENDEZVOUS,2,2033-03-15T00:00:00Z,2035-03-15T00:00:00Z,730,21.691712,4.44033,470.530354,1009.576,REFINED_GROUPED_LAMBERT_GRID
2033,PALLAS,2 Pallas,LANDING_PROSPECTING,5,2033-03-15T00:00:00Z,2035-03-15T00:00:00Z,730,21.691712,4.44033,470.530354,1560.525,REFINED_GROUPED_LAMBERT_GRID
2033,PALLAS,2 Pallas,CARGO_DELIVERY,20,2033-03-15T00:00:00Z,2035-03-15T00:00:00Z,730,21.691712,4.44033,470.530354,2433.515,REFINED_GROUPED_LAMBERT_GRID
2033,PALLAS,2 Pallas,CREWED_TRANSPORT,100,2033-03-15T00:00:00Z,2035-03-15T00:00:00Z,730,21.691712,4.44033,470.530354,10438.3,REFINED_GROUPED_LAMBERT_GRID
2034,PALLAS,2 Pallas,FLYBY,1,2034-04-15T00:00:00Z,2035-04-15T00:00:00Z,365,12.008092,10.775163,144.194276,566.496,REFINED_GROUPED_LAMBERT_GRID
2034,PALLAS,2 Pallas,ORBITAL_RECON,2,2034-02-15T00:00:00Z,2036-02-15T00:00:00Z,730,16.011467,6.943483,256.36709,960.923,REFINED_GROUPED_LAMBERT_GRID
2034,PALLAS,2 Pallas,RENDEZVOUS,2,2034-02-15T00:00:00Z,2036-02-15T00:00:00Z,730,16.011467,6.943483,256.36709,960.923,REFINED_GROUPED_LAMBERT_GRID
2034,PALLAS,2 Pallas,LANDING_PROSPECTING,5,2034-03-15T00:00:00Z,2036-03-14T00:00:00Z,730,21.438103,5.048912,459.592272,1592.807,REFINED_GROUPED_LAMBERT_GRID
2034,PALLAS,2 Pallas,CARGO_DELIVERY,20,2034-03-15T00:00:00Z,2036-03-14T00:00:00Z,730,21.438103,5.048912,459.592272,2621.179,REFINED_GROUPED_LAMBERT_GRID
2034,PALLAS,2 Pallas,CREWED_TRANSPORT,100,2034-03-15T00:00:00Z,2036-03-14T00:00:00Z,730,21.438103,5.048912,459.592272,11402.875,REFINED_GROUPED_LAMBERT_GRID
2035,PALLAS,2 Pallas,FLYBY,1,2035-07-15T00:00:00Z,2037-07-14T00:00:00Z,730,10.308576,15.60873,106.266733,573.719,REFINED_GROUPED_LAMBERT_GRID
2035,PALLAS,2 Pallas,ORBITAL_RECON,2,2035-08-15T00:00:00Z,2036-08-14T00:00:00Z,365,24.900949,9.497086,620.057244,1292.096,REFINED_GROUPED_LAMBERT_GRID
2035,PALLAS,2 Pallas,RENDEZVOUS,2,2035-08-15T00:00:00Z,2036-08-14T00:00:00Z,365,24.900949,9.497086,620.057244,1292.096,REFINED_GROUPED_LAMBERT_GRID
2035,PALLAS,2 Pallas,LANDING_PROSPECTING,5,2035-08-15T00:00:00Z,2036-08-14T00:00:00Z,365,24.900949,9.497086,620.057244,2177.22,REFINED_GROUPED_LAMBERT_GRID
2035,PALLAS,2 Pallas,CARGO_DELIVERY,20,2035-08-15T00:00:00Z,2036-08-14T00:00:00Z,365,24.900949,9.497086,620.057244,5278.046,REFINED_GROUPED_LAMBERT_GRID
2035,PALLAS,2 Pallas,CREWED_TRANSPORT,100,2035-08-15T00:00:00Z,2036-08-14T00:00:00Z,365,24.900949,9.497086,620.057244,24302.094,REFINED_GROUPED_LAMBERT_GRID
2026,PATROCLUS,617 Patroclus,FLYBY,1,2026-09-15T00:00:00Z,2027-09-15T00:00:00Z,365,19.367802,18.91422,375.111751,705.047,REFINED_GROUPED_LAMBERT_GRID
2026,PATROCLUS,617 Patroclus,ORBITAL_RECON,2,2026-10-15T00:00:00Z,2028-10-14T00:00:00Z,730,21.730253,6.864866,472.20388,1087.184,REFINED_GROUPED_LAMBERT_GRID
2026,PATROCLUS,617 Patroclus,RENDEZVOUS,2,2026-10-15T00:00:00Z,2028-10-14T00:00:00Z,730,21.730253,6.864866,472.20388,1087.184,REFINED_GROUPED_LAMBERT_GRID
2026,PATROCLUS,617 Patroclus,LANDING_PROSPECTING,5,2026-11-15T00:00:00Z,2030-11-14T00:00:00Z,1460,20.917642,6.203429,437.547757,1729.357,REFINED_GROUPED_LAMBERT_GRID
2026,PATROCLUS,617 Patroclus,CARGO_DELIVERY,20,2026-11-15T00:00:00Z,2030-11-14T00:00:00Z,1460,20.917642,6.203429,437.547757,3116.997,REFINED_GROUPED_LAMBERT_GRID
2026,PATROCLUS,617 Patroclus,CREWED_TRANSPORT,100,2026-11-15T00:00:00Z,2030-11-14T00:00:00Z,1460,20.917642,6.203429,437.547757,13934.871,REFINED_GROUPED_LAMBERT_GRID
2027,PATROCLUS,617 Patroclus,FLYBY,1,2027-09-15T00:00:00Z,2031-09-14T00:00:00Z,1460,13.624254,7.224136,185.620293,681.29,REFINED_GROUPED_LAMBERT_GRID
2027,PATROCLUS,617 Patroclus,ORBITAL_RECON,2,2027-11-15T00:00:00Z,2031-11-14T00:00:00Z,1460,15.925513,5.708343,253.621973,974.315,REFINED_GROUPED_LAMBERT_GRID
2027,PATROCLUS,617 Patroclus,RENDEZVOUS,2,2027-11-15T00:00:00Z,2031-11-14T00:00:00Z,1460,15.925513,5.708343,253.621973,974.315,REFINED_GROUPED_LAMBERT_GRID
2027,PATROCLUS,617 Patroclus,LANDING_PROSPECTING,5,2027-11-15T00:00:00Z,2031-11-14T00:00:00Z,1460,15.925513,5.708343,253.621973,1577.65,REFINED_GROUPED_LAMBERT_GRID
2027,PATROCLUS,617 Patroclus,CARGO_DELIVERY,20,2027-11-15T00:00:00Z,2031-11-14T00:00:00Z,1460,15.925513,5.708343,253.621973,2799.885,REFINED_GROUPED_LAMBERT_GRID
2027,PATROCLUS,617 Patroclus,CREWED_TRANSPORT,100,2027-11-15T00:00:00Z,2031-11-14T00:00:00Z,1460,15.925513,5.708343,253.621973,12790.734,REFINED_GROUPED_LAMBERT_GRID
2028,PATROCLUS,617 Patroclus,FLYBY,1,2028-10-15T00:00:00Z,2032-10-14T00:00:00Z,1460,10.146341,6.216622,102.948238,631.687,REFINED_GROUPED_LAMBERT_GRID
2028,PATROCLUS,617 Patroclus,ORBITAL_RECON,2,2028-10-15T00:00:00Z,2032-10-14T00:00:00Z,1460,10.146341,6.216622,102.948238,900.917,REFINED_GROUPED_LAMBERT_GRID
2028,PATROCLUS,617 Patroclus,RENDEZVOUS,2,2028-10-15T00:00:00Z,2032-10-14T00:00:00Z,1460,10.146341,6.216622,102.948238,900.917,REFINED_GROUPED_LAMBERT_GRID
2028,PATROCLUS,617 Patroclus,LANDING_PROSPECTING,5,2028-10-15T00:00:00Z,2032-10-14T00:00:00Z,1460,10.146341,6.216622,102.948238,1529.762,REFINED_GROUPED_LAMBERT_GRID
2028,PATROCLUS,617 Patroclus,CARGO_DELIVERY,20,2028-10-15T00:00:00Z,2032-10-14T00:00:00Z,1460,10.146341,6.216622,102.948238,2922.065,REFINED_GROUPED_LAMBERT_GRID
2028,PATROCLUS,617 Patroclus,CREWED_TRANSPORT,100,2028-10-15T00:00:00Z,2032-10-14T00:00:00Z,1460,10.146341,6.216622,102.948238,13763.247,REFINED_GROUPED_LAMBERT_GRID
2029,PATROCLUS,617 Patroclus,FLYBY,1,2029-11-15T00:00:00Z,2031-11-15T00:00:00Z,730,13.310447,8.983503,177.16801,616.26,REFINED_GROUPED_LAMBERT_GRID
2029,PATROCLUS,617 Patroclus,ORBITAL_RECON,2,2029-10-15T00:00:00Z,2033-10-14T00:00:00Z,1460,15.752112,6.679095,248.129017,1005.26,REFINED_GROUPED_LAMBERT_GRID
2029,PATROCLUS,617 Patroclus,RENDEZVOUS,2,2029-10-15T00:00:00Z,2033-10-14T00:00:00Z,1460,15.752112,6.679095,248.129017,1005.26,REFINED_GROUPED_LAMBERT_GRID
2029,PATROCLUS,617 Patroclus,LANDING_PROSPECTING,5,2029-10-15T00:00:00Z,2033-10-14T00:00:00Z,1460,15.752112,6.679095,248.129017,1659.958,REFINED_GROUPED_LAMBERT_GRID
2029,PATROCLUS,617 Patroclus,CARGO_DELIVERY,20,2029-11-15T00:00:00Z,2033-11-14T00:00:00Z,1460,18.627234,6.304458,346.973851,3107.712,REFINED_GROUPED_LAMBERT_GRID
2029,PATROCLUS,617 Patroclus,CREWED_TRANSPORT,100,2029-11-15T00:00:00Z,2033-11-14T00:00:00Z,1460,18.627234,6.304458,346.973851,14105.821,REFINED_GROUPED_LAMBERT_GRID
2030,PATROCLUS,617 Patroclus,FLYBY,1,2030-12-15T00:00:00Z,2032-12-14T00:00:00Z,730,10.841859,9.786068,117.545901,580.486,REFINED_GROUPED_LAMBERT_GRID
2030,PATROCLUS,617 Patroclus,ORBITAL_RECON,2,2030-12-15T00:00:00Z,2032-12-14T00:00:00Z,730,10.841859,9.786068,117.545901,1042.462,REFINED_GROUPED_LAMBERT_GRID
2030,PATROCLUS,617 Patroclus,RENDEZVOUS,2,2030-12-15T00:00:00Z,2032-12-14T00:00:00Z,730,10.841859,9.786068,117.545901,1042.462,REFINED_GROUPED_LAMBERT_GRID
2030,PATROCLUS,617 Patroclus,LANDING_PROSPECTING,5,2030-11-15T00:00:00Z,2034-11-14T00:00:00Z,1460,19.289903,7.698673,372.100351,1846.526,REFINED_GROUPED_LAMBERT_GRID
2030,PATROCLUS,617 Patroclus,CARGO_DELIVERY,20,2030-11-15T00:00:00Z,2034-11-14T00:00:00Z,1460,19.289903,7.698673,372.100351,3859.916,REFINED_GROUPED_LAMBERT_GRID
2030,PATROCLUS,617 Patroclus,CREWED_TRANSPORT,100,2030-11-15T00:00:00Z,2034-11-14T00:00:00Z,1460,19.289903,7.698673,372.100351,17806.539,REFINED_GROUPED_LAMBERT_GRID
2031,PATROCLUS,617 Patroclus,FLYBY,1,2031-01-15T00:00:00Z,2033-01-14T00:00:00Z,730,14.652036,9.056053,214.682169,638.768,REFINED_GROUPED_LAMBERT_GRID
2031,PATROCLUS,617 Patroclus,ORBITAL_RECON,2,2031-01-15T00:00:00Z,2033-01-14T00:00:00Z,730,14.652036,9.056053,214.682169,1048.035,REFINED_GROUPED_LAMBERT_GRID
2031,PATROCLUS,617 Patroclus,RENDEZVOUS,2,2031-01-15T00:00:00Z,2033-01-14T00:00:00Z,730,14.652036,9.056053,214.682169,1048.035,REFINED_GROUPED_LAMBERT_GRID
2031,PATROCLUS,617 Patroclus,LANDING_PROSPECTING,5,2031-01-15T00:00:00Z,2033-01-14T00:00:00Z,730,14.652036,9.056053,214.682169,1886.935,REFINED_GROUPED_LAMBERT_GRID
2031,PATROCLUS,617 Patroclus,CARGO_DELIVERY,20,2031-11-15T00:00:00Z,2033-11-14T00:00:00Z,730,20.780702,8.761928,431.837559,4573.212,REFINED_GROUPED_LAMBERT_GRID
2031,PATROCLUS,617 Patroclus,CREWED_TRANSPORT,100,2031-02-15T00:00:00Z,2033-02-14T00:00:00Z,730,21.821382,8.754576,476.172705,21227.646,REFINED_GROUPED_LAMBERT_GRID
2032,PATROCLUS,617 Patroclus,FLYBY,1,2032-01-15T00:00:00Z,2033-01-14T00:00:00Z,365,14.559382,23.124365,211.975615,607.165,REFINED_GROUPED_LAMBERT_GRID
2032,PATROCLUS,617 Patroclus,ORBITAL_RECON,2,2032-02-15T00:00:00Z,2034-02-14T00:00:00Z,730,18.135608,8.794091,328.90026,1099.642,REFINED_GROUPED_LAMBERT_GRID
2032,PATROCLUS,617 Patroclus,RENDEZVOUS,2,2032-02-15T00:00:00Z,2034-02-14T00:00:00Z,730,18.135608,8.794091,328.90026,1099.642,REFINED_GROUPED_LAMBERT_GRID
2032,PATROCLUS,617 Patroclus,LANDING_PROSPECTING,5,2032-02-15T00:00:00Z,2034-02-14T00:00:00Z,730,18.135608,8.794091,328.90026,1913.156,REFINED_GROUPED_LAMBERT_GRID
2032,PATROCLUS,617 Patroclus,CARGO_DELIVERY,20,2032-11-15T00:00:00Z,2034-11-15T00:00:00Z,730,22.817491,8.350825,520.637874,4320.553,REFINED_GROUPED_LAMBERT_GRID
2032,PATROCLUS,617 Patroclus,CREWED_TRANSPORT,100,2032-11-15T00:00:00Z,2034-11-15T00:00:00Z,730,22.817491,8.350825,520.637874,19753.235,REFINED_GROUPED_LAMBERT_GRID
2033,PATROCLUS,617 Patroclus,FLYBY,1,2033-03-15T00:00:00Z,2037-03-14T00:00:00Z,1460,11.694064,11.064405,136.751132,651.969,REFINED_GROUPED_LAMBERT_GRID
2033,PATROCLUS,617 Patroclus,ORBITAL_RECON,2,2033-03-15T00:00:00Z,2035-03-15T00:00:00Z,730,21.107152,8.243298,445.511882,1137.082,REFINED_GROUPED_LAMBERT_GRID
2033,PATROCLUS,617 Patroclus,RENDEZVOUS,2,2033-03-15T00:00:00Z,2035-03-15T00:00:00Z,730,21.107152,8.243298,445.511882,1137.082,REFINED_GROUPED_LAMBERT_GRID
2033,PATROCLUS,617 Patroclus,LANDING_PROSPECTING,5,2033-04-15T00:00:00Z,2035-04-15T00:00:00Z,730,22.763776,7.764174,518.189496,1882.334,REFINED_GROUPED_LAMBERT_GRID
2033,PATROCLUS,617 Patroclus,CARGO_DELIVERY,20,2033-04-15T00:00:00Z,2035-04-15T00:00:00Z,730,22.763776,7.764174,518.189496,3928.177,REFINED_GROUPED_LAMBERT_GRID
2033,PATROCLUS,617 Patroclus,CREWED_TRANSPORT,100,2033-04-15T00:00:00Z,2035-04-15T00:00:00Z,730,22.763776,7.764174,518.189496,17797.23,REFINED_GROUPED_LAMBERT_GRID
2034,PATROCLUS,617 Patroclus,FLYBY,1,2034-04-15T00:00:00Z,2038-04-14T00:00:00Z,1460,13.077891,9.195555,171.031234,672.537,REFINED_GROUPED_LAMBERT_GRID
2034,PATROCLUS,617 Patroclus,ORBITAL_RECON,2,2034-05-15T00:00:00Z,2036-05-14T00:00:00Z,730,18.971464,7.267994,359.916431,1037.046,REFINED_GROUPED_LAMBERT_GRID
2034,PATROCLUS,617 Patroclus,RENDEZVOUS,2,2034-05-15T00:00:00Z,2036-05-14T00:00:00Z,730,18.971464,7.267994,359.916431,1037.046,REFINED_GROUPED_LAMBERT_GRID
2034,PATROCLUS,617 Patroclus,LANDING_PROSPECTING,5,2034-05-15T00:00:00Z,2036-05-14T00:00:00Z,730,18.971464,7.267994,359.916431,1728.753,REFINED_GROUPED_LAMBERT_GRID
2034,PATROCLUS,617 Patroclus,CARGO_DELIVERY,20,2034-05-15T00:00:00Z,2036-05-14T00:00:00Z,730,18.971464,7.267994,359.916431,3540.129,REFINED_GROUPED_LAMBERT_GRID
2034,PATROCLUS,617 Patroclus,CREWED_TRANSPORT,100,2034-04-15T00:00:00Z,2036-04-14T00:00:00Z,730,20.693094,7.23099,428.204147,16174.868,REFINED_GROUPED_LAMBERT_GRID
2035,PATROCLUS,617 Patroclus,FLYBY,1,2035-05-15T00:00:00Z,2037-05-14T00:00:00Z,730,11.33492,6.65024,128.480416,587.047,REFINED_GROUPED_LAMBERT_GRID
2035,PATROCLUS,617 Patroclus,ORBITAL_RECON,2,2035-05-15T00:00:00Z,2037-05-14T00:00:00Z,730,11.33492,6.65024,128.480416,872.384,REFINED_GROUPED_LAMBERT_GRID
2035,PATROCLUS,617 Patroclus,RENDEZVOUS,2,2035-05-15T00:00:00Z,2037-05-14T00:00:00Z,730,11.33492,6.65024,128.480416,872.384,REFINED_GROUPED_LAMBERT_GRID
2035,PATROCLUS,617 Patroclus,LANDING_PROSPECTING,5,2035-05-15T00:00:00Z,2037-05-14T00:00:00Z,730,11.33492,6.65024,128.480416,1525.39,REFINED_GROUPED_LAMBERT_GRID
2035,PATROCLUS,617 Patroclus,CARGO_DELIVERY,20,2035-05-15T00:00:00Z,2037-05-14T00:00:00Z,730,11.33492,6.65024,128.480416,3078.761,REFINED_GROUPED_LAMBERT_GRID
2035,PATROCLUS,617 Patroclus,CREWED_TRANSPORT,100,2035-05-15T00:00:00Z,2037-05-14T00:00:00Z,730,11.33492,6.65024,128.480416,14485.454,REFINED_GROUPED_LAMBERT_GRID
2026,PHOBOS,Phobos,FLYBY,1,2026-11-15T00:00:00Z,2027-05-14T00:00:00Z,180,4.274978,7.271316,18.275436,475.75,REFINED_GROUPED_LAMBERT_GRID
2026,PHOBOS,Phobos,ORBITAL_RECON,2,2026-10-15T00:00:00Z,2027-10-15T00:00:00Z,365,3.627291,3.147599,13.157243,657.262,REFINED_GROUPED_LAMBERT_GRID
2026,PHOBOS,Phobos,RENDEZVOUS,2,2026-10-15T00:00:00Z,2027-10-15T00:00:00Z,365,3.627291,3.147599,13.157243,657.262,REFINED_GROUPED_LAMBERT_GRID
2026,PHOBOS,Phobos,LANDING_PROSPECTING,5,2026-10-15T00:00:00Z,2027-10-15T00:00:00Z,365,3.627291,3.147599,13.157243,1136.345,REFINED_GROUPED_LAMBERT_GRID
2026,PHOBOS,Phobos,CARGO_DELIVERY,20,2026-10-15T00:00:00Z,2027-10-15T00:00:00Z,365,3.627291,3.147599,13.157243,1530.232,REFINED_GROUPED_LAMBERT_GRID
2026,PHOBOS,Phobos,CREWED_TRANSPORT,100,2026-09-15T00:00:00Z,2027-09-15T00:00:00Z,365,5.113331,3.09195,26.14615,7002.254,REFINED_GROUPED_LAMBERT_GRID
2027,PHOBOS,Phobos,FLYBY,1,2027-01-15T00:00:00Z,2028-01-15T00:00:00Z,365,5.399391,6.356331,29.153419,497.472,REFINED_GROUPED_LAMBERT_GRID
2027,PHOBOS,Phobos,ORBITAL_RECON,2,2027-01-15T00:00:00Z,2027-07-14T00:00:00Z,180,9.750546,4.334336,95.073155,701.712,REFINED_GROUPED_LAMBERT_GRID
2027,PHOBOS,Phobos,RENDEZVOUS,2,2027-01-15T00:00:00Z,2027-07-14T00:00:00Z,180,9.750546,4.334336,95.073155,701.712,REFINED_GROUPED_LAMBERT_GRID
2027,PHOBOS,Phobos,LANDING_PROSPECTING,5,2027-01-15T00:00:00Z,2027-07-14T00:00:00Z,180,9.750546,4.334336,95.073155,1196.538,REFINED_GROUPED_LAMBERT_GRID
2027,PHOBOS,Phobos,CARGO_DELIVERY,20,2027-01-15T00:00:00Z,2027-07-14T00:00:00Z,180,9.750546,4.334336,95.073155,1695.377,REFINED_GROUPED_LAMBERT_GRID
2027,PHOBOS,Phobos,CREWED_TRANSPORT,100,2027-01-15T00:00:00Z,2027-07-14T00:00:00Z,180,9.750546,4.334336,95.073155,7648.71,REFINED_GROUPED_LAMBERT_GRID
2028,PHOBOS,Phobos,FLYBY,1,2028-12-15T00:00:00Z,2029-06-13T00:00:00Z,180,3.676456,7.50442,13.516329,472.894,REFINED_GROUPED_LAMBERT_GRID
2028,PHOBOS,Phobos,ORBITAL_RECON,2,2028-11-15T00:00:00Z,2029-11-15T00:00:00Z,365,3.908012,4.371095,15.272561,669.414,REFINED_GROUPED_LAMBERT_GRID
2028,PHOBOS,Phobos,RENDEZVOUS,2,2028-11-15T00:00:00Z,2029-11-15T00:00:00Z,365,3.908012,4.371095,15.272561,669.414,REFINED_GROUPED_LAMBERT_GRID
2028,PHOBOS,Phobos,LANDING_PROSPECTING,5,2028-10-15T00:00:00Z,2029-10-15T00:00:00Z,365,5.186506,4.05267,26.899842,1163.739,REFINED_GROUPED_LAMBERT_GRID
2028,PHOBOS,Phobos,CARGO_DELIVERY,20,2028-10-15T00:00:00Z,2029-10-15T00:00:00Z,365,5.186506,4.05267,26.899842,1634.216,REFINED_GROUPED_LAMBERT_GRID
2028,PHOBOS,Phobos,CREWED_TRANSPORT,100,2028-10-15T00:00:00Z,2029-10-15T00:00:00Z,365,5.186506,4.05267,26.899842,7506.52,REFINED_GROUPED_LAMBERT_GRID
2029,PHOBOS,Phobos,FLYBY,1,2029-01-15T00:00:00Z,2029-07-14T00:00:00Z,180,4.85899,5.306034,23.609783,478.95,REFINED_GROUPED_LAMBERT_GRID
2029,PHOBOS,Phobos,ORBITAL_RECON,2,2029-01-15T00:00:00Z,2029-07-14T00:00:00Z,180,4.85899,5.306034,23.609783,670.44,REFINED_GROUPED_LAMBERT_GRID
2029,PHOBOS,Phobos,RENDEZVOUS,2,2029-01-15T00:00:00Z,2029-07-14T00:00:00Z,180,4.85899,5.306034,23.609783,670.44,REFINED_GROUPED_LAMBERT_GRID
2029,PHOBOS,Phobos,LANDING_PROSPECTING,5,2029-02-15T00:00:00Z,2029-08-14T00:00:00Z,180,8.249255,4.385012,68.050214,1181.66,REFINED_GROUPED_LAMBERT_GRID
2029,PHOBOS,Phobos,CARGO_DELIVERY,20,2029-02-15T00:00:00Z,2029-08-14T00:00:00Z,180,8.249255,4.385012,68.050214,1685.842,REFINED_GROUPED_LAMBERT_GRID
2029,PHOBOS,Phobos,CREWED_TRANSPORT,100,2029-02-15T00:00:00Z,2029-08-14T00:00:00Z,180,8.249255,4.385012,68.050214,7665.892,REFINED_GROUPED_LAMBERT_GRID
2030,PHOBOS,Phobos,FLYBY,1,2030-12-15T00:00:00Z,2031-06-13T00:00:00Z,180,5.856396,9.47221,34.297372,485.363,REFINED_GROUPED_LAMBERT_GRID
2030,PHOBOS,Phobos,ORBITAL_RECON,2,2030-12-15T00:00:00Z,2031-12-15T00:00:00Z,365,5.533014,6.194159,30.614247,703.223,REFINED_GROUPED_LAMBERT_GRID
2030,PHOBOS,Phobos,RENDEZVOUS,2,2030-12-15T00:00:00Z,2031-12-15T00:00:00Z,365,5.533014,6.194159,30.614247,703.223,REFINED_GROUPED_LAMBERT_GRID
2030,PHOBOS,Phobos,LANDING_PROSPECTING,5,2030-11-15T00:00:00Z,2031-11-15T00:00:00Z,365,6.538204,6.008824,42.748109,1235.23,REFINED_GROUPED_LAMBERT_GRID
2030,PHOBOS,Phobos,CARGO_DELIVERY,20,2030-11-15T00:00:00Z,2031-11-15T00:00:00Z,365,6.538204,6.008824,42.748109,1953.636,REFINED_GROUPED_LAMBERT_GRID
2030,PHOBOS,Phobos,CREWED_TRANSPORT,100,2030-11-15T00:00:00Z,2031-11-15T00:00:00Z,365,6.538204,6.008824,42.748109,9065.584,REFINED_GROUPED_LAMBERT_GRID
2031,PHOBOS,Phobos,FLYBY,1,2031-02-15T00:00:00Z,2031-08-14T00:00:00Z,180,3.442859,5.04673,11.853277,471.896,REFINED_GROUPED_LAMBERT_GRID
2031,PHOBOS,Phobos,ORBITAL_RECON,2,2031-03-15T00:00:00Z,2031-09-11T00:00:00Z,180,5.37091,4.072316,28.846669,659.331,REFINED_GROUPED_LAMBERT_GRID
2031,PHOBOS,Phobos,RENDEZVOUS,2,2031-03-15T00:00:00Z,2031-09-11T00:00:00Z,180,5.37091,4.072316,28.846669,659.331,REFINED_GROUPED_LAMBERT_GRID
2031,PHOBOS,Phobos,LANDING_PROSPECTING,5,2031-03-15T00:00:00Z,2031-09-11T00:00:00Z,180,5.37091,4.072316,28.846669,1150.188,REFINED_GROUPED_LAMBERT_GRID
2031,PHOBOS,Phobos,CARGO_DELIVERY,20,2031-03-15T00:00:00Z,2031-09-11T00:00:00Z,180,5.37091,4.072316,28.846669,1622.571,REFINED_GROUPED_LAMBERT_GRID
2031,PHOBOS,Phobos,CREWED_TRANSPORT,100,2031-03-15T00:00:00Z,2031-09-11T00:00:00Z,180,5.37091,4.072316,28.846669,7443.624,REFINED_GROUPED_LAMBERT_GRID
2032,PHOBOS,Phobos,FLYBY,1,2032-03-15T00:00:00Z,2034-03-15T00:00:00Z,730,5.808399,12.971863,33.737498,530.201,REFINED_GROUPED_LAMBERT_GRID
2032,PHOBOS,Phobos,ORBITAL_RECON,2,2032-12-15T00:00:00Z,2033-12-15T00:00:00Z,365,9.792099,8.671729,95.885203,798.199,REFINED_GROUPED_LAMBERT_GRID
2032,PHOBOS,Phobos,RENDEZVOUS,2,2032-12-15T00:00:00Z,2033-12-15T00:00:00Z,365,9.792099,8.671729,95.885203,798.199,REFINED_GROUPED_LAMBERT_GRID
2032,PHOBOS,Phobos,LANDING_PROSPECTING,5,2032-12-15T00:00:00Z,2033-12-15T00:00:00Z,365,9.792099,8.671729,95.885203,1414.231,REFINED_GROUPED_LAMBERT_GRID
2032,PHOBOS,Phobos,CARGO_DELIVERY,20,2032-12-15T00:00:00Z,2033-12-15T00:00:00Z,365,9.792099,8.671729,95.885203,2721.115,REFINED_GROUPED_LAMBERT_GRID
2032,PHOBOS,Phobos,CREWED_TRANSPORT,100,2032-12-15T00:00:00Z,2033-12-15T00:00:00Z,365,9.792099,8.671729,95.885203,12775.45,REFINED_GROUPED_LAMBERT_GRID
2033,PHOBOS,Phobos,FLYBY,1,2033-04-15T00:00:00Z,2033-10-12T00:00:00Z,180,2.989431,3.603242,8.9367,470.146,REFINED_GROUPED_LAMBERT_GRID
2033,PHOBOS,Phobos,ORBITAL_RECON,2,2033-04-15T00:00:00Z,2033-10-12T00:00:00Z,180,2.989431,3.603242,8.9367,643.122,REFINED_GROUPED_LAMBERT_GRID
2033,PHOBOS,Phobos,RENDEZVOUS,2,2033-04-15T00:00:00Z,2033-10-12T00:00:00Z,180,2.989431,3.603242,8.9367,643.122,REFINED_GROUPED_LAMBERT_GRID
2033,PHOBOS,Phobos,LANDING_PROSPECTING,5,2033-04-15T00:00:00Z,2033-10-12T00:00:00Z,180,2.989431,3.603242,8.9367,1127.585,REFINED_GROUPED_LAMBERT_GRID
2033,PHOBOS,Phobos,CARGO_DELIVERY,20,2033-04-15T00:00:00Z,2033-10-12T00:00:00Z,180,2.989431,3.603242,8.9367,1557.338,REFINED_GROUPED_LAMBERT_GRID
2033,PHOBOS,Phobos,CREWED_TRANSPORT,100,2033-05-15T00:00:00Z,2033-11-11T00:00:00Z,180,4.147395,3.556807,17.200887,7145.826,REFINED_GROUPED_LAMBERT_GRID
2034,PHOBOS,Phobos,FLYBY,1,2034-05-15T00:00:00Z,2036-05-14T00:00:00Z,730,6.100878,11.605978,37.220715,532.291,REFINED_GROUPED_LAMBERT_GRID
2034,PHOBOS,Phobos,ORBITAL_RECON,2,2034-12-15T00:00:00Z,2035-06-13T00:00:00Z,180,11.234987,11.136089,126.224944,897.289,REFINED_GROUPED_LAMBERT_GRID
2034,PHOBOS,Phobos,RENDEZVOUS,2,2034-12-15T00:00:00Z,2035-06-13T00:00:00Z,180,11.234987,11.136089,126.224944,897.289,REFINED_GROUPED_LAMBERT_GRID
2034,PHOBOS,Phobos,LANDING_PROSPECTING,5,2034-12-15T00:00:00Z,2035-06-13T00:00:00Z,180,11.234987,11.136089,126.224944,1657.442,REFINED_GROUPED_LAMBERT_GRID
2034,PHOBOS,Phobos,CARGO_DELIVERY,20,2034-12-15T00:00:00Z,2035-06-13T00:00:00Z,180,11.234987,11.136089,126.224944,3925.134,REFINED_GROUPED_LAMBERT_GRID
2034,PHOBOS,Phobos,CREWED_TRANSPORT,100,2034-12-15T00:00:00Z,2035-06-13T00:00:00Z,180,11.234987,11.136089,126.224944,18722.732,REFINED_GROUPED_LAMBERT_GRID
2035,PHOBOS,Phobos,FLYBY,1,2035-06-15T00:00:00Z,2035-12-12T00:00:00Z,180,3.315058,3.122274,10.989609,471.378,REFINED_GROUPED_LAMBERT_GRID
2035,PHOBOS,Phobos,ORBITAL_RECON,2,2035-07-15T00:00:00Z,2036-01-11T00:00:00Z,180,3.723969,2.692261,13.867947,639.43,REFINED_GROUPED_LAMBERT_GRID
2035,PHOBOS,Phobos,RENDEZVOUS,2,2035-07-15T00:00:00Z,2036-01-11T00:00:00Z,180,3.723969,2.692261,13.867947,639.43,REFINED_GROUPED_LAMBERT_GRID
2035,PHOBOS,Phobos,LANDING_PROSPECTING,5,2035-07-15T00:00:00Z,2036-01-11T00:00:00Z,180,3.723969,2.692261,13.867947,1113.916,REFINED_GROUPED_LAMBERT_GRID
2035,PHOBOS,Phobos,CARGO_DELIVERY,20,2035-07-15T00:00:00Z,2036-01-11T00:00:00Z,180,3.723969,2.692261,13.867947,1477.159,REFINED_GROUPED_LAMBERT_GRID
2035,PHOBOS,Phobos,CREWED_TRANSPORT,100,2035-07-15T00:00:00Z,2036-01-11T00:00:00Z,180,3.723969,2.692261,13.867947,6752.514,REFINED_GROUPED_LAMBERT_GRID
2026,PHOEBE,Phoebe,FLYBY,1,2026-06-15T00:00:00Z,2028-06-14T00:00:00Z,730,14.210476,18.661071,201.937625,1031.122,REFINED_GROUPED_LAMBERT_GRID
2026,PHOEBE,Phoebe,ORBITAL_RECON,2,2026-06-15T00:00:00Z,2030-06-14T00:00:00Z,1460,11.294616,7.169161,127.568357,1334.367,REFINED_GROUPED_LAMBERT_GRID
2026,PHOEBE,Phoebe,RENDEZVOUS,2,2026-06-15T00:00:00Z,2030-06-14T00:00:00Z,1460,11.294616,7.169161,127.568357,1334.367,REFINED_GROUPED_LAMBERT_GRID
2026,PHOEBE,Phoebe,LANDING_PROSPECTING,5,2026-06-15T00:00:00Z,2030-06-14T00:00:00Z,1460,11.294616,7.169161,127.568357,1991.23,REFINED_GROUPED_LAMBERT_GRID
2026,PHOEBE,Phoebe,CARGO_DELIVERY,20,2026-06-15T00:00:00Z,2030-06-14T00:00:00Z,1460,11.294616,7.169161,127.568357,3570.315,REFINED_GROUPED_LAMBERT_GRID
2026,PHOEBE,Phoebe,CREWED_TRANSPORT,100,2026-06-15T00:00:00Z,2030-06-14T00:00:00Z,1460,11.294616,7.169161,127.568357,16145.412,REFINED_GROUPED_LAMBERT_GRID
2027,PHOEBE,Phoebe,FLYBY,1,2027-06-15T00:00:00Z,2029-06-14T00:00:00Z,730,14.765455,18.652111,218.018662,1040.77,REFINED_GROUPED_LAMBERT_GRID
2027,PHOEBE,Phoebe,ORBITAL_RECON,2,2027-06-15T00:00:00Z,2031-06-14T00:00:00Z,1460,11.722274,7.158517,137.411707,1340.187,REFINED_GROUPED_LAMBERT_GRID
2027,PHOEBE,Phoebe,RENDEZVOUS,2,2027-06-15T00:00:00Z,2031-06-14T00:00:00Z,1460,11.722274,7.158517,137.411707,1340.187,REFINED_GROUPED_LAMBERT_GRID
2027,PHOEBE,Phoebe,LANDING_PROSPECTING,5,2027-06-15T00:00:00Z,2031-06-14T00:00:00Z,1460,11.722274,7.158517,137.411707,1996.92,REFINED_GROUPED_LAMBERT_GRID
2027,PHOEBE,Phoebe,CARGO_DELIVERY,20,2027-06-15T00:00:00Z,2031-06-14T00:00:00Z,1460,11.722274,7.158517,137.411707,3575.142,REFINED_GROUPED_LAMBERT_GRID
2027,PHOEBE,Phoebe,CREWED_TRANSPORT,100,2027-07-15T00:00:00Z,2031-07-14T00:00:00Z,1460,12.821415,7.027342,164.388681,16096.444,REFINED_GROUPED_LAMBERT_GRID
2028,PHOEBE,Phoebe,FLYBY,1,2028-07-15T00:00:00Z,2030-07-15T00:00:00Z,730,14.026102,18.002957,196.731529,1027.998,REFINED_GROUPED_LAMBERT_GRID
2028,PHOEBE,Phoebe,ORBITAL_RECON,2,2028-07-15T00:00:00Z,2032-07-14T00:00:00Z,1460,11.189939,6.97094,125.214738,1331.374,REFINED_GROUPED_LAMBERT_GRID
2028,PHOEBE,Phoebe,RENDEZVOUS,2,2028-07-15T00:00:00Z,2032-07-14T00:00:00Z,1460,11.189939,6.97094,125.214738,1331.374,REFINED_GROUPED_LAMBERT_GRID
2028,PHOEBE,Phoebe,LANDING_PROSPECTING,5,2028-07-15T00:00:00Z,2032-07-14T00:00:00Z,1460,11.189939,6.97094,125.214738,1985.865,REFINED_GROUPED_LAMBERT_GRID
2028,PHOEBE,Phoebe,CARGO_DELIVERY,20,2028-07-15T00:00:00Z,2032-07-14T00:00:00Z,1460,11.189939,6.97094,125.214738,3549.139,REFINED_GROUPED_LAMBERT_GRID
2028,PHOEBE,Phoebe,CREWED_TRANSPORT,100,2028-07-15T00:00:00Z,2032-07-14T00:00:00Z,1460,11.189939,6.97094,125.214738,16045.182,REFINED_GROUPED_LAMBERT_GRID
2029,PHOEBE,Phoebe,FLYBY,1,2029-07-15T00:00:00Z,2031-07-15T00:00:00Z,730,14.264756,18.082014,203.483261,1032.049,REFINED_GROUPED_LAMBERT_GRID
2029,PHOEBE,Phoebe,ORBITAL_RECON,2,2029-07-15T00:00:00Z,2033-07-14T00:00:00Z,1460,10.638613,6.952675,113.180085,1324.01,REFINED_GROUPED_LAMBERT_GRID
2029,PHOEBE,Phoebe,RENDEZVOUS,2,2029-07-15T00:00:00Z,2033-07-14T00:00:00Z,1460,10.638613,6.952675,113.180085,1324.01,REFINED_GROUPED_LAMBERT_GRID
2029,PHOEBE,Phoebe,LANDING_PROSPECTING,5,2029-07-15T00:00:00Z,2033-07-14T00:00:00Z,1460,10.638613,6.952675,113.180085,1978.287,REFINED_GROUPED_LAMBERT_GRID
2029,PHOEBE,Phoebe,CARGO_DELIVERY,20,2029-07-15T00:00:00Z,2033-07-14T00:00:00Z,1460,10.638613,6.952675,113.180085,3540.133,REFINED_GROUPED_LAMBERT_GRID
2029,PHOEBE,Phoebe,CREWED_TRANSPORT,100,2029-07-15T00:00:00Z,2033-07-14T00:00:00Z,1460,10.638613,6.952675,113.180085,16029.033,REFINED_GROUPED_LAMBERT_GRID
2030,PHOEBE,Phoebe,FLYBY,1,2030-08-15T00:00:00Z,2032-08-14T00:00:00Z,730,13.947618,17.548328,194.536054,1026.681,REFINED_GROUPED_LAMBERT_GRID
2030,PHOEBE,Phoebe,ORBITAL_RECON,2,2030-08-15T00:00:00Z,2034-08-14T00:00:00Z,1460,11.241886,6.85885,126.379996,1331.204,REFINED_GROUPED_LAMBERT_GRID
2030,PHOEBE,Phoebe,RENDEZVOUS,2,2030-08-15T00:00:00Z,2034-08-14T00:00:00Z,1460,11.241886,6.85885,126.379996,1331.204,REFINED_GROUPED_LAMBERT_GRID
2030,PHOEBE,Phoebe,LANDING_PROSPECTING,5,2030-08-15T00:00:00Z,2034-08-14T00:00:00Z,1460,11.241886,6.85885,126.379996,1984.391,REFINED_GROUPED_LAMBERT_GRID
2030,PHOEBE,Phoebe,CARGO_DELIVERY,20,2030-08-15T00:00:00Z,2034-08-14T00:00:00Z,1460,11.241886,6.85885,126.379996,3538.974,REFINED_GROUPED_LAMBERT_GRID
2030,PHOEBE,Phoebe,CREWED_TRANSPORT,100,2030-08-15T00:00:00Z,2034-08-14T00:00:00Z,1460,11.241886,6.85885,126.379996,15991.557,REFINED_GROUPED_LAMBERT_GRID
2031,PHOEBE,Phoebe,FLYBY,1,2031-08-15T00:00:00Z,2033-08-14T00:00:00Z,730,14.011726,17.764301,196.328453,1027.756,REFINED_GROUPED_LAMBERT_GRID
2031,PHOEBE,Phoebe,ORBITAL_RECON,2,2031-08-15T00:00:00Z,2035-08-14T00:00:00Z,1460,10.672954,6.898477,113.911949,1324.029,REFINED_GROUPED_LAMBERT_GRID
2031,PHOEBE,Phoebe,RENDEZVOUS,2,2031-08-15T00:00:00Z,2035-08-14T00:00:00Z,1460,10.672954,6.898477,113.911949,1324.029,REFINED_GROUPED_LAMBERT_GRID
2031,PHOEBE,Phoebe,LANDING_PROSPECTING,5,2031-08-15T00:00:00Z,2035-08-14T00:00:00Z,1460,10.672954,6.898477,113.911949,1977.674,REFINED_GROUPED_LAMBERT_GRID
2031,PHOEBE,Phoebe,CARGO_DELIVERY,20,2031-08-15T00:00:00Z,2035-08-14T00:00:00Z,1460,10.672954,6.898477,113.911949,3535.309,REFINED_GROUPED_LAMBERT_GRID
2031,PHOEBE,Phoebe,CREWED_TRANSPORT,100,2031-08-15T00:00:00Z,2035-08-14T00:00:00Z,1460,10.672954,6.898477,113.911949,16003.154,REFINED_GROUPED_LAMBERT_GRID
2032,PHOEBE,Phoebe,FLYBY,1,2032-09-15T00:00:00Z,2034-09-15T00:00:00Z,730,14.079926,17.359122,198.244305,1028.906,REFINED_GROUPED_LAMBERT_GRID
2032,PHOEBE,Phoebe,ORBITAL_RECON,2,2032-09-15T00:00:00Z,2036-09-14T00:00:00Z,1460,11.634799,6.834169,135.368537,1336.408,REFINED_GROUPED_LAMBERT_GRID
2032,PHOEBE,Phoebe,RENDEZVOUS,2,2032-09-15T00:00:00Z,2036-09-14T00:00:00Z,1460,11.634799,6.834169,135.368537,1336.408,REFINED_GROUPED_LAMBERT_GRID
2032,PHOEBE,Phoebe,LANDING_PROSPECTING,5,2032-09-15T00:00:00Z,2036-09-14T00:00:00Z,1460,11.634799,6.834169,135.368537,1989.312,REFINED_GROUPED_LAMBERT_GRID
2032,PHOEBE,Phoebe,CARGO_DELIVERY,20,2032-09-15T00:00:00Z,2036-09-14T00:00:00Z,1460,11.634799,6.834169,135.368537,3542.005,REFINED_GROUPED_LAMBERT_GRID
2032,PHOEBE,Phoebe,CREWED_TRANSPORT,100,2032-09-15T00:00:00Z,2036-09-14T00:00:00Z,1460,11.634799,6.834169,135.368537,15985.138,REFINED_GROUPED_LAMBERT_GRID
2033,PHOEBE,Phoebe,FLYBY,1,2033-09-15T00:00:00Z,2035-09-15T00:00:00Z,730,13.958473,17.735541,194.838981,1026.862,REFINED_GROUPED_LAMBERT_GRID
2033,PHOEBE,Phoebe,ORBITAL_RECON,2,2033-09-15T00:00:00Z,2037-09-14T00:00:00Z,1460,11.228749,6.934397,126.084814,1331.611,REFINED_GROUPED_LAMBERT_GRID
2033,PHOEBE,Phoebe,RENDEZVOUS,2,2033-09-15T00:00:00Z,2037-09-14T00:00:00Z,1460,11.228749,6.934397,126.084814,1331.611,REFINED_GROUPED_LAMBERT_GRID
2033,PHOEBE,Phoebe,LANDING_PROSPECTING,5,2033-09-15T00:00:00Z,2037-09-14T00:00:00Z,1460,11.228749,6.934397,126.084814,1985.674,REFINED_GROUPED_LAMBERT_GRID
2033,PHOEBE,Phoebe,CARGO_DELIVERY,20,2033-09-15T00:00:00Z,2037-09-14T00:00:00Z,1460,11.228749,6.934397,126.084814,3546.095,REFINED_GROUPED_LAMBERT_GRID
2033,PHOEBE,Phoebe,CREWED_TRANSPORT,100,2033-10-15T00:00:00Z,2037-10-14T00:00:00Z,1460,13.949778,6.833892,194.596316,16020.543,REFINED_GROUPED_LAMBERT_GRID
2034,PHOEBE,Phoebe,FLYBY,1,2034-10-15T00:00:00Z,2036-10-14T00:00:00Z,730,14.273632,17.519575,203.736557,1032.201,REFINED_GROUPED_LAMBERT_GRID
2034,PHOEBE,Phoebe,ORBITAL_RECON,2,2034-10-15T00:00:00Z,2038-10-14T00:00:00Z,1460,11.966928,6.895516,143.207356,1341.583,REFINED_GROUPED_LAMBERT_GRID
2034,PHOEBE,Phoebe,RENDEZVOUS,2,2034-10-15T00:00:00Z,2038-10-14T00:00:00Z,1460,11.966928,6.895516,143.207356,1341.583,REFINED_GROUPED_LAMBERT_GRID
2034,PHOEBE,Phoebe,LANDING_PROSPECTING,5,2034-10-15T00:00:00Z,2038-10-14T00:00:00Z,1460,11.966928,6.895516,143.207356,1995.194,REFINED_GROUPED_LAMBERT_GRID
2034,PHOEBE,Phoebe,CARGO_DELIVERY,20,2034-10-15T00:00:00Z,2038-10-14T00:00:00Z,1460,11.966928,6.895516,143.207356,3552.6,REFINED_GROUPED_LAMBERT_GRID
2034,PHOEBE,Phoebe,CREWED_TRANSPORT,100,2034-10-15T00:00:00Z,2038-10-14T00:00:00Z,1460,11.966928,6.895516,143.207356,16019.301,REFINED_GROUPED_LAMBERT_GRID
2035,PHOEBE,Phoebe,FLYBY,1,2035-10-15T00:00:00Z,2037-10-14T00:00:00Z,730,14.161977,18.032618,200.561603,1030.296,REFINED_GROUPED_LAMBERT_GRID
2035,PHOEBE,Phoebe,ORBITAL_RECON,2,2035-10-15T00:00:00Z,2039-10-14T00:00:00Z,1460,11.557067,7.038877,133.565804,1336.92,REFINED_GROUPED_LAMBERT_GRID
2035,PHOEBE,Phoebe,RENDEZVOUS,2,2035-10-15T00:00:00Z,2039-10-14T00:00:00Z,1460,11.557067,7.038877,133.565804,1336.92,REFINED_GROUPED_LAMBERT_GRID
2035,PHOEBE,Phoebe,LANDING_PROSPECTING,5,2035-10-15T00:00:00Z,2039-10-14T00:00:00Z,1460,11.557067,7.038877,133.565804,1992.215,REFINED_GROUPED_LAMBERT_GRID
2035,PHOEBE,Phoebe,CARGO_DELIVERY,20,2035-10-15T00:00:00Z,2039-10-14T00:00:00Z,1460,11.557067,7.038877,133.565804,3560.844,REFINED_GROUPED_LAMBERT_GRID
2035,PHOEBE,Phoebe,CREWED_TRANSPORT,100,2035-11-15T00:00:00Z,2039-11-14T00:00:00Z,1460,14.677087,6.929889,215.416896,16079.279,REFINED_GROUPED_LAMBERT_GRID
2026,PLUTO,Pluto,FLYBY,1,2026-03-15T00:00:00Z,2034-03-13T00:00:00Z,2920,18.700014,19.42805,349.690511,1799.65,REFINED_GROUPED_LAMBERT_GRID
2026,PLUTO,Pluto,ORBITAL_RECON,2,2026-04-15T00:00:00Z,2034-04-13T00:00:00Z,2920,18.743758,19.267148,351.328468,4804.844,REFINED_GROUPED_LAMBERT_GRID
2026,PLUTO,Pluto,RENDEZVOUS,2,2026-04-15T00:00:00Z,2034-04-13T00:00:00Z,2920,18.743758,19.267148,351.328468,4804.844,REFINED_GROUPED_LAMBERT_GRID
2026,PLUTO,Pluto,LANDING_PROSPECTING,5,2026-05-15T00:00:00Z,2034-05-13T00:00:00Z,2920,25.7109,19.091694,661.05037,9445.311,REFINED_GROUPED_LAMBERT_GRID
2026,PLUTO,Pluto,CARGO_DELIVERY,20,2026-06-15T00:00:00Z,2034-06-13T00:00:00Z,2920,35.878406,18.948516,1287.26003,36366.786,REFINED_GROUPED_LAMBERT_GRID
2026,PLUTO,Pluto,CREWED_TRANSPORT,100,2026-07-15T00:00:00Z,2034-07-13T00:00:00Z,2920,46.217653,18.903601,2136.071435,175180.103,REFINED_GROUPED_LAMBERT_GRID
2027,PLUTO,Pluto,FLYBY,1,2027-04-15T00:00:00Z,2035-04-13T00:00:00Z,2920,18.651921,19.444118,347.894161,1798.572,REFINED_GROUPED_LAMBERT_GRID
2027,PLUTO,Pluto,ORBITAL_RECON,2,2027-04-15T00:00:00Z,2035-04-13T00:00:00Z,2920,18.651921,19.444118,347.894161,4918.871,REFINED_GROUPED_LAMBERT_GRID
2027,PLUTO,Pluto,RENDEZVOUS,2,2027-04-15T00:00:00Z,2035-04-13T00:00:00Z,2920,18.651921,19.444118,347.894161,4918.871,REFINED_GROUPED_LAMBERT_GRID
2027,PLUTO,Pluto,LANDING_PROSPECTING,5,2027-05-15T00:00:00Z,2035-05-13T00:00:00Z,2920,25.256033,19.267514,637.867201,9708.673,REFINED_GROUPED_LAMBERT_GRID
2027,PLUTO,Pluto,CARGO_DELIVERY,20,2027-06-15T00:00:00Z,2035-06-13T00:00:00Z,2920,35.30773,19.118814,1246.635766,37642.368,REFINED_GROUPED_LAMBERT_GRID
2027,PLUTO,Pluto,CREWED_TRANSPORT,100,2027-07-15T00:00:00Z,2035-07-13T00:00:00Z,2920,45.659736,19.065028,2084.811533,181243.331,REFINED_GROUPED_LAMBERT_GRID
2028,PLUTO,Pluto,FLYBY,1,2028-04-15T00:00:00Z,2036-04-13T00:00:00Z,2920,18.682373,19.612048,349.031073,1799.254,REFINED_GROUPED_LAMBERT_GRID
2028,PLUTO,Pluto,ORBITAL_RECON,2,2028-04-15T00:00:00Z,2036-04-13T00:00:00Z,2920,18.682373,19.612048,349.031073,5034.013,REFINED_GROUPED_LAMBERT_GRID
2028,PLUTO,Pluto,RENDEZVOUS,2,2028-04-15T00:00:00Z,2036-04-13T00:00:00Z,2920,18.682373,19.612048,349.031073,5034.013,REFINED_GROUPED_LAMBERT_GRID
2028,PLUTO,Pluto,LANDING_PROSPECTING,5,2028-05-15T00:00:00Z,2036-05-13T00:00:00Z,2920,25.065358,19.434353,628.272175,9976.232,REFINED_GROUPED_LAMBERT_GRID
2028,PLUTO,Pluto,CARGO_DELIVERY,20,2028-06-15T00:00:00Z,2036-06-13T00:00:00Z,2920,35.058991,19.282445,1229.132843,38928.142,REFINED_GROUPED_LAMBERT_GRID
2028,PLUTO,Pluto,CREWED_TRANSPORT,100,2028-07-15T00:00:00Z,2036-07-13T00:00:00Z,2920,45.431537,19.223856,2064.024592,187443.922,REFINED_GROUPED_LAMBERT_GRID
2029,PLUTO,Pluto,FLYBY,1,2029-04-15T00:00:00Z,2037-04-13T00:00:00Z,2920,18.631659,19.783275,347.138722,1798.119,REFINED_GROUPED_LAMBERT_GRID
2029,PLUTO,Pluto,ORBITAL_RECON,2,2029-04-15T00:00:00Z,2037-04-13T00:00:00Z,2920,18.631659,19.783275,347.138722,5154.067,REFINED_GROUPED_LAMBERT_GRID
2029,PLUTO,Pluto,RENDEZVOUS,2,2029-04-15T00:00:00Z,2037-04-13T00:00:00Z,2920,18.631659,19.783275,347.138722,5154.067,REFINED_GROUPED_LAMBERT_GRID
2029,PLUTO,Pluto,LANDING_PROSPECTING,5,2029-05-15T00:00:00Z,2037-05-13T00:00:00Z,2920,24.632358,19.604901,606.753041,10253.387,REFINED_GROUPED_LAMBERT_GRID
2029,PLUTO,Pluto,CARGO_DELIVERY,20,2029-07-15T00:00:00Z,2037-07-13T00:00:00Z,2920,44.903067,19.381172,2016.285416,40205.655,REFINED_GROUPED_LAMBERT_GRID
2029,PLUTO,Pluto,CREWED_TRANSPORT,100,2029-07-15T00:00:00Z,2037-07-13T00:00:00Z,2920,44.903067,19.381172,2016.285416,193789.188,REFINED_GROUPED_LAMBERT_GRID
2030,PLUTO,Pluto,FLYBY,1,2030-04-15T00:00:00Z,2038-04-13T00:00:00Z,2920,18.652442,19.953097,347.913602,1798.584,REFINED_GROUPED_LAMBERT_GRID
2030,PLUTO,Pluto,ORBITAL_RECON,2,2030-04-15T00:00:00Z,2038-04-13T00:00:00Z,2920,18.652442,19.953097,347.913602,5279.369,REFINED_GROUPED_LAMBERT_GRID
2030,PLUTO,Pluto,RENDEZVOUS,2,2030-04-15T00:00:00Z,2038-04-13T00:00:00Z,2920,18.652442,19.953097,347.913602,5279.369,REFINED_GROUPED_LAMBERT_GRID
2030,PLUTO,Pluto,LANDING_PROSPECTING,5,2030-05-15T00:00:00Z,2038-05-13T00:00:00Z,2920,24.23131,19.77458,587.156381,10541.336,REFINED_GROUPED_LAMBERT_GRID
2030,PLUTO,Pluto,CARGO_DELIVERY,20,2030-07-15T00:00:00Z,2038-07-13T00:00:00Z,2920,44.344675,19.539145,1966.450214,41501.5,REFINED_GROUPED_LAMBERT_GRID
2030,PLUTO,Pluto,CREWED_TRANSPORT,100,2030-07-15T00:00:00Z,2038-07-13T00:00:00Z,2920,44.344675,19.539145,1966.450214,200388.021,REFINED_GROUPED_LAMBERT_GRID
2031,PLUTO,Pluto,FLYBY,1,2031-04-15T00:00:00Z,2039-04-13T00:00:00Z,2920,18.680363,20.123687,348.955976,1799.209,REFINED_GROUPED_LAMBERT_GRID
2031,PLUTO,Pluto,ORBITAL_RECON,2,2031-05-15T00:00:00Z,2039-05-13T00:00:00Z,2920,23.817041,19.945191,567.251449,5405.055,REFINED_GROUPED_LAMBERT_GRID
2031,PLUTO,Pluto,RENDEZVOUS,2,2031-05-15T00:00:00Z,2039-05-13T00:00:00Z,2920,23.817041,19.945191,567.251449,5405.055,REFINED_GROUPED_LAMBERT_GRID
2031,PLUTO,Pluto,LANDING_PROSPECTING,5,2031-05-15T00:00:00Z,2039-05-13T00:00:00Z,2920,23.817041,19.945191,567.251449,10842.357,REFINED_GROUPED_LAMBERT_GRID
2031,PLUTO,Pluto,CARGO_DELIVERY,20,2031-07-15T00:00:00Z,2039-07-13T00:00:00Z,2920,43.7967,19.698625,1918.150964,42858.964,REFINED_GROUPED_LAMBERT_GRID
2031,PLUTO,Pluto,CREWED_TRANSPORT,100,2031-07-15T00:00:00Z,2039-07-13T00:00:00Z,2920,43.7967,19.698625,1918.150964,207291.258,REFINED_GROUPED_LAMBERT_GRID
2032,PLUTO,Pluto,FLYBY,1,2032-04-15T00:00:00Z,2040-04-13T00:00:00Z,2920,18.808438,20.290137,353.757327,1802.09,REFINED_GROUPED_LAMBERT_GRID
2032,PLUTO,Pluto,ORBITAL_RECON,2,2032-05-15T00:00:00Z,2040-05-13T00:00:00Z,2920,23.721643,20.111763,562.716368,5529.222,REFINED_GROUPED_LAMBERT_GRID
2032,PLUTO,Pluto,RENDEZVOUS,2,2032-05-15T00:00:00Z,2040-05-13T00:00:00Z,2920,23.721643,20.111763,562.716368,5529.222,REFINED_GROUPED_LAMBERT_GRID
2032,PLUTO,Pluto,LANDING_PROSPECTING,5,2032-05-15T00:00:00Z,2040-05-13T00:00:00Z,2920,23.721643,20.111763,562.716368,11156.857,REFINED_GROUPED_LAMBERT_GRID
2032,PLUTO,Pluto,CARGO_DELIVERY,20,2032-07-15T00:00:00Z,2040-07-13T00:00:00Z,2920,43.622464,19.859823,1902.919385,44302.038,REFINED_GROUPED_LAMBERT_GRID
2032,PLUTO,Pluto,CREWED_TRANSPORT,100,2032-07-15T00:00:00Z,2040-07-13T00:00:00Z,2920,43.622464,19.859823,1902.919385,214543.185,REFINED_GROUPED_LAMBERT_GRID
2033,PLUTO,Pluto,FLYBY,1,2033-04-15T00:00:00Z,2041-04-13T00:00:00Z,2920,18.928861,20.464146,358.301789,1804.817,REFINED_GROUPED_LAMBERT_GRID
2033,PLUTO,Pluto,ORBITAL_RECON,2,2033-05-15T00:00:00Z,2041-05-13T00:00:00Z,2920,23.369325,20.286381,546.125331,5657.424,REFINED_GROUPED_LAMBERT_GRID
2033,PLUTO,Pluto,RENDEZVOUS,2,2033-05-15T00:00:00Z,2041-05-13T00:00:00Z,2920,23.369325,20.286381,546.125331,5657.424,REFINED_GROUPED_LAMBERT_GRID
2033,PLUTO,Pluto,LANDING_PROSPECTING,5,2033-06-15T00:00:00Z,2041-06-13T00:00:00Z,2920,32.69074,20.116495,1068.684459,11469.621,REFINED_GROUPED_LAMBERT_GRID
2033,PLUTO,Pluto,CARGO_DELIVERY,20,2033-07-15T00:00:00Z,2041-07-13T00:00:00Z,2920,43.067994,20.024928,1854.852069,45815.529,REFINED_GROUPED_LAMBERT_GRID
2033,PLUTO,Pluto,CREWED_TRANSPORT,100,2033-07-15T00:00:00Z,2041-07-13T00:00:00Z,2920,43.067994,20.024928,1854.852069,222226.002,REFINED_GROUPED_LAMBERT_GRID
2034,PLUTO,Pluto,FLYBY,1,2034-04-15T00:00:00Z,2042-04-13T00:00:00Z,2920,19.059345,20.640658,363.258649,1807.791,REFINED_GROUPED_LAMBERT_GRID
2034,PLUTO,Pluto,ORBITAL_RECON,2,2034-05-15T00:00:00Z,2042-05-13T00:00:00Z,2920,23.024141,20.463631,530.111076,5793.647,REFINED_GROUPED_LAMBERT_GRID
2034,PLUTO,Pluto,RENDEZVOUS,2,2034-05-15T00:00:00Z,2042-05-13T00:00:00Z,2920,23.024141,20.463631,530.111076,5793.647,REFINED_GROUPED_LAMBERT_GRID
2034,PLUTO,Pluto,LANDING_PROSPECTING,5,2034-06-15T00:00:00Z,2042-06-13T00:00:00Z,2920,32.172597,20.290726,1035.076005,11794.432,REFINED_GROUPED_LAMBERT_GRID
2034,PLUTO,Pluto,CARGO_DELIVERY,20,2034-07-15T00:00:00Z,2042-07-13T00:00:00Z,2920,42.542829,20.192743,1809.892313,47415.29,REFINED_GROUPED_LAMBERT_GRID
2034,PLUTO,Pluto,CREWED_TRANSPORT,100,2034-07-15T00:00:00Z,2042-07-13T00:00:00Z,2920,42.542829,20.192743,1809.892313,230332.709,REFINED_GROUPED_LAMBERT_GRID
2035,PLUTO,Pluto,FLYBY,1,2035-04-15T00:00:00Z,2043-04-13T00:00:00Z,2920,19.255864,20.818905,370.788305,1812.309,REFINED_GROUPED_LAMBERT_GRID
2035,PLUTO,Pluto,ORBITAL_RECON,2,2035-05-15T00:00:00Z,2043-05-13T00:00:00Z,2920,22.743146,20.643029,517.250673,5939.497,REFINED_GROUPED_LAMBERT_GRID
2035,PLUTO,Pluto,RENDEZVOUS,2,2035-05-15T00:00:00Z,2043-05-13T00:00:00Z,2920,22.743146,20.643029,517.250673,5939.497,REFINED_GROUPED_LAMBERT_GRID
2035,PLUTO,Pluto,LANDING_PROSPECTING,5,2035-06-15T00:00:00Z,2043-06-13T00:00:00Z,2920,31.68506,20.467646,1003.943021,12139.991,REFINED_GROUPED_LAMBERT_GRID
2035,PLUTO,Pluto,CARGO_DELIVERY,20,2035-07-15T00:00:00Z,2043-07-13T00:00:00Z,2920,42.021215,20.363589,1765.782504,49108.438,REFINED_GROUPED_LAMBERT_GRID
2035,PLUTO,Pluto,CREWED_TRANSPORT,100,2035-07-15T00:00:00Z,2043-07-13T00:00:00Z,2920,42.021215,20.363589,1765.782504,238904.314,REFINED_GROUPED_LAMBERT_GRID
2026,POLYMELE,15094 Polymele,FLYBY,1,2026-01-15T00:00:00Z,2028-01-15T00:00:00Z,730,12.40221,8.124794,153.814813,602.248,EXISTING_SCREEN_SINGLE_CANDIDATE
2026,POLYMELE,15094 Polymele,ORBITAL_RECON,2,2026-01-15T00:00:00Z,2028-01-15T00:00:00Z,730,12.40221,8.124794,153.814813,955.571,EXISTING_SCREEN_SINGLE_CANDIDATE
2026,POLYMELE,15094 Polymele,RENDEZVOUS,2,2026-01-15T00:00:00Z,2028-01-15T00:00:00Z,730,12.40221,8.124794,153.814813,955.571,EXISTING_SCREEN_SINGLE_CANDIDATE
2026,POLYMELE,15094 Polymele,LANDING_PROSPECTING,5,2026-01-15T00:00:00Z,2028-01-15T00:00:00Z,730,12.40221,8.124794,153.814813,1710.555,EXISTING_SCREEN_SINGLE_CANDIDATE
2026,POLYMELE,15094 Polymele,CARGO_DELIVERY,20,2026-01-15T00:00:00Z,2028-01-15T00:00:00Z,730,12.40221,8.124794,153.814813,3943.784,EXISTING_SCREEN_SINGLE_CANDIDATE
2026,POLYMELE,15094 Polymele,CREWED_TRANSPORT,100,2026-01-15T00:00:00Z,2028-01-15T00:00:00Z,730,12.40221,8.124794,153.814813,18749.763,EXISTING_SCREEN_SINGLE_CANDIDATE
2027,POLYMELE,15094 Polymele,FLYBY,1,2027-01-15T00:00:00Z,2031-01-14T00:00:00Z,1460,16.570283,7.41075,274.574279,734.662,EXISTING_SCREEN_SINGLE_CANDIDATE
2027,POLYMELE,15094 Polymele,ORBITAL_RECON,2,2027-01-15T00:00:00Z,2031-01-14T00:00:00Z,1460,16.570283,7.41075,274.574279,1052.283,EXISTING_SCREEN_SINGLE_CANDIDATE
2027,POLYMELE,15094 Polymele,RENDEZVOUS,2,2027-01-15T00:00:00Z,2031-01-14T00:00:00Z,1460,16.570283,7.41075,274.574279,1052.283,EXISTING_SCREEN_SINGLE_CANDIDATE
2027,POLYMELE,15094 Polymele,LANDING_PROSPECTING,5,2027-01-15T00:00:00Z,2031-01-14T00:00:00Z,1460,16.570283,7.41075,274.574279,1753.714,EXISTING_SCREEN_SINGLE_CANDIDATE
2027,POLYMELE,15094 Polymele,CARGO_DELIVERY,20,2027-01-15T00:00:00Z,2031-01-14T00:00:00Z,1460,16.570283,7.41075,274.574279,3629.921,EXISTING_SCREEN_SINGLE_CANDIDATE
2027,POLYMELE,15094 Polymele,CREWED_TRANSPORT,100,2027-01-15T00:00:00Z,2031-01-14T00:00:00Z,1460,16.570283,7.41075,274.574279,16890.627,EXISTING_SCREEN_SINGLE_CANDIDATE
2028,POLYMELE,15094 Polymele,FLYBY,1,2028-01-15T00:00:00Z,2032-01-14T00:00:00Z,1460,16.790528,8.17223,281.921831,739.071,EXISTING_SCREEN_SINGLE_CANDIDATE
2028,POLYMELE,15094 Polymele,ORBITAL_RECON,2,2028-01-15T00:00:00Z,2032-01-14T00:00:00Z,1460,16.790528,8.17223,281.921831,1094.972,EXISTING_SCREEN_SINGLE_CANDIDATE
2028,POLYMELE,15094 Polymele,RENDEZVOUS,2,2028-01-15T00:00:00Z,2032-01-14T00:00:00Z,1460,16.790528,8.17223,281.921831,1094.972,EXISTING_SCREEN_SINGLE_CANDIDATE
2028,POLYMELE,15094 Polymele,LANDING_PROSPECTING,5,2028-01-15T00:00:00Z,2032-01-14T00:00:00Z,1460,16.790528,8.17223,281.921831,1853.824,EXISTING_SCREEN_SINGLE_CANDIDATE
2028,POLYMELE,15094 Polymele,CARGO_DELIVERY,20,2028-01-15T00:00:00Z,2032-01-14T00:00:00Z,1460,16.790528,8.17223,281.921831,4112.838,EXISTING_SCREEN_SINGLE_CANDIDATE
2028,POLYMELE,15094 Polymele,CREWED_TRANSPORT,100,2028-01-15T00:00:00Z,2032-01-14T00:00:00Z,1460,16.790528,8.17223,281.921831,19287.579,EXISTING_SCREEN_SINGLE_CANDIDATE
2029,POLYMELE,15094 Polymele,FLYBY,1,2029-07-15T00:00:00Z,2037-07-13T00:00:00Z,2920,16.510401,11.44142,272.593341,853.392,EXISTING_SCREEN_SINGLE_CANDIDATE
2029,POLYMELE,15094 Polymele,ORBITAL_RECON,2,2029-07-15T00:00:00Z,2037-07-13T00:00:00Z,2920,16.510401,11.44142,272.593341,1471.867,EXISTING_SCREEN_SINGLE_CANDIDATE
2029,POLYMELE,15094 Polymele,RENDEZVOUS,2,2029-07-15T00:00:00Z,2037-07-13T00:00:00Z,2920,16.510401,11.44142,272.593341,1471.867,EXISTING_SCREEN_SINGLE_CANDIDATE
2029,POLYMELE,15094 Polymele,LANDING_PROSPECTING,5,2029-07-15T00:00:00Z,2037-07-13T00:00:00Z,2920,16.510401,11.44142,272.593341,2624.581,EXISTING_SCREEN_SINGLE_CANDIDATE
2029,POLYMELE,15094 Polymele,CARGO_DELIVERY,20,2029-07-15T00:00:00Z,2037-07-13T00:00:00Z,2920,16.510401,11.44142,272.593341,7509.337,EXISTING_SCREEN_SINGLE_CANDIDATE
2029,POLYMELE,15094 Polymele,CREWED_TRANSPORT,100,2029-07-15T00:00:00Z,2037-07-13T00:00:00Z,2920,16.510401,11.44142,272.593341,36292.46,EXISTING_SCREEN_SINGLE_CANDIDATE
2030,POLYMELE,15094 Polymele,FLYBY,1,2030-07-15T00:00:00Z,2034-07-14T00:00:00Z,1460,18.80347,10.698881,353.570484,782.06,EXISTING_SCREEN_SINGLE_CANDIDATE
2030,POLYMELE,15094 Polymele,ORBITAL_RECON,2,2030-07-15T00:00:00Z,2034-07-14T00:00:00Z,1460,18.80347,10.698881,353.570484,1323.19,EXISTING_SCREEN_SINGLE_CANDIDATE
2030,POLYMELE,15094 Polymele,RENDEZVOUS,2,2030-07-15T00:00:00Z,2034-07-14T00:00:00Z,1460,18.80347,10.698881,353.570484,1323.19,EXISTING_SCREEN_SINGLE_CANDIDATE
2030,POLYMELE,15094 Polymele,LANDING_PROSPECTING,5,2030-07-15T00:00:00Z,2034-07-14T00:00:00Z,1460,18.80347,10.698881,353.570484,2359.884,EXISTING_SCREEN_SINGLE_CANDIDATE
2030,POLYMELE,15094 Polymele,CARGO_DELIVERY,20,2030-07-15T00:00:00Z,2034-07-14T00:00:00Z,1460,18.80347,10.698881,353.570484,6471.179,EXISTING_SCREEN_SINGLE_CANDIDATE
2030,POLYMELE,15094 Polymele,CREWED_TRANSPORT,100,2030-07-15T00:00:00Z,2034-07-14T00:00:00Z,1460,18.80347,10.698881,353.570484,30907.327,EXISTING_SCREEN_SINGLE_CANDIDATE
2031,POLYMELE,15094 Polymele,FLYBY,1,2031-07-15T00:00:00Z,2033-07-14T00:00:00Z,730,14.8606,7.334515,220.837432,642.461,EXISTING_SCREEN_SINGLE_CANDIDATE
2031,POLYMELE,15094 Polymele,ORBITAL_RECON,2,2031-07-15T00:00:00Z,2033-07-14T00:00:00Z,730,14.8606,7.334515,220.837432,956.594,EXISTING_SCREEN_SINGLE_CANDIDATE
2031,POLYMELE,15094 Polymele,RENDEZVOUS,2,2031-07-15T00:00:00Z,2033-07-14T00:00:00Z,730,14.8606,7.334515,220.837432,956.594,EXISTING_SCREEN_SINGLE_CANDIDATE
2031,POLYMELE,15094 Polymele,LANDING_PROSPECTING,5,2031-07-15T00:00:00Z,2033-07-14T00:00:00Z,730,14.8606,7.334515,220.837432,1652.794,EXISTING_SCREEN_SINGLE_CANDIDATE
2031,POLYMELE,15094 Polymele,CARGO_DELIVERY,20,2031-07-15T00:00:00Z,2033-07-14T00:00:00Z,730,14.8606,7.334515,220.837432,3494.124,EXISTING_SCREEN_SINGLE_CANDIDATE
2031,POLYMELE,15094 Polymele,CREWED_TRANSPORT,100,2031-07-15T00:00:00Z,2033-07-14T00:00:00Z,730,14.8606,7.334515,220.837432,16340.609,EXISTING_SCREEN_SINGLE_CANDIDATE
2032,POLYMELE,15094 Polymele,FLYBY,1,2032-07-15T00:00:00Z,2036-07-14T00:00:00Z,1460,15.540924,8.168261,241.520319,714.83,EXISTING_SCREEN_SINGLE_CANDIDATE
2032,POLYMELE,15094 Polymele,ORBITAL_RECON,2,2032-07-15T00:00:00Z,2036-07-14T00:00:00Z,1460,15.540924,8.168261,241.520319,1070.515,EXISTING_SCREEN_SINGLE_CANDIDATE
2032,POLYMELE,15094 Polymele,RENDEZVOUS,2,2032-07-15T00:00:00Z,2036-07-14T00:00:00Z,1460,15.540924,8.168261,241.520319,1070.515,EXISTING_SCREEN_SINGLE_CANDIDATE
2032,POLYMELE,15094 Polymele,LANDING_PROSPECTING,5,2032-07-15T00:00:00Z,2036-07-14T00:00:00Z,1460,15.540924,8.168261,241.520319,1829.042,EXISTING_SCREEN_SINGLE_CANDIDATE
2032,POLYMELE,15094 Polymele,CARGO_DELIVERY,20,2032-07-15T00:00:00Z,2036-07-14T00:00:00Z,1460,15.540924,8.168261,241.520319,4085.887,EXISTING_SCREEN_SINGLE_CANDIDATE
2032,POLYMELE,15094 Polymele,CREWED_TRANSPORT,100,2032-07-15T00:00:00Z,2036-07-14T00:00:00Z,1460,15.540924,8.168261,241.520319,19249.788,EXISTING_SCREEN_SINGLE_CANDIDATE
2033,POLYMELE,15094 Polymele,FLYBY,1,2033-07-15T00:00:00Z,2037-07-14T00:00:00Z,1460,18.688464,7.842623,349.258687,779.473,EXISTING_SCREEN_SINGLE_CANDIDATE
2033,POLYMELE,15094 Polymele,ORBITAL_RECON,2,2033-07-15T00:00:00Z,2037-07-14T00:00:00Z,1460,18.688464,7.842623,349.258687,1118.007,EXISTING_SCREEN_SINGLE_CANDIDATE
2033,POLYMELE,15094 Polymele,RENDEZVOUS,2,2033-07-15T00:00:00Z,2037-07-14T00:00:00Z,1460,18.688464,7.842623,349.258687,1118.007,EXISTING_SCREEN_SINGLE_CANDIDATE
2033,POLYMELE,15094 Polymele,LANDING_PROSPECTING,5,2033-07-15T00:00:00Z,2037-07-14T00:00:00Z,1460,18.688464,7.842623,349.258687,1850.808,EXISTING_SCREEN_SINGLE_CANDIDATE
2033,POLYMELE,15094 Polymele,CARGO_DELIVERY,20,2033-07-15T00:00:00Z,2037-07-14T00:00:00Z,1460,18.688464,7.842623,349.258687,3936.147,EXISTING_SCREEN_SINGLE_CANDIDATE
2033,POLYMELE,15094 Polymele,CREWED_TRANSPORT,100,2033-07-15T00:00:00Z,2037-07-14T00:00:00Z,1460,18.688464,7.842623,349.258687,18242.513,EXISTING_SCREEN_SINGLE_CANDIDATE
2034,POLYMELE,15094 Polymele,FLYBY,1,2034-07-15T00:00:00Z,2036-07-14T00:00:00Z,730,20.08598,7.674178,403.446593,752.027,EXISTING_SCREEN_SINGLE_CANDIDATE
2034,POLYMELE,15094 Polymele,ORBITAL_RECON,2,2034-07-15T00:00:00Z,2036-07-14T00:00:00Z,730,20.08598,7.674178,403.446593,1082.164,EXISTING_SCREEN_SINGLE_CANDIDATE
2034,POLYMELE,15094 Polymele,RENDEZVOUS,2,2034-07-15T00:00:00Z,2036-07-14T00:00:00Z,730,20.08598,7.674178,403.446593,1082.164,EXISTING_SCREEN_SINGLE_CANDIDATE
2034,POLYMELE,15094 Polymele,LANDING_PROSPECTING,5,2034-07-15T00:00:00Z,2036-07-14T00:00:00Z,730,20.08598,7.674178,403.446593,1802.371,EXISTING_SCREEN_SINGLE_CANDIDATE
2034,POLYMELE,15094 Polymele,CARGO_DELIVERY,20,2034-07-15T00:00:00Z,2036-07-14T00:00:00Z,730,20.08598,7.674178,403.446593,3803.746,EXISTING_SCREEN_SINGLE_CANDIDATE
2034,POLYMELE,15094 Polymele,CREWED_TRANSPORT,100,2034-07-15T00:00:00Z,2036-07-14T00:00:00Z,730,20.08598,7.674178,403.446593,17450.456,EXISTING_SCREEN_SINGLE_CANDIDATE
2035,POLYMELE,15094 Polymele,FLYBY,1,2035-01-15T00:00:00Z,2043-01-13T00:00:00Z,2920,15.892463,10.386425,252.57038,841.378,EXISTING_SCREEN_SINGLE_CANDIDATE
2035,POLYMELE,15094 Polymele,ORBITAL_RECON,2,2035-01-15T00:00:00Z,2043-01-13T00:00:00Z,2920,15.892463,10.386425,252.57038,1353.588,EXISTING_SCREEN_SINGLE_CANDIDATE
2035,POLYMELE,15094 Polymele,RENDEZVOUS,2,2035-01-15T00:00:00Z,2043-01-13T00:00:00Z,2920,15.892463,10.386425,252.57038,1353.588,EXISTING_SCREEN_SINGLE_CANDIDATE
2035,POLYMELE,15094 Polymele,LANDING_PROSPECTING,5,2035-01-15T00:00:00Z,2043-01-13T00:00:00Z,2920,15.892463,10.386425,252.57038,2346.903,EXISTING_SCREEN_SINGLE_CANDIDATE
2035,POLYMELE,15094 Polymele,CARGO_DELIVERY,20,2035-01-15T00:00:00Z,2043-01-13T00:00:00Z,2920,15.892463,10.386425,252.57038,6169.001,EXISTING_SCREEN_SINGLE_CANDIDATE
2035,POLYMELE,15094 Polymele,CREWED_TRANSPORT,100,2035-01-15T00:00:00Z,2043-01-13T00:00:00Z,2920,15.892463,10.386425,252.57038,29638.835,EXISTING_SCREEN_SINGLE_CANDIDATE
2026,PROTEUS,Proteus,FLYBY,1,2026-05-15T00:00:00Z,2034-05-13T00:00:00Z,2920,14.643301,15.568539,214.426259,1618.491,REFINED_GROUPED_LAMBERT_GRID
2026,PROTEUS,Proteus,ORBITAL_RECON,2,2026-05-15T00:00:00Z,2034-05-13T00:00:00Z,2920,14.643301,15.568539,214.426259,2010.831,REFINED_GROUPED_LAMBERT_GRID
2026,PROTEUS,Proteus,RENDEZVOUS,2,2026-05-15T00:00:00Z,2034-05-13T00:00:00Z,2920,14.643301,15.568539,214.426259,2010.831,REFINED_GROUPED_LAMBERT_GRID
2026,PROTEUS,Proteus,LANDING_PROSPECTING,5,2026-05-15T00:00:00Z,2034-05-13T00:00:00Z,2920,14.643301,15.568539,214.426259,2824.34,REFINED_GROUPED_LAMBERT_GRID
2026,PROTEUS,Proteus,CARGO_DELIVERY,20,2026-06-15T00:00:00Z,2034-06-13T00:00:00Z,2920,16.785982,15.422443,281.769176,5423.753,REFINED_GROUPED_LAMBERT_GRID
2026,PROTEUS,Proteus,CREWED_TRANSPORT,100,2026-07-15T00:00:00Z,2034-07-13T00:00:00Z,2920,24.182798,15.265979,584.807704,24088.296,REFINED_GROUPED_LAMBERT_GRID
2027,PROTEUS,Proteus,FLYBY,1,2027-05-15T00:00:00Z,2035-05-13T00:00:00Z,2920,14.818211,15.580202,219.57939,1621.583,REFINED_GROUPED_LAMBERT_GRID
2027,PROTEUS,Proteus,ORBITAL_RECON,2,2027-05-15T00:00:00Z,2035-05-13T00:00:00Z,2920,14.818211,15.580202,219.57939,2014.339,REFINED_GROUPED_LAMBERT_GRID
2027,PROTEUS,Proteus,RENDEZVOUS,2,2027-05-15T00:00:00Z,2035-05-13T00:00:00Z,2920,14.818211,15.580202,219.57939,2014.339,REFINED_GROUPED_LAMBERT_GRID
2027,PROTEUS,Proteus,LANDING_PROSPECTING,5,2027-05-15T00:00:00Z,2035-05-13T00:00:00Z,2920,14.818211,15.580202,219.57939,2828.474,REFINED_GROUPED_LAMBERT_GRID
2027,PROTEUS,Proteus,CARGO_DELIVERY,20,2027-06-15T00:00:00Z,2035-06-13T00:00:00Z,2920,16.375081,15.437618,268.143286,5422.191,REFINED_GROUPED_LAMBERT_GRID
2027,PROTEUS,Proteus,CREWED_TRANSPORT,100,2027-07-15T00:00:00Z,2035-07-13T00:00:00Z,2920,23.458324,15.280333,550.292977,24098.046,REFINED_GROUPED_LAMBERT_GRID
2028,PROTEUS,Proteus,FLYBY,1,2028-05-15T00:00:00Z,2036-05-13T00:00:00Z,2920,14.945469,15.585832,223.367038,1623.856,REFINED_GROUPED_LAMBERT_GRID
2028,PROTEUS,Proteus,ORBITAL_RECON,2,2028-05-15T00:00:00Z,2036-05-13T00:00:00Z,2920,14.945469,15.585832,223.367038,2016.814,REFINED_GROUPED_LAMBERT_GRID
2028,PROTEUS,Proteus,RENDEZVOUS,2,2028-05-15T00:00:00Z,2036-05-13T00:00:00Z,2920,14.945469,15.585832,223.367038,2016.814,REFINED_GROUPED_LAMBERT_GRID
2028,PROTEUS,Proteus,LANDING_PROSPECTING,5,2028-05-15T00:00:00Z,2036-05-13T00:00:00Z,2920,14.945469,15.585832,223.367038,2831.25,REFINED_GROUPED_LAMBERT_GRID
2028,PROTEUS,Proteus,CARGO_DELIVERY,20,2028-06-15T00:00:00Z,2036-06-13T00:00:00Z,2920,16.11377,15.445135,259.653588,5420.38,REFINED_GROUPED_LAMBERT_GRID
2028,PROTEUS,Proteus,CREWED_TRANSPORT,100,2028-07-15T00:00:00Z,2036-07-13T00:00:00Z,2920,22.996027,15.287218,528.817251,24099.797,REFINED_GROUPED_LAMBERT_GRID
2029,PROTEUS,Proteus,FLYBY,1,2029-05-15T00:00:00Z,2037-05-13T00:00:00Z,2920,15.162471,15.591796,229.900533,1627.776,REFINED_GROUPED_LAMBERT_GRID
2029,PROTEUS,Proteus,ORBITAL_RECON,2,2029-05-15T00:00:00Z,2037-05-13T00:00:00Z,2920,15.162471,15.591796,229.900533,2020.947,REFINED_GROUPED_LAMBERT_GRID
2029,PROTEUS,Proteus,RENDEZVOUS,2,2029-05-15T00:00:00Z,2037-05-13T00:00:00Z,2920,15.162471,15.591796,229.900533,2020.947,REFINED_GROUPED_LAMBERT_GRID
2029,PROTEUS,Proteus,LANDING_PROSPECTING,5,2029-06-15T00:00:00Z,2037-06-13T00:00:00Z,2920,15.746097,15.454688,247.93958,2834.385,REFINED_GROUPED_LAMBERT_GRID
2029,PROTEUS,Proteus,CARGO_DELIVERY,20,2029-06-15T00:00:00Z,2037-06-13T00:00:00Z,2920,15.746097,15.454688,247.93958,5417.528,REFINED_GROUPED_LAMBERT_GRID
2029,PROTEUS,Proteus,CREWED_TRANSPORT,100,2029-07-15T00:00:00Z,2037-07-13T00:00:00Z,2920,22.296377,15.296188,497.128439,24099.877,REFINED_GROUPED_LAMBERT_GRID
2030,PROTEUS,Proteus,FLYBY,1,2030-06-15T00:00:00Z,2038-06-13T00:00:00Z,2920,15.442243,15.460825,238.462882,1632.913,REFINED_GROUPED_LAMBERT_GRID
2030,PROTEUS,Proteus,ORBITAL_RECON,2,2030-06-15T00:00:00Z,2038-06-13T00:00:00Z,2920,15.442243,15.460825,238.462882,2021.443,REFINED_GROUPED_LAMBERT_GRID
2030,PROTEUS,Proteus,RENDEZVOUS,2,2030-06-15T00:00:00Z,2038-06-13T00:00:00Z,2920,15.442243,15.460825,238.462882,2021.443,REFINED_GROUPED_LAMBERT_GRID
2030,PROTEUS,Proteus,LANDING_PROSPECTING,5,2030-06-15T00:00:00Z,2038-06-13T00:00:00Z,2920,15.442243,15.460825,238.462882,2829.237,REFINED_GROUPED_LAMBERT_GRID
2030,PROTEUS,Proteus,CARGO_DELIVERY,20,2030-06-15T00:00:00Z,2038-06-13T00:00:00Z,2920,15.442243,15.460825,238.462882,5414.53,REFINED_GROUPED_LAMBERT_GRID
2030,PROTEUS,Proteus,CREWED_TRANSPORT,100,2030-07-15T00:00:00Z,2038-07-13T00:00:00Z,2920,21.605219,15.302457,466.785491,24095.032,REFINED_GROUPED_LAMBERT_GRID
2031,PROTEUS,Proteus,FLYBY,1,2031-06-15T00:00:00Z,2039-06-13T00:00:00Z,2920,15.143187,15.464967,229.3161,1627.425,REFINED_GROUPED_LAMBERT_GRID
2031,PROTEUS,Proteus,ORBITAL_RECON,2,2031-06-15T00:00:00Z,2039-06-13T00:00:00Z,2920,15.143187,15.464967,229.3161,2016.1,REFINED_GROUPED_LAMBERT_GRID
2031,PROTEUS,Proteus,RENDEZVOUS,2,2031-06-15T00:00:00Z,2039-06-13T00:00:00Z,2920,15.143187,15.464967,229.3161,2016.1,REFINED_GROUPED_LAMBERT_GRID
2031,PROTEUS,Proteus,LANDING_PROSPECTING,5,2031-06-15T00:00:00Z,2039-06-13T00:00:00Z,2920,15.143187,15.464967,229.3161,2824.112,REFINED_GROUPED_LAMBERT_GRID
2031,PROTEUS,Proteus,CARGO_DELIVERY,20,2031-06-15T00:00:00Z,2039-06-13T00:00:00Z,2920,15.143187,15.464967,229.3161,5410.857,REFINED_GROUPED_LAMBERT_GRID
2031,PROTEUS,Proteus,CREWED_TRANSPORT,100,2031-08-15T00:00:00Z,2039-08-13T00:00:00Z,2920,30.203553,15.163612,912.254636,24069.685,REFINED_GROUPED_LAMBERT_GRID
2032,PROTEUS,Proteus,FLYBY,1,2032-06-15T00:00:00Z,2040-06-13T00:00:00Z,2920,15.012599,15.463455,225.378116,1625.063,REFINED_GROUPED_LAMBERT_GRID
2032,PROTEUS,Proteus,ORBITAL_RECON,2,2032-06-15T00:00:00Z,2040-06-13T00:00:00Z,2920,15.012599,15.463455,225.378116,2013.684,REFINED_GROUPED_LAMBERT_GRID
2032,PROTEUS,Proteus,RENDEZVOUS,2,2032-06-15T00:00:00Z,2040-06-13T00:00:00Z,2920,15.012599,15.463455,225.378116,2013.684,REFINED_GROUPED_LAMBERT_GRID
2032,PROTEUS,Proteus,LANDING_PROSPECTING,5,2032-06-15T00:00:00Z,2040-06-13T00:00:00Z,2920,15.012599,15.463455,225.378116,2821.616,REFINED_GROUPED_LAMBERT_GRID
2032,PROTEUS,Proteus,CARGO_DELIVERY,20,2032-06-15T00:00:00Z,2040-06-13T00:00:00Z,2920,15.012599,15.463455,225.378116,5407.831,REFINED_GROUPED_LAMBERT_GRID
2032,PROTEUS,Proteus,CREWED_TRANSPORT,100,2032-08-15T00:00:00Z,2040-08-13T00:00:00Z,2920,29.732954,15.160009,884.048543,24045.26,REFINED_GROUPED_LAMBERT_GRID
2033,PROTEUS,Proteus,FLYBY,1,2033-06-15T00:00:00Z,2041-06-13T00:00:00Z,2920,14.824386,15.466806,219.762432,1621.693,REFINED_GROUPED_LAMBERT_GRID
2033,PROTEUS,Proteus,ORBITAL_RECON,2,2033-06-15T00:00:00Z,2041-06-13T00:00:00Z,2920,14.824386,15.466806,219.762432,2010.432,REFINED_GROUPED_LAMBERT_GRID
2033,PROTEUS,Proteus,RENDEZVOUS,2,2033-06-15T00:00:00Z,2041-06-13T00:00:00Z,2920,14.824386,15.466806,219.762432,2010.432,REFINED_GROUPED_LAMBERT_GRID
2033,PROTEUS,Proteus,LANDING_PROSPECTING,5,2033-06-15T00:00:00Z,2041-06-13T00:00:00Z,2920,14.824386,15.466806,219.762432,2818.541,REFINED_GROUPED_LAMBERT_GRID
2033,PROTEUS,Proteus,CARGO_DELIVERY,20,2033-06-15T00:00:00Z,2041-06-13T00:00:00Z,2920,14.824386,15.466806,219.762432,5405.931,REFINED_GROUPED_LAMBERT_GRID
2033,PROTEUS,Proteus,CREWED_TRANSPORT,100,2033-08-15T00:00:00Z,2041-08-13T00:00:00Z,2920,28.903668,15.161175,835.42203,24018.51,REFINED_GROUPED_LAMBERT_GRID
2034,PROTEUS,Proteus,FLYBY,1,2034-06-15T00:00:00Z,2042-06-13T00:00:00Z,2920,14.655044,15.471591,214.770313,1618.698,REFINED_GROUPED_LAMBERT_GRID
2034,PROTEUS,Proteus,ORBITAL_RECON,2,2034-06-15T00:00:00Z,2042-06-13T00:00:00Z,2920,14.655044,15.471591,214.770313,2007.605,REFINED_GROUPED_LAMBERT_GRID
2034,PROTEUS,Proteus,RENDEZVOUS,2,2034-06-15T00:00:00Z,2042-06-13T00:00:00Z,2920,14.655044,15.471591,214.770313,2007.605,REFINED_GROUPED_LAMBERT_GRID
2034,PROTEUS,Proteus,LANDING_PROSPECTING,5,2034-06-15T00:00:00Z,2042-06-13T00:00:00Z,2920,14.655044,15.471591,214.770313,2815.965,REFINED_GROUPED_LAMBERT_GRID
2034,PROTEUS,Proteus,CARGO_DELIVERY,20,2034-06-15T00:00:00Z,2042-06-13T00:00:00Z,2920,14.655044,15.471591,214.770313,5405.035,REFINED_GROUPED_LAMBERT_GRID
2034,PROTEUS,Proteus,CREWED_TRANSPORT,100,2034-08-15T00:00:00Z,2042-08-13T00:00:00Z,2920,28.108957,15.164304,790.113448,23997.843,REFINED_GROUPED_LAMBERT_GRID
2035,PROTEUS,Proteus,FLYBY,1,2035-06-15T00:00:00Z,2043-06-13T00:00:00Z,2920,14.580511,15.478241,212.59131,1617.391,REFINED_GROUPED_LAMBERT_GRID
2035,PROTEUS,Proteus,ORBITAL_RECON,2,2035-06-15T00:00:00Z,2043-06-13T00:00:00Z,2920,14.580511,15.478241,212.59131,2006.531,REFINED_GROUPED_LAMBERT_GRID
2035,PROTEUS,Proteus,RENDEZVOUS,2,2035-06-15T00:00:00Z,2043-06-13T00:00:00Z,2920,14.580511,15.478241,212.59131,2006.531,REFINED_GROUPED_LAMBERT_GRID
2035,PROTEUS,Proteus,LANDING_PROSPECTING,5,2035-06-15T00:00:00Z,2043-06-13T00:00:00Z,2920,14.580511,15.478241,212.59131,2815.242,REFINED_GROUPED_LAMBERT_GRID
2035,PROTEUS,Proteus,CARGO_DELIVERY,20,2035-06-15T00:00:00Z,2043-06-13T00:00:00Z,2920,14.580511,15.478241,212.59131,5406.649,REFINED_GROUPED_LAMBERT_GRID
2035,PROTEUS,Proteus,CREWED_TRANSPORT,100,2035-08-15T00:00:00Z,2043-08-13T00:00:00Z,2920,27.324091,15.17074,746.605943,23985.152,REFINED_GROUPED_LAMBERT_GRID
2026,PSYCHE,16 Psyche,FLYBY,1,2026-11-15T00:00:00Z,2027-11-15T00:00:00Z,365,8.484576,8.995349,71.98803,523.172,REFINED_GROUPED_LAMBERT_GRID
2026,PSYCHE,16 Psyche,ORBITAL_RECON,2,2026-11-15T00:00:00Z,2028-11-14T00:00:00Z,730,7.980957,5.177521,63.695674,784.575,REFINED_GROUPED_LAMBERT_GRID
2026,PSYCHE,16 Psyche,RENDEZVOUS,2,2026-11-15T00:00:00Z,2028-11-14T00:00:00Z,730,7.980957,5.177521,63.695674,784.575,REFINED_GROUPED_LAMBERT_GRID
2026,PSYCHE,16 Psyche,LANDING_PROSPECTING,5,2026-11-15T00:00:00Z,2028-11-14T00:00:00Z,730,7.980957,5.177521,63.695674,1364.173,REFINED_GROUPED_LAMBERT_GRID
2026,PSYCHE,16 Psyche,CARGO_DELIVERY,20,2026-11-15T00:00:00Z,2028-11-14T00:00:00Z,730,7.980957,5.177521,63.695674,2428.158,REFINED_GROUPED_LAMBERT_GRID
2026,PSYCHE,16 Psyche,CREWED_TRANSPORT,100,2026-10-15T00:00:00Z,2028-10-14T00:00:00Z,730,10.142819,5.162735,102.876781,11385.513,REFINED_GROUPED_LAMBERT_GRID
2027,PSYCHE,16 Psyche,FLYBY,1,2027-12-15T00:00:00Z,2029-12-14T00:00:00Z,730,12.298971,8.525307,151.264691,600.718,REFINED_GROUPED_LAMBERT_GRID
2027,PSYCHE,16 Psyche,ORBITAL_RECON,2,2027-01-15T00:00:00Z,2029-01-14T00:00:00Z,730,12.44301,6.314563,154.828486,875.59,REFINED_GROUPED_LAMBERT_GRID
2027,PSYCHE,16 Psyche,RENDEZVOUS,2,2027-01-15T00:00:00Z,2029-01-14T00:00:00Z,730,12.44301,6.314563,154.828486,875.59,REFINED_GROUPED_LAMBERT_GRID
2027,PSYCHE,16 Psyche,LANDING_PROSPECTING,5,2027-01-15T00:00:00Z,2029-01-14T00:00:00Z,730,12.44301,6.314563,154.828486,1509.69,REFINED_GROUPED_LAMBERT_GRID
2027,PSYCHE,16 Psyche,CARGO_DELIVERY,20,2027-01-15T00:00:00Z,2029-01-14T00:00:00Z,730,12.44301,6.314563,154.828486,2937.028,REFINED_GROUPED_LAMBERT_GRID
2027,PSYCHE,16 Psyche,CREWED_TRANSPORT,100,2027-01-15T00:00:00Z,2029-01-14T00:00:00Z,730,12.44301,6.314563,154.828486,13713.553,REFINED_GROUPED_LAMBERT_GRID
2028,PSYCHE,16 Psyche,FLYBY,1,2028-01-15T00:00:00Z,2029-01-14T00:00:00Z,365,8.192226,9.310348,67.112568,520.247,REFINED_GROUPED_LAMBERT_GRID
2028,PSYCHE,16 Psyche,ORBITAL_RECON,2,2028-02-15T00:00:00Z,2029-02-14T00:00:00Z,365,9.043959,8.05563,81.793192,878.667,REFINED_GROUPED_LAMBERT_GRID
2028,PSYCHE,16 Psyche,RENDEZVOUS,2,2028-02-15T00:00:00Z,2029-02-14T00:00:00Z,365,9.043959,8.05563,81.793192,878.667,REFINED_GROUPED_LAMBERT_GRID
2028,PSYCHE,16 Psyche,LANDING_PROSPECTING,5,2028-03-15T00:00:00Z,2029-03-15T00:00:00Z,365,13.86452,7.374514,192.224908,1610.203,REFINED_GROUPED_LAMBERT_GRID
2028,PSYCHE,16 Psyche,CARGO_DELIVERY,20,2028-03-15T00:00:00Z,2029-03-15T00:00:00Z,365,13.86452,7.374514,192.224908,3469.759,REFINED_GROUPED_LAMBERT_GRID
2028,PSYCHE,16 Psyche,CREWED_TRANSPORT,100,2028-03-15T00:00:00Z,2029-03-15T00:00:00Z,365,13.86452,7.374514,192.224908,16287.454,REFINED_GROUPED_LAMBERT_GRID
2029,PSYCHE,16 Psyche,FLYBY,1,2029-05-15T00:00:00Z,2030-05-15T00:00:00Z,365,7.359202,6.331434,54.157854,512.474,REFINED_GROUPED_LAMBERT_GRID
2029,PSYCHE,16 Psyche,ORBITAL_RECON,2,2029-05-15T00:00:00Z,2030-05-15T00:00:00Z,365,7.359202,6.331434,54.157854,785.819,REFINED_GROUPED_LAMBERT_GRID
2029,PSYCHE,16 Psyche,RENDEZVOUS,2,2029-05-15T00:00:00Z,2030-05-15T00:00:00Z,365,7.359202,6.331434,54.157854,785.819,REFINED_GROUPED_LAMBERT_GRID
2029,PSYCHE,16 Psyche,LANDING_PROSPECTING,5,2029-05-15T00:00:00Z,2030-05-15T00:00:00Z,365,7.359202,6.331434,54.157854,1420.837,REFINED_GROUPED_LAMBERT_GRID
2029,PSYCHE,16 Psyche,CARGO_DELIVERY,20,2029-05-15T00:00:00Z,2030-05-15T00:00:00Z,365,7.359202,6.331434,54.157854,2854.287,REFINED_GROUPED_LAMBERT_GRID
2029,PSYCHE,16 Psyche,CREWED_TRANSPORT,100,2029-05-15T00:00:00Z,2030-05-15T00:00:00Z,365,7.359202,6.331434,54.157854,13541.458,REFINED_GROUPED_LAMBERT_GRID
2030,PSYCHE,16 Psyche,FLYBY,1,2030-09-15T00:00:00Z,2031-09-15T00:00:00Z,365,7.923342,5.500744,62.779347,517.647,REFINED_GROUPED_LAMBERT_GRID
2030,PSYCHE,16 Psyche,ORBITAL_RECON,2,2030-09-15T00:00:00Z,2031-09-15T00:00:00Z,365,7.923342,5.500744,62.779347,763.458,REFINED_GROUPED_LAMBERT_GRID
2030,PSYCHE,16 Psyche,RENDEZVOUS,2,2030-09-15T00:00:00Z,2031-09-15T00:00:00Z,365,7.923342,5.500744,62.779347,763.458,REFINED_GROUPED_LAMBERT_GRID
2030,PSYCHE,16 Psyche,LANDING_PROSPECTING,5,2030-09-15T00:00:00Z,2031-09-15T00:00:00Z,365,7.923342,5.500744,62.779347,1357.176,REFINED_GROUPED_LAMBERT_GRID
2030,PSYCHE,16 Psyche,CARGO_DELIVERY,20,2030-09-15T00:00:00Z,2032-09-14T00:00:00Z,730,8.143001,5.185782,66.30847,2432.629,REFINED_GROUPED_LAMBERT_GRID
2030,PSYCHE,16 Psyche,CREWED_TRANSPORT,100,2030-09-15T00:00:00Z,2032-09-14T00:00:00Z,730,8.143001,5.185782,66.30847,11404.002,REFINED_GROUPED_LAMBERT_GRID
2031,PSYCHE,16 Psyche,FLYBY,1,2031-11-15T00:00:00Z,2032-11-14T00:00:00Z,365,8.517052,9.057185,72.540176,523.504,REFINED_GROUPED_LAMBERT_GRID
2031,PSYCHE,16 Psyche,ORBITAL_RECON,2,2031-11-15T00:00:00Z,2033-11-14T00:00:00Z,730,7.958572,5.16593,63.338867,784.036,REFINED_GROUPED_LAMBERT_GRID
2031,PSYCHE,16 Psyche,RENDEZVOUS,2,2031-11-15T00:00:00Z,2033-11-14T00:00:00Z,730,7.958572,5.16593,63.338867,784.036,REFINED_GROUPED_LAMBERT_GRID
2031,PSYCHE,16 Psyche,LANDING_PROSPECTING,5,2031-11-15T00:00:00Z,2033-11-14T00:00:00Z,730,7.958572,5.16593,63.338867,1363.146,REFINED_GROUPED_LAMBERT_GRID
2031,PSYCHE,16 Psyche,CARGO_DELIVERY,20,2031-11-15T00:00:00Z,2033-11-14T00:00:00Z,730,7.958572,5.16593,63.338867,2423.879,REFINED_GROUPED_LAMBERT_GRID
2031,PSYCHE,16 Psyche,CREWED_TRANSPORT,100,2031-11-15T00:00:00Z,2033-11-14T00:00:00Z,730,7.958572,5.16593,63.338867,11367.383,REFINED_GROUPED_LAMBERT_GRID
2032,PSYCHE,16 Psyche,FLYBY,1,2032-12-15T00:00:00Z,2034-12-15T00:00:00Z,730,12.292093,8.593391,151.095547,600.616,REFINED_GROUPED_LAMBERT_GRID
2032,PSYCHE,16 Psyche,ORBITAL_RECON,2,2032-01-15T00:00:00Z,2034-01-14T00:00:00Z,730,12.371452,6.303311,153.05282,874.118,REFINED_GROUPED_LAMBERT_GRID
2032,PSYCHE,16 Psyche,RENDEZVOUS,2,2032-01-15T00:00:00Z,2034-01-14T00:00:00Z,730,12.371452,6.303311,153.05282,874.118,REFINED_GROUPED_LAMBERT_GRID
2032,PSYCHE,16 Psyche,LANDING_PROSPECTING,5,2032-01-15T00:00:00Z,2034-01-14T00:00:00Z,730,12.371452,6.303311,153.05282,1507.609,REFINED_GROUPED_LAMBERT_GRID
2032,PSYCHE,16 Psyche,CARGO_DELIVERY,20,2032-01-15T00:00:00Z,2034-01-14T00:00:00Z,730,12.371452,6.303311,153.05282,2930.883,REFINED_GROUPED_LAMBERT_GRID
2032,PSYCHE,16 Psyche,CREWED_TRANSPORT,100,2032-01-15T00:00:00Z,2034-01-14T00:00:00Z,730,12.371452,6.303311,153.05282,13687.088,REFINED_GROUPED_LAMBERT_GRID
2033,PSYCHE,16 Psyche,FLYBY,1,2033-01-15T00:00:00Z,2034-01-15T00:00:00Z,365,8.139656,9.285989,66.254003,519.732,REFINED_GROUPED_LAMBERT_GRID
2033,PSYCHE,16 Psyche,ORBITAL_RECON,2,2033-02-15T00:00:00Z,2034-02-15T00:00:00Z,365,9.081833,8.034536,82.479686,877.958,REFINED_GROUPED_LAMBERT_GRID
2033,PSYCHE,16 Psyche,RENDEZVOUS,2,2033-02-15T00:00:00Z,2034-02-15T00:00:00Z,365,9.081833,8.034536,82.479686,877.958,REFINED_GROUPED_LAMBERT_GRID
2033,PSYCHE,16 Psyche,LANDING_PROSPECTING,5,2033-03-15T00:00:00Z,2034-03-15T00:00:00Z,365,13.727198,7.37421,188.435976,1607.895,REFINED_GROUPED_LAMBERT_GRID
2033,PSYCHE,16 Psyche,CARGO_DELIVERY,20,2033-03-15T00:00:00Z,2034-03-15T00:00:00Z,365,13.727198,7.37421,188.435976,3467.312,REFINED_GROUPED_LAMBERT_GRID
2033,PSYCHE,16 Psyche,CREWED_TRANSPORT,100,2033-03-15T00:00:00Z,2034-03-15T00:00:00Z,365,13.727198,7.37421,188.435976,16284.312,REFINED_GROUPED_LAMBERT_GRID
2034,PSYCHE,16 Psyche,FLYBY,1,2034-05-15T00:00:00Z,2035-05-15T00:00:00Z,365,7.299115,6.341644,53.277083,511.946,REFINED_GROUPED_LAMBERT_GRID
2034,PSYCHE,16 Psyche,ORBITAL_RECON,2,2034-05-15T00:00:00Z,2035-05-15T00:00:00Z,365,7.299115,6.341644,53.277083,785.662,REFINED_GROUPED_LAMBERT_GRID
2034,PSYCHE,16 Psyche,RENDEZVOUS,2,2034-05-15T00:00:00Z,2035-05-15T00:00:00Z,365,7.299115,6.341644,53.277083,785.662,REFINED_GROUPED_LAMBERT_GRID
2034,PSYCHE,16 Psyche,LANDING_PROSPECTING,5,2034-05-15T00:00:00Z,2035-05-15T00:00:00Z,365,7.299115,6.341644,53.277083,1421.236,REFINED_GROUPED_LAMBERT_GRID
2034,PSYCHE,16 Psyche,CARGO_DELIVERY,20,2034-05-15T00:00:00Z,2035-05-15T00:00:00Z,365,7.299115,6.341644,53.277083,2858.397,REFINED_GROUPED_LAMBERT_GRID
2034,PSYCHE,16 Psyche,CREWED_TRANSPORT,100,2034-05-15T00:00:00Z,2035-05-15T00:00:00Z,365,7.299115,6.341644,53.277083,13564.119,REFINED_GROUPED_LAMBERT_GRID
2035,PSYCHE,16 Psyche,FLYBY,1,2035-09-15T00:00:00Z,2036-09-14T00:00:00Z,365,7.863808,5.545047,61.839472,517.083,REFINED_GROUPED_LAMBERT_GRID
2035,PSYCHE,16 Psyche,ORBITAL_RECON,2,2035-09-15T00:00:00Z,2036-09-14T00:00:00Z,365,7.863808,5.545047,61.839472,764.238,REFINED_GROUPED_LAMBERT_GRID
2035,PSYCHE,16 Psyche,RENDEZVOUS,2,2035-09-15T00:00:00Z,2036-09-14T00:00:00Z,365,7.863808,5.545047,61.839472,764.238,REFINED_GROUPED_LAMBERT_GRID
2035,PSYCHE,16 Psyche,LANDING_PROSPECTING,5,2035-09-15T00:00:00Z,2036-09-14T00:00:00Z,365,7.863808,5.545047,61.839472,1359.971,REFINED_GROUPED_LAMBERT_GRID
2035,PSYCHE,16 Psyche,CARGO_DELIVERY,20,2035-09-15T00:00:00Z,2037-09-14T00:00:00Z,730,8.138962,5.137066,66.242695,2415.545,REFINED_GROUPED_LAMBERT_GRID
2035,PSYCHE,16 Psyche,CREWED_TRANSPORT,100,2035-09-15T00:00:00Z,2037-09-14T00:00:00Z,730,8.138962,5.137066,66.242695,11318.745,REFINED_GROUPED_LAMBERT_GRID
2026,QUAOAR,50000 Quaoar,FLYBY,1,2026-01-15T00:00:00Z,2034-01-13T00:00:00Z,2920,47.396948,24.089329,2246.47068,2037.718,EXISTING_SCREEN_SINGLE_CANDIDATE
2026,QUAOAR,50000 Quaoar,ORBITAL_RECON,2,2026-01-15T00:00:00Z,2034-01-13T00:00:00Z,2920,47.396948,24.089329,2246.47068,10598.918,EXISTING_SCREEN_SINGLE_CANDIDATE
2026,QUAOAR,50000 Quaoar,RENDEZVOUS,2,2026-01-15T00:00:00Z,2034-01-13T00:00:00Z,2920,47.396948,24.089329,2246.47068,10598.918,EXISTING_SCREEN_SINGLE_CANDIDATE
2026,QUAOAR,50000 Quaoar,LANDING_PROSPECTING,5,2026-01-15T00:00:00Z,2034-01-13T00:00:00Z,2920,47.396948,24.089329,2246.47068,23665.717,EXISTING_SCREEN_SINGLE_CANDIDATE
2026,QUAOAR,50000 Quaoar,CARGO_DELIVERY,20,2026-01-15T00:00:00Z,2034-01-13T00:00:00Z,2920,47.396948,24.089329,2246.47068,107977.713,EXISTING_SCREEN_SINGLE_CANDIDATE
2026,QUAOAR,50000 Quaoar,CREWED_TRANSPORT,100,2026-01-15T00:00:00Z,2034-01-13T00:00:00Z,2920,47.396948,24.089329,2246.47068,533897.037,EXISTING_SCREEN_SINGLE_CANDIDATE
2027,QUAOAR,50000 Quaoar,FLYBY,1,2027-01-15T00:00:00Z,2035-01-13T00:00:00Z,2920,52.045338,24.102109,2708.717208,2315.066,EXISTING_SCREEN_SINGLE_CANDIDATE
2027,QUAOAR,50000 Quaoar,ORBITAL_RECON,2,2027-01-15T00:00:00Z,2035-01-13T00:00:00Z,2920,52.045338,24.102109,2708.717208,10900.301,EXISTING_SCREEN_SINGLE_CANDIDATE
2027,QUAOAR,50000 Quaoar,RENDEZVOUS,2,2027-01-15T00:00:00Z,2035-01-13T00:00:00Z,2920,52.045338,24.102109,2708.717208,10900.301,EXISTING_SCREEN_SINGLE_CANDIDATE
2027,QUAOAR,50000 Quaoar,LANDING_PROSPECTING,5,2027-01-15T00:00:00Z,2035-01-13T00:00:00Z,2920,52.045338,24.102109,2708.717208,24003.154,EXISTING_SCREEN_SINGLE_CANDIDATE
2027,QUAOAR,50000 Quaoar,CARGO_DELIVERY,20,2027-01-15T00:00:00Z,2035-01-13T00:00:00Z,2920,52.045338,24.102109,2708.717208,108555.505,EXISTING_SCREEN_SINGLE_CANDIDATE
2027,QUAOAR,50000 Quaoar,CREWED_TRANSPORT,100,2027-01-15T00:00:00Z,2035-01-13T00:00:00Z,2920,52.045338,24.102109,2708.717208,535676.605,EXISTING_SCREEN_SINGLE_CANDIDATE
2028,QUAOAR,50000 Quaoar,FLYBY,1,2028-07-15T00:00:00Z,2036-07-13T00:00:00Z,2920,54.864566,23.235754,3010.120602,2495.908,EXISTING_SCREEN_SINGLE_CANDIDATE
2028,QUAOAR,50000 Quaoar,ORBITAL_RECON,2,2028-07-15T00:00:00Z,2036-07-13T00:00:00Z,2920,54.864566,23.235754,3010.120602,9596.918,EXISTING_SCREEN_SINGLE_CANDIDATE
2028,QUAOAR,50000 Quaoar,RENDEZVOUS,2,2028-07-15T00:00:00Z,2036-07-13T00:00:00Z,2920,54.864566,23.235754,3010.120602,9596.918,EXISTING_SCREEN_SINGLE_CANDIDATE
2028,QUAOAR,50000 Quaoar,LANDING_PROSPECTING,5,2028-07-15T00:00:00Z,2036-07-13T00:00:00Z,2920,54.864566,23.235754,3010.120602,20473.434,EXISTING_SCREEN_SINGLE_CANDIDATE
2028,QUAOAR,50000 Quaoar,CARGO_DELIVERY,20,2028-07-15T00:00:00Z,2036-07-13T00:00:00Z,2920,54.864566,23.235754,3010.120602,90183.535,EXISTING_SCREEN_SINGLE_CANDIDATE
2028,QUAOAR,50000 Quaoar,CREWED_TRANSPORT,100,2028-07-15T00:00:00Z,2036-07-13T00:00:00Z,2920,54.864566,23.235754,3010.120602,443093.387,EXISTING_SCREEN_SINGLE_CANDIDATE
2029,QUAOAR,50000 Quaoar,FLYBY,1,2029-07-15T00:00:00Z,2037-07-13T00:00:00Z,2920,54.353139,23.20533,2954.263719,2462.394,EXISTING_SCREEN_SINGLE_CANDIDATE
2029,QUAOAR,50000 Quaoar,ORBITAL_RECON,2,2029-07-15T00:00:00Z,2037-07-13T00:00:00Z,2920,54.353139,23.20533,2954.263719,9516.298,EXISTING_SCREEN_SINGLE_CANDIDATE
2029,QUAOAR,50000 Quaoar,RENDEZVOUS,2,2029-07-15T00:00:00Z,2037-07-13T00:00:00Z,2920,54.353139,23.20533,2954.263719,9516.298,EXISTING_SCREEN_SINGLE_CANDIDATE
2029,QUAOAR,50000 Quaoar,LANDING_PROSPECTING,5,2029-07-15T00:00:00Z,2037-07-13T00:00:00Z,2920,54.353139,23.20533,2954.263719,20322.154,EXISTING_SCREEN_SINGLE_CANDIDATE
2029,QUAOAR,50000 Quaoar,CARGO_DELIVERY,20,2029-07-15T00:00:00Z,2037-07-13T00:00:00Z,2920,54.353139,23.20533,2954.263719,89561.196,EXISTING_SCREEN_SINGLE_CANDIDATE
2029,QUAOAR,50000 Quaoar,CREWED_TRANSPORT,100,2029-07-15T00:00:00Z,2037-07-13T00:00:00Z,2920,54.353139,23.20533,2954.263719,440115.747,EXISTING_SCREEN_SINGLE_CANDIDATE
2030,QUAOAR,50000 Quaoar,FLYBY,1,2030-01-15T00:00:00Z,2038-01-13T00:00:00Z,2920,50.715459,24.029204,2572.057782,2233.07,EXISTING_SCREEN_SINGLE_CANDIDATE
2030,QUAOAR,50000 Quaoar,ORBITAL_RECON,2,2030-01-15T00:00:00Z,2038-01-13T00:00:00Z,2920,50.715459,24.029204,2572.057782,10682.104,EXISTING_SCREEN_SINGLE_CANDIDATE
2030,QUAOAR,50000 Quaoar,RENDEZVOUS,2,2030-01-15T00:00:00Z,2038-01-13T00:00:00Z,2920,50.715459,24.029204,2572.057782,10682.104,EXISTING_SCREEN_SINGLE_CANDIDATE
2030,QUAOAR,50000 Quaoar,LANDING_PROSPECTING,5,2030-01-15T00:00:00Z,2038-01-13T00:00:00Z,2920,50.715459,24.029204,2572.057782,23580.653,EXISTING_SCREEN_SINGLE_CANDIDATE
2030,QUAOAR,50000 Quaoar,CARGO_DELIVERY,20,2030-01-15T00:00:00Z,2038-01-13T00:00:00Z,2920,50.715459,24.029204,2572.057782,106770.985,EXISTING_SCREEN_SINGLE_CANDIDATE
2030,QUAOAR,50000 Quaoar,CREWED_TRANSPORT,100,2030-01-15T00:00:00Z,2038-01-13T00:00:00Z,2920,50.715459,24.029204,2572.057782,527081.988,EXISTING_SCREEN_SINGLE_CANDIDATE
2031,QUAOAR,50000 Quaoar,FLYBY,1,2031-01-15T00:00:00Z,2039-01-13T00:00:00Z,2920,46.432409,23.973642,2155.968606,1983.417,EXISTING_SCREEN_SINGLE_CANDIDATE
2031,QUAOAR,50000 Quaoar,ORBITAL_RECON,2,2031-01-15T00:00:00Z,2039-01-13T00:00:00Z,2920,46.432409,23.973642,2155.968606,10330.12,EXISTING_SCREEN_SINGLE_CANDIDATE
2031,QUAOAR,50000 Quaoar,RENDEZVOUS,2,2031-01-15T00:00:00Z,2039-01-13T00:00:00Z,2920,46.432409,23.973642,2155.968606,10330.12,EXISTING_SCREEN_SINGLE_CANDIDATE
2031,QUAOAR,50000 Quaoar,LANDING_PROSPECTING,5,2031-01-15T00:00:00Z,2039-01-13T00:00:00Z,2920,46.432409,23.973642,2155.968606,23075.175,EXISTING_SCREEN_SINGLE_CANDIDATE
2031,QUAOAR,50000 Quaoar,CARGO_DELIVERY,20,2031-01-15T00:00:00Z,2039-01-13T00:00:00Z,2920,46.432409,23.973642,2155.968606,105242.208,EXISTING_SCREEN_SINGLE_CANDIDATE
2031,QUAOAR,50000 Quaoar,CREWED_TRANSPORT,100,2031-01-15T00:00:00Z,2039-01-13T00:00:00Z,2920,46.432409,23.973642,2155.968606,520436.714,EXISTING_SCREEN_SINGLE_CANDIDATE
2032,QUAOAR,50000 Quaoar,FLYBY,1,2032-01-15T00:00:00Z,2040-01-13T00:00:00Z,2920,42.78853,23.926974,1830.8583,1788.351,EXISTING_SCREEN_SINGLE_CANDIDATE
2032,QUAOAR,50000 Quaoar,ORBITAL_RECON,2,2032-01-15T00:00:00Z,2040-01-13T00:00:00Z,2920,42.78853,23.926974,1830.8583,10050.075,EXISTING_SCREEN_SINGLE_CANDIDATE
2032,QUAOAR,50000 Quaoar,RENDEZVOUS,2,2032-01-15T00:00:00Z,2040-01-13T00:00:00Z,2920,42.78853,23.926974,1830.8583,10050.075,EXISTING_SCREEN_SINGLE_CANDIDATE
2032,QUAOAR,50000 Quaoar,LANDING_PROSPECTING,5,2032-01-15T00:00:00Z,2040-01-13T00:00:00Z,2920,42.78853,23.926974,1830.8583,22667.662,EXISTING_SCREEN_SINGLE_CANDIDATE
2032,QUAOAR,50000 Quaoar,CARGO_DELIVERY,20,2032-01-15T00:00:00Z,2040-01-13T00:00:00Z,2920,42.78853,23.926974,1830.8583,103984.908,EXISTING_SCREEN_SINGLE_CANDIDATE
2032,QUAOAR,50000 Quaoar,CREWED_TRANSPORT,100,2032-01-15T00:00:00Z,2040-01-13T00:00:00Z,2920,42.78853,23.926974,1830.8583,514930.479,EXISTING_SCREEN_SINGLE_CANDIDATE
2033,QUAOAR,50000 Quaoar,FLYBY,1,2033-01-15T00:00:00Z,2041-01-13T00:00:00Z,2920,41.564394,23.900862,1727.598849,1726.395,EXISTING_SCREEN_SINGLE_CANDIDATE
2033,QUAOAR,50000 Quaoar,ORBITAL_RECON,2,2033-01-15T00:00:00Z,2041-01-13T00:00:00Z,2920,41.564394,23.900862,1727.598849,9940.955,EXISTING_SCREEN_SINGLE_CANDIDATE
2033,QUAOAR,50000 Quaoar,RENDEZVOUS,2,2033-01-15T00:00:00Z,2041-01-13T00:00:00Z,2920,41.564394,23.900862,1727.598849,9940.955,EXISTING_SCREEN_SINGLE_CANDIDATE
2033,QUAOAR,50000 Quaoar,LANDING_PROSPECTING,5,2033-01-15T00:00:00Z,2041-01-13T00:00:00Z,2920,41.564394,23.900862,1727.598849,22487.795,EXISTING_SCREEN_SINGLE_CANDIDATE
2033,QUAOAR,50000 Quaoar,CARGO_DELIVERY,20,2033-01-15T00:00:00Z,2041-01-13T00:00:00Z,2920,41.564394,23.900862,1727.598849,103333.393,EXISTING_SCREEN_SINGLE_CANDIDATE
2033,QUAOAR,50000 Quaoar,CREWED_TRANSPORT,100,2033-01-15T00:00:00Z,2041-01-13T00:00:00Z,2920,41.564394,23.900862,1727.598849,511920.726,EXISTING_SCREEN_SINGLE_CANDIDATE
2034,QUAOAR,50000 Quaoar,FLYBY,1,2034-01-15T00:00:00Z,2042-01-13T00:00:00Z,2920,38.930172,23.86809,1515.558292,1599.171,EXISTING_SCREEN_SINGLE_CANDIDATE
2034,QUAOAR,50000 Quaoar,ORBITAL_RECON,2,2034-01-15T00:00:00Z,2042-01-13T00:00:00Z,2920,38.930172,23.86809,1515.558292,9754.922,EXISTING_SCREEN_SINGLE_CANDIDATE
2034,QUAOAR,50000 Quaoar,RENDEZVOUS,2,2034-01-15T00:00:00Z,2042-01-13T00:00:00Z,2920,38.930172,23.86809,1515.558292,9754.922,EXISTING_SCREEN_SINGLE_CANDIDATE
2034,QUAOAR,50000 Quaoar,LANDING_PROSPECTING,5,2034-01-15T00:00:00Z,2042-01-13T00:00:00Z,2920,38.930172,23.86809,1515.558292,22213.549,EXISTING_SCREEN_SINGLE_CANDIDATE
2034,QUAOAR,50000 Quaoar,CARGO_DELIVERY,20,2034-01-15T00:00:00Z,2042-01-13T00:00:00Z,2920,38.930172,23.86809,1515.558292,102471.063,EXISTING_SCREEN_SINGLE_CANDIDATE
2034,QUAOAR,50000 Quaoar,CREWED_TRANSPORT,100,2034-01-15T00:00:00Z,2042-01-13T00:00:00Z,2920,38.930172,23.86809,1515.558292,508117.976,EXISTING_SCREEN_SINGLE_CANDIDATE
2035,QUAOAR,50000 Quaoar,FLYBY,1,2035-01-15T00:00:00Z,2043-01-13T00:00:00Z,2920,36.958774,23.842259,1365.950976,1509.406,EXISTING_SCREEN_SINGLE_CANDIDATE
2035,QUAOAR,50000 Quaoar,ORBITAL_RECON,2,2035-01-15T00:00:00Z,2043-01-13T00:00:00Z,2920,36.958774,23.842259,1365.950976,9619.106,EXISTING_SCREEN_SINGLE_CANDIDATE
2035,QUAOAR,50000 Quaoar,RENDEZVOUS,2,2035-01-15T00:00:00Z,2043-01-13T00:00:00Z,2920,36.958774,23.842259,1365.950976,9619.106,EXISTING_SCREEN_SINGLE_CANDIDATE
2035,QUAOAR,50000 Quaoar,LANDING_PROSPECTING,5,2035-01-15T00:00:00Z,2043-01-13T00:00:00Z,2920,36.958774,23.842259,1365.950976,22008.655,EXISTING_SCREEN_SINGLE_CANDIDATE
2035,QUAOAR,50000 Quaoar,CARGO_DELIVERY,20,2035-01-15T00:00:00Z,2043-01-13T00:00:00Z,2920,36.958774,23.842259,1365.950976,101805.648,EXISTING_SCREEN_SINGLE_CANDIDATE
2035,QUAOAR,50000 Quaoar,CREWED_TRANSPORT,100,2035-01-15T00:00:00Z,2043-01-13T00:00:00Z,2920,36.958774,23.842259,1365.950976,505149.955,EXISTING_SCREEN_SINGLE_CANDIDATE
2026,RHEA,Rhea,FLYBY,1,2026-06-15T00:00:00Z,2028-06-14T00:00:00Z,730,14.210476,18.661071,201.937625,1031.122,REFINED_GROUPED_LAMBERT_GRID
2026,RHEA,Rhea,ORBITAL_RECON,2,2026-06-15T00:00:00Z,2030-06-14T00:00:00Z,1460,11.294616,7.169161,127.568357,1334.367,REFINED_GROUPED_LAMBERT_GRID
2026,RHEA,Rhea,RENDEZVOUS,2,2026-06-15T00:00:00Z,2030-06-14T00:00:00Z,1460,11.294616,7.169161,127.568357,1334.367,REFINED_GROUPED_LAMBERT_GRID
2026,RHEA,Rhea,LANDING_PROSPECTING,5,2026-06-15T00:00:00Z,2030-06-14T00:00:00Z,1460,11.294616,7.169161,127.568357,1991.23,REFINED_GROUPED_LAMBERT_GRID
2026,RHEA,Rhea,CARGO_DELIVERY,20,2026-06-15T00:00:00Z,2030-06-14T00:00:00Z,1460,11.294616,7.169161,127.568357,3570.315,REFINED_GROUPED_LAMBERT_GRID
2026,RHEA,Rhea,CREWED_TRANSPORT,100,2026-06-15T00:00:00Z,2030-06-14T00:00:00Z,1460,11.294616,7.169161,127.568357,16145.412,REFINED_GROUPED_LAMBERT_GRID
2027,RHEA,Rhea,FLYBY,1,2027-06-15T00:00:00Z,2029-06-14T00:00:00Z,730,14.765455,18.652111,218.018662,1040.77,REFINED_GROUPED_LAMBERT_GRID
2027,RHEA,Rhea,ORBITAL_RECON,2,2027-06-15T00:00:00Z,2031-06-14T00:00:00Z,1460,11.722274,7.158517,137.411707,1340.187,REFINED_GROUPED_LAMBERT_GRID
2027,RHEA,Rhea,RENDEZVOUS,2,2027-06-15T00:00:00Z,2031-06-14T00:00:00Z,1460,11.722274,7.158517,137.411707,1340.187,REFINED_GROUPED_LAMBERT_GRID
2027,RHEA,Rhea,LANDING_PROSPECTING,5,2027-06-15T00:00:00Z,2031-06-14T00:00:00Z,1460,11.722274,7.158517,137.411707,1996.92,REFINED_GROUPED_LAMBERT_GRID
2027,RHEA,Rhea,CARGO_DELIVERY,20,2027-06-15T00:00:00Z,2031-06-14T00:00:00Z,1460,11.722274,7.158517,137.411707,3575.142,REFINED_GROUPED_LAMBERT_GRID
2027,RHEA,Rhea,CREWED_TRANSPORT,100,2027-07-15T00:00:00Z,2031-07-14T00:00:00Z,1460,12.821415,7.027342,164.388681,16096.444,REFINED_GROUPED_LAMBERT_GRID
2028,RHEA,Rhea,FLYBY,1,2028-07-15T00:00:00Z,2030-07-15T00:00:00Z,730,14.026102,18.002957,196.731529,1027.998,REFINED_GROUPED_LAMBERT_GRID
2028,RHEA,Rhea,ORBITAL_RECON,2,2028-07-15T00:00:00Z,2032-07-14T00:00:00Z,1460,11.189939,6.97094,125.214738,1331.374,REFINED_GROUPED_LAMBERT_GRID
2028,RHEA,Rhea,RENDEZVOUS,2,2028-07-15T00:00:00Z,2032-07-14T00:00:00Z,1460,11.189939,6.97094,125.214738,1331.374,REFINED_GROUPED_LAMBERT_GRID
2028,RHEA,Rhea,LANDING_PROSPECTING,5,2028-07-15T00:00:00Z,2032-07-14T00:00:00Z,1460,11.189939,6.97094,125.214738,1985.865,REFINED_GROUPED_LAMBERT_GRID
2028,RHEA,Rhea,CARGO_DELIVERY,20,2028-07-15T00:00:00Z,2032-07-14T00:00:00Z,1460,11.189939,6.97094,125.214738,3549.139,REFINED_GROUPED_LAMBERT_GRID
2028,RHEA,Rhea,CREWED_TRANSPORT,100,2028-07-15T00:00:00Z,2032-07-14T00:00:00Z,1460,11.189939,6.97094,125.214738,16045.182,REFINED_GROUPED_LAMBERT_GRID
2029,RHEA,Rhea,FLYBY,1,2029-07-15T00:00:00Z,2031-07-15T00:00:00Z,730,14.264756,18.082014,203.483261,1032.049,REFINED_GROUPED_LAMBERT_GRID
2029,RHEA,Rhea,ORBITAL_RECON,2,2029-07-15T00:00:00Z,2033-07-14T00:00:00Z,1460,10.638613,6.952675,113.180085,1324.01,REFINED_GROUPED_LAMBERT_GRID
2029,RHEA,Rhea,RENDEZVOUS,2,2029-07-15T00:00:00Z,2033-07-14T00:00:00Z,1460,10.638613,6.952675,113.180085,1324.01,REFINED_GROUPED_LAMBERT_GRID
2029,RHEA,Rhea,LANDING_PROSPECTING,5,2029-07-15T00:00:00Z,2033-07-14T00:00:00Z,1460,10.638613,6.952675,113.180085,1978.287,REFINED_GROUPED_LAMBERT_GRID
2029,RHEA,Rhea,CARGO_DELIVERY,20,2029-07-15T00:00:00Z,2033-07-14T00:00:00Z,1460,10.638613,6.952675,113.180085,3540.133,REFINED_GROUPED_LAMBERT_GRID
2029,RHEA,Rhea,CREWED_TRANSPORT,100,2029-07-15T00:00:00Z,2033-07-14T00:00:00Z,1460,10.638613,6.952675,113.180085,16029.033,REFINED_GROUPED_LAMBERT_GRID
2030,RHEA,Rhea,FLYBY,1,2030-08-15T00:00:00Z,2032-08-14T00:00:00Z,730,13.947618,17.548328,194.536054,1026.681,REFINED_GROUPED_LAMBERT_GRID
2030,RHEA,Rhea,ORBITAL_RECON,2,2030-08-15T00:00:00Z,2034-08-14T00:00:00Z,1460,11.241886,6.85885,126.379996,1331.204,REFINED_GROUPED_LAMBERT_GRID
2030,RHEA,Rhea,RENDEZVOUS,2,2030-08-15T00:00:00Z,2034-08-14T00:00:00Z,1460,11.241886,6.85885,126.379996,1331.204,REFINED_GROUPED_LAMBERT_GRID
2030,RHEA,Rhea,LANDING_PROSPECTING,5,2030-08-15T00:00:00Z,2034-08-14T00:00:00Z,1460,11.241886,6.85885,126.379996,1984.391,REFINED_GROUPED_LAMBERT_GRID
2030,RHEA,Rhea,CARGO_DELIVERY,20,2030-08-15T00:00:00Z,2034-08-14T00:00:00Z,1460,11.241886,6.85885,126.379996,3538.974,REFINED_GROUPED_LAMBERT_GRID
2030,RHEA,Rhea,CREWED_TRANSPORT,100,2030-08-15T00:00:00Z,2034-08-14T00:00:00Z,1460,11.241886,6.85885,126.379996,15991.557,REFINED_GROUPED_LAMBERT_GRID
2031,RHEA,Rhea,FLYBY,1,2031-08-15T00:00:00Z,2033-08-14T00:00:00Z,730,14.011726,17.764301,196.328453,1027.756,REFINED_GROUPED_LAMBERT_GRID
2031,RHEA,Rhea,ORBITAL_RECON,2,2031-08-15T00:00:00Z,2035-08-14T00:00:00Z,1460,10.672954,6.898477,113.911949,1324.029,REFINED_GROUPED_LAMBERT_GRID
2031,RHEA,Rhea,RENDEZVOUS,2,2031-08-15T00:00:00Z,2035-08-14T00:00:00Z,1460,10.672954,6.898477,113.911949,1324.029,REFINED_GROUPED_LAMBERT_GRID
2031,RHEA,Rhea,LANDING_PROSPECTING,5,2031-08-15T00:00:00Z,2035-08-14T00:00:00Z,1460,10.672954,6.898477,113.911949,1977.674,REFINED_GROUPED_LAMBERT_GRID
2031,RHEA,Rhea,CARGO_DELIVERY,20,2031-08-15T00:00:00Z,2035-08-14T00:00:00Z,1460,10.672954,6.898477,113.911949,3535.309,REFINED_GROUPED_LAMBERT_GRID
2031,RHEA,Rhea,CREWED_TRANSPORT,100,2031-08-15T00:00:00Z,2035-08-14T00:00:00Z,1460,10.672954,6.898477,113.911949,16003.154,REFINED_GROUPED_LAMBERT_GRID
2032,RHEA,Rhea,FLYBY,1,2032-09-15T00:00:00Z,2034-09-15T00:00:00Z,730,14.079926,17.359122,198.244305,1028.906,REFINED_GROUPED_LAMBERT_GRID
2032,RHEA,Rhea,ORBITAL_RECON,2,2032-09-15T00:00:00Z,2036-09-14T00:00:00Z,1460,11.634799,6.834169,135.368537,1336.408,REFINED_GROUPED_LAMBERT_GRID
2032,RHEA,Rhea,RENDEZVOUS,2,2032-09-15T00:00:00Z,2036-09-14T00:00:00Z,1460,11.634799,6.834169,135.368537,1336.408,REFINED_GROUPED_LAMBERT_GRID
2032,RHEA,Rhea,LANDING_PROSPECTING,5,2032-09-15T00:00:00Z,2036-09-14T00:00:00Z,1460,11.634799,6.834169,135.368537,1989.312,REFINED_GROUPED_LAMBERT_GRID
2032,RHEA,Rhea,CARGO_DELIVERY,20,2032-09-15T00:00:00Z,2036-09-14T00:00:00Z,1460,11.634799,6.834169,135.368537,3542.005,REFINED_GROUPED_LAMBERT_GRID
2032,RHEA,Rhea,CREWED_TRANSPORT,100,2032-09-15T00:00:00Z,2036-09-14T00:00:00Z,1460,11.634799,6.834169,135.368537,15985.138,REFINED_GROUPED_LAMBERT_GRID
2033,RHEA,Rhea,FLYBY,1,2033-09-15T00:00:00Z,2035-09-15T00:00:00Z,730,13.958473,17.735541,194.838981,1026.862,REFINED_GROUPED_LAMBERT_GRID
2033,RHEA,Rhea,ORBITAL_RECON,2,2033-09-15T00:00:00Z,2037-09-14T00:00:00Z,1460,11.228749,6.934397,126.084814,1331.611,REFINED_GROUPED_LAMBERT_GRID
2033,RHEA,Rhea,RENDEZVOUS,2,2033-09-15T00:00:00Z,2037-09-14T00:00:00Z,1460,11.228749,6.934397,126.084814,1331.611,REFINED_GROUPED_LAMBERT_GRID
2033,RHEA,Rhea,LANDING_PROSPECTING,5,2033-09-15T00:00:00Z,2037-09-14T00:00:00Z,1460,11.228749,6.934397,126.084814,1985.674,REFINED_GROUPED_LAMBERT_GRID
2033,RHEA,Rhea,CARGO_DELIVERY,20,2033-09-15T00:00:00Z,2037-09-14T00:00:00Z,1460,11.228749,6.934397,126.084814,3546.095,REFINED_GROUPED_LAMBERT_GRID
2033,RHEA,Rhea,CREWED_TRANSPORT,100,2033-10-15T00:00:00Z,2037-10-14T00:00:00Z,1460,13.949778,6.833892,194.596316,16020.543,REFINED_GROUPED_LAMBERT_GRID
2034,RHEA,Rhea,FLYBY,1,2034-10-15T00:00:00Z,2036-10-14T00:00:00Z,730,14.273632,17.519575,203.736557,1032.201,REFINED_GROUPED_LAMBERT_GRID
2034,RHEA,Rhea,ORBITAL_RECON,2,2034-10-15T00:00:00Z,2038-10-14T00:00:00Z,1460,11.966928,6.895516,143.207356,1341.583,REFINED_GROUPED_LAMBERT_GRID
2034,RHEA,Rhea,RENDEZVOUS,2,2034-10-15T00:00:00Z,2038-10-14T00:00:00Z,1460,11.966928,6.895516,143.207356,1341.583,REFINED_GROUPED_LAMBERT_GRID
2034,RHEA,Rhea,LANDING_PROSPECTING,5,2034-10-15T00:00:00Z,2038-10-14T00:00:00Z,1460,11.966928,6.895516,143.207356,1995.194,REFINED_GROUPED_LAMBERT_GRID
2034,RHEA,Rhea,CARGO_DELIVERY,20,2034-10-15T00:00:00Z,2038-10-14T00:00:00Z,1460,11.966928,6.895516,143.207356,3552.6,REFINED_GROUPED_LAMBERT_GRID
2034,RHEA,Rhea,CREWED_TRANSPORT,100,2034-10-15T00:00:00Z,2038-10-14T00:00:00Z,1460,11.966928,6.895516,143.207356,16019.301,REFINED_GROUPED_LAMBERT_GRID
2035,RHEA,Rhea,FLYBY,1,2035-10-15T00:00:00Z,2037-10-14T00:00:00Z,730,14.161977,18.032618,200.561603,1030.296,REFINED_GROUPED_LAMBERT_GRID
2035,RHEA,Rhea,ORBITAL_RECON,2,2035-10-15T00:00:00Z,2039-10-14T00:00:00Z,1460,11.557067,7.038877,133.565804,1336.92,REFINED_GROUPED_LAMBERT_GRID
2035,RHEA,Rhea,RENDEZVOUS,2,2035-10-15T00:00:00Z,2039-10-14T00:00:00Z,1460,11.557067,7.038877,133.565804,1336.92,REFINED_GROUPED_LAMBERT_GRID
2035,RHEA,Rhea,LANDING_PROSPECTING,5,2035-10-15T00:00:00Z,2039-10-14T00:00:00Z,1460,11.557067,7.038877,133.565804,1992.215,REFINED_GROUPED_LAMBERT_GRID
2035,RHEA,Rhea,CARGO_DELIVERY,20,2035-10-15T00:00:00Z,2039-10-14T00:00:00Z,1460,11.557067,7.038877,133.565804,3560.844,REFINED_GROUPED_LAMBERT_GRID
2035,RHEA,Rhea,CREWED_TRANSPORT,100,2035-11-15T00:00:00Z,2039-11-14T00:00:00Z,1460,14.677087,6.929889,215.416896,16079.279,REFINED_GROUPED_LAMBERT_GRID
2026,RYUGU,162173 Ryugu,FLYBY,1,2026-12-15T00:00:00Z,2027-06-13T00:00:00Z,180,9.860583,13.547256,97.231103,523.123,REFINED_GROUPED_LAMBERT_GRID
2026,RYUGU,162173 Ryugu,ORBITAL_RECON,2,2026-01-15T00:00:00Z,2027-01-15T00:00:00Z,365,8.962026,5.276934,80.317908,767.392,REFINED_GROUPED_LAMBERT_GRID
2026,RYUGU,162173 Ryugu,RENDEZVOUS,2,2026-01-15T00:00:00Z,2027-01-15T00:00:00Z,365,8.962026,5.276934,80.317908,767.392,REFINED_GROUPED_LAMBERT_GRID
2026,RYUGU,162173 Ryugu,LANDING_PROSPECTING,5,2026-01-15T00:00:00Z,2027-01-15T00:00:00Z,365,8.962026,5.276934,80.317908,1351.225,REFINED_GROUPED_LAMBERT_GRID
2026,RYUGU,162173 Ryugu,CARGO_DELIVERY,20,2026-01-15T00:00:00Z,2027-01-15T00:00:00Z,365,8.962026,5.276934,80.317908,2443.445,REFINED_GROUPED_LAMBERT_GRID
2026,RYUGU,162173 Ryugu,CREWED_TRANSPORT,100,2026-01-15T00:00:00Z,2027-01-15T00:00:00Z,365,8.962026,5.276934,80.317908,11424.46,REFINED_GROUPED_LAMBERT_GRID
2027,RYUGU,162173 Ryugu,FLYBY,1,2027-12-15T00:00:00Z,2029-12-14T00:00:00Z,730,5.879967,3.516086,34.57401,530.703,REFINED_GROUPED_LAMBERT_GRID
2027,RYUGU,162173 Ryugu,ORBITAL_RECON,2,2027-12-15T00:00:00Z,2029-12-14T00:00:00Z,730,5.879967,3.516086,34.57401,728.08,REFINED_GROUPED_LAMBERT_GRID
2027,RYUGU,162173 Ryugu,RENDEZVOUS,2,2027-12-15T00:00:00Z,2029-12-14T00:00:00Z,730,5.879967,3.516086,34.57401,728.08,REFINED_GROUPED_LAMBERT_GRID
2027,RYUGU,162173 Ryugu,LANDING_PROSPECTING,5,2027-12-15T00:00:00Z,2029-12-14T00:00:00Z,730,5.879967,3.516086,34.57401,1249.146,REFINED_GROUPED_LAMBERT_GRID
2027,RYUGU,162173 Ryugu,CARGO_DELIVERY,20,2027-12-15T00:00:00Z,2029-12-14T00:00:00Z,730,5.879967,3.516086,34.57401,1922.916,REFINED_GROUPED_LAMBERT_GRID
2027,RYUGU,162173 Ryugu,CREWED_TRANSPORT,100,2027-12-15T00:00:00Z,2029-12-14T00:00:00Z,730,5.879967,3.516086,34.57401,8931.6,REFINED_GROUPED_LAMBERT_GRID
2028,RYUGU,162173 Ryugu,FLYBY,1,2028-12-15T00:00:00Z,2029-12-15T00:00:00Z,365,3.177048,2.157635,10.093636,486.036,REFINED_GROUPED_LAMBERT_GRID
2028,RYUGU,162173 Ryugu,ORBITAL_RECON,2,2028-12-15T00:00:00Z,2029-12-15T00:00:00Z,365,3.177048,2.157635,10.093636,660.645,REFINED_GROUPED_LAMBERT_GRID
2028,RYUGU,162173 Ryugu,RENDEZVOUS,2,2028-12-15T00:00:00Z,2029-12-15T00:00:00Z,365,3.177048,2.157635,10.093636,660.645,REFINED_GROUPED_LAMBERT_GRID
2028,RYUGU,162173 Ryugu,LANDING_PROSPECTING,5,2028-12-15T00:00:00Z,2029-12-15T00:00:00Z,365,3.177048,2.157635,10.093636,1147.558,REFINED_GROUPED_LAMBERT_GRID
2028,RYUGU,162173 Ryugu,CARGO_DELIVERY,20,2028-12-15T00:00:00Z,2029-12-15T00:00:00Z,365,3.177048,2.157635,10.093636,1593.648,REFINED_GROUPED_LAMBERT_GRID
2028,RYUGU,162173 Ryugu,CREWED_TRANSPORT,100,2028-11-15T00:00:00Z,2029-11-15T00:00:00Z,365,7.188605,2.124481,51.676047,7339.325,REFINED_GROUPED_LAMBERT_GRID
2029,RYUGU,162173 Ryugu,FLYBY,1,2029-12-15T00:00:00Z,2030-06-13T00:00:00Z,180,5.174236,6.532769,26.772715,480.848,REFINED_GROUPED_LAMBERT_GRID
2029,RYUGU,162173 Ryugu,ORBITAL_RECON,2,2029-12-15T00:00:00Z,2030-12-15T00:00:00Z,365,4.511281,1.591817,20.351659,659.166,REFINED_GROUPED_LAMBERT_GRID
2029,RYUGU,162173 Ryugu,RENDEZVOUS,2,2029-12-15T00:00:00Z,2030-12-15T00:00:00Z,365,4.511281,1.591817,20.351659,659.166,REFINED_GROUPED_LAMBERT_GRID
2029,RYUGU,162173 Ryugu,LANDING_PROSPECTING,5,2029-12-15T00:00:00Z,2030-12-15T00:00:00Z,365,4.511281,1.591817,20.351659,1134.629,REFINED_GROUPED_LAMBERT_GRID
2029,RYUGU,162173 Ryugu,CARGO_DELIVERY,20,2029-12-15T00:00:00Z,2030-12-15T00:00:00Z,365,4.511281,1.591817,20.351659,1504.381,REFINED_GROUPED_LAMBERT_GRID
2029,RYUGU,162173 Ryugu,CREWED_TRANSPORT,100,2029-12-15T00:00:00Z,2030-12-15T00:00:00Z,365,4.511281,1.591817,20.351659,6873.06,REFINED_GROUPED_LAMBERT_GRID
2030,RYUGU,162173 Ryugu,FLYBY,1,2030-01-15T00:00:00Z,2030-07-14T00:00:00Z,180,6.191058,6.073146,38.329197,487.782,REFINED_GROUPED_LAMBERT_GRID
2030,RYUGU,162173 Ryugu,ORBITAL_RECON,2,2030-01-15T00:00:00Z,2031-01-15T00:00:00Z,365,5.722234,2.745292,32.743967,683.248,REFINED_GROUPED_LAMBERT_GRID
2030,RYUGU,162173 Ryugu,RENDEZVOUS,2,2030-01-15T00:00:00Z,2031-01-15T00:00:00Z,365,5.722234,2.745292,32.743967,683.248,REFINED_GROUPED_LAMBERT_GRID
2030,RYUGU,162173 Ryugu,LANDING_PROSPECTING,5,2030-01-15T00:00:00Z,2031-01-15T00:00:00Z,365,5.722234,2.745292,32.743967,1183.681,REFINED_GROUPED_LAMBERT_GRID
2030,RYUGU,162173 Ryugu,CARGO_DELIVERY,20,2030-01-15T00:00:00Z,2031-01-15T00:00:00Z,365,5.722234,2.745292,32.743967,1719.901,REFINED_GROUPED_LAMBERT_GRID
2030,RYUGU,162173 Ryugu,CREWED_TRANSPORT,100,2030-01-15T00:00:00Z,2031-01-15T00:00:00Z,365,5.722234,2.745292,32.743967,7920.921,REFINED_GROUPED_LAMBERT_GRID
2031,RYUGU,162173 Ryugu,FLYBY,1,2031-12-15T00:00:00Z,2032-06-12T00:00:00Z,180,11.980531,12.278526,143.533133,550.904,REFINED_GROUPED_LAMBERT_GRID
2031,RYUGU,162173 Ryugu,ORBITAL_RECON,2,2031-02-15T00:00:00Z,2032-02-15T00:00:00Z,365,13.308268,10.284674,177.109991,1089.463,REFINED_GROUPED_LAMBERT_GRID
2031,RYUGU,162173 Ryugu,RENDEZVOUS,2,2031-02-15T00:00:00Z,2032-02-15T00:00:00Z,365,13.308268,10.284674,177.109991,1089.463,REFINED_GROUPED_LAMBERT_GRID
2031,RYUGU,162173 Ryugu,LANDING_PROSPECTING,5,2031-02-15T00:00:00Z,2032-02-15T00:00:00Z,365,13.308268,10.284674,177.109991,2069.289,REFINED_GROUPED_LAMBERT_GRID
2031,RYUGU,162173 Ryugu,CARGO_DELIVERY,20,2031-09-15T00:00:00Z,2032-03-13T00:00:00Z,180,19.379755,10.168364,375.574903,5779.933,REFINED_GROUPED_LAMBERT_GRID
2031,RYUGU,162173 Ryugu,CREWED_TRANSPORT,100,2031-09-15T00:00:00Z,2032-03-13T00:00:00Z,180,19.379755,10.168364,375.574903,27398.284,REFINED_GROUPED_LAMBERT_GRID
2032,RYUGU,162173 Ryugu,FLYBY,1,2032-03-15T00:00:00Z,2032-09-11T00:00:00Z,180,7.163071,9.816653,51.309587,495.57,REFINED_GROUPED_LAMBERT_GRID
2032,RYUGU,162173 Ryugu,ORBITAL_RECON,2,2032-05-15T00:00:00Z,2032-11-11T00:00:00Z,180,9.464474,6.345082,89.576263,792.371,REFINED_GROUPED_LAMBERT_GRID
2032,RYUGU,162173 Ryugu,RENDEZVOUS,2,2032-05-15T00:00:00Z,2032-11-11T00:00:00Z,180,9.464474,6.345082,89.576263,792.371,REFINED_GROUPED_LAMBERT_GRID
2032,RYUGU,162173 Ryugu,LANDING_PROSPECTING,5,2032-06-15T00:00:00Z,2032-12-12T00:00:00Z,180,11.254255,5.734107,126.658264,1398.38,REFINED_GROUPED_LAMBERT_GRID
2032,RYUGU,162173 Ryugu,CARGO_DELIVERY,20,2032-07-15T00:00:00Z,2033-01-11T00:00:00Z,180,12.774948,5.618939,163.199309,2605.526,REFINED_GROUPED_LAMBERT_GRID
2032,RYUGU,162173 Ryugu,CREWED_TRANSPORT,100,2032-07-15T00:00:00Z,2033-01-11T00:00:00Z,180,12.774948,5.618939,163.199309,12035.954,REFINED_GROUPED_LAMBERT_GRID
2033,RYUGU,162173 Ryugu,FLYBY,1,2033-11-15T00:00:00Z,2033-12-15T00:00:00Z,30,2.982276,5.358388,8.893969,457.8,REFINED_GROUPED_LAMBERT_GRID
2033,RYUGU,162173 Ryugu,ORBITAL_RECON,2,2033-12-15T00:00:00Z,2034-06-13T00:00:00Z,180,3.146961,1.318604,9.903365,634.345,REFINED_GROUPED_LAMBERT_GRID
2033,RYUGU,162173 Ryugu,RENDEZVOUS,2,2033-12-15T00:00:00Z,2034-06-13T00:00:00Z,180,3.146961,1.318604,9.903365,634.345,REFINED_GROUPED_LAMBERT_GRID
2033,RYUGU,162173 Ryugu,LANDING_PROSPECTING,5,2033-12-15T00:00:00Z,2034-12-15T00:00:00Z,365,4.237918,0.557926,17.959945,1103.955,REFINED_GROUPED_LAMBERT_GRID
2033,RYUGU,162173 Ryugu,CARGO_DELIVERY,20,2033-12-15T00:00:00Z,2034-12-15T00:00:00Z,365,4.237918,0.557926,17.959945,1356.754,REFINED_GROUPED_LAMBERT_GRID
2033,RYUGU,162173 Ryugu,CREWED_TRANSPORT,100,2033-12-15T00:00:00Z,2034-12-15T00:00:00Z,365,4.237918,0.557926,17.959945,6140.666,REFINED_GROUPED_LAMBERT_GRID
2034,RYUGU,162173 Ryugu,FLYBY,1,2034-01-15T00:00:00Z,2034-07-14T00:00:00Z,180,2.548291,2.730423,6.493788,468.681,REFINED_GROUPED_LAMBERT_GRID
2034,RYUGU,162173 Ryugu,ORBITAL_RECON,2,2034-01-15T00:00:00Z,2034-07-14T00:00:00Z,180,2.548291,2.730423,6.493788,652.06,REFINED_GROUPED_LAMBERT_GRID
2034,RYUGU,162173 Ryugu,RENDEZVOUS,2,2034-01-15T00:00:00Z,2034-07-14T00:00:00Z,180,2.548291,2.730423,6.493788,652.06,REFINED_GROUPED_LAMBERT_GRID
2034,RYUGU,162173 Ryugu,LANDING_PROSPECTING,5,2034-01-15T00:00:00Z,2035-01-15T00:00:00Z,365,3.964641,2.041166,15.718377,1146.806,REFINED_GROUPED_LAMBERT_GRID
2034,RYUGU,162173 Ryugu,CARGO_DELIVERY,20,2034-01-15T00:00:00Z,2035-01-15T00:00:00Z,365,3.964641,2.041166,15.718377,1576.389,REFINED_GROUPED_LAMBERT_GRID
2034,RYUGU,162173 Ryugu,CREWED_TRANSPORT,100,2034-01-15T00:00:00Z,2035-01-15T00:00:00Z,365,3.964641,2.041166,15.718377,7244.22,REFINED_GROUPED_LAMBERT_GRID
2035,RYUGU,162173 Ryugu,FLYBY,1,2035-12-15T00:00:00Z,2036-06-12T00:00:00Z,180,10.292186,11.643421,105.9291,528.342,REFINED_GROUPED_LAMBERT_GRID
2035,RYUGU,162173 Ryugu,ORBITAL_RECON,2,2035-03-15T00:00:00Z,2036-03-14T00:00:00Z,365,14.149634,9.088808,200.212145,1011.56,REFINED_GROUPED_LAMBERT_GRID
2035,RYUGU,162173 Ryugu,RENDEZVOUS,2,2035-03-15T00:00:00Z,2036-03-14T00:00:00Z,365,14.149634,9.088808,200.212145,1011.56,REFINED_GROUPED_LAMBERT_GRID
2035,RYUGU,162173 Ryugu,LANDING_PROSPECTING,5,2035-01-15T00:00:00Z,2039-01-14T00:00:00Z,1460,10.900825,8.502084,118.827987,1802.723,REFINED_GROUPED_LAMBERT_GRID
2035,RYUGU,162173 Ryugu,CARGO_DELIVERY,20,2035-01-15T00:00:00Z,2039-01-14T00:00:00Z,1460,10.900825,8.502084,118.827987,4248.755,REFINED_GROUPED_LAMBERT_GRID
2035,RYUGU,162173 Ryugu,CREWED_TRANSPORT,100,2035-01-15T00:00:00Z,2039-01-14T00:00:00Z,1460,10.900825,8.502084,118.827987,20358.588,REFINED_GROUPED_LAMBERT_GRID
2026,SALACIA,120347 Salacia,FLYBY,1,2026-07-15T00:00:00Z,2034-07-13T00:00:00Z,2920,28.439361,25.342533,808.797254,1175.114,EXISTING_SCREEN_SINGLE_CANDIDATE
2026,SALACIA,120347 Salacia,ORBITAL_RECON,2,2026-07-15T00:00:00Z,2034-07-13T00:00:00Z,2920,28.439361,25.342533,808.797254,12450.274,EXISTING_SCREEN_SINGLE_CANDIDATE
2026,SALACIA,120347 Salacia,RENDEZVOUS,2,2026-07-15T00:00:00Z,2034-07-13T00:00:00Z,2920,28.439361,25.342533,808.797254,12450.274,EXISTING_SCREEN_SINGLE_CANDIDATE
2026,SALACIA,120347 Salacia,LANDING_PROSPECTING,5,2026-07-15T00:00:00Z,2034-07-13T00:00:00Z,2920,28.439361,25.342533,808.797254,29588.013,EXISTING_SCREEN_SINGLE_CANDIDATE
2026,SALACIA,120347 Salacia,CARGO_DELIVERY,20,2026-07-15T00:00:00Z,2034-07-13T00:00:00Z,2920,28.439361,25.342533,808.797254,141039.608,EXISTING_SCREEN_SINGLE_CANDIDATE
2026,SALACIA,120347 Salacia,CREWED_TRANSPORT,100,2026-07-15T00:00:00Z,2034-07-13T00:00:00Z,2920,28.439361,25.342533,808.797254,702656.929,EXISTING_SCREEN_SINGLE_CANDIDATE
2027,SALACIA,120347 Salacia,FLYBY,1,2027-07-15T00:00:00Z,2035-07-13T00:00:00Z,2920,28.150851,25.397399,792.470412,1165.318,EXISTING_SCREEN_SINGLE_CANDIDATE
2027,SALACIA,120347 Salacia,ORBITAL_RECON,2,2027-07-15T00:00:00Z,2035-07-13T00:00:00Z,2920,28.150851,25.397399,792.470412,12577.441,EXISTING_SCREEN_SINGLE_CANDIDATE
2027,SALACIA,120347 Salacia,RENDEZVOUS,2,2027-07-15T00:00:00Z,2035-07-13T00:00:00Z,2920,28.150851,25.397399,792.470412,12577.441,EXISTING_SCREEN_SINGLE_CANDIDATE
2027,SALACIA,120347 Salacia,LANDING_PROSPECTING,5,2027-07-15T00:00:00Z,2035-07-13T00:00:00Z,2920,28.150851,25.397399,792.470412,29920.626,EXISTING_SCREEN_SINGLE_CANDIDATE
2027,SALACIA,120347 Salacia,CARGO_DELIVERY,20,2027-07-15T00:00:00Z,2035-07-13T00:00:00Z,2920,28.150851,25.397399,792.470412,142741.86,EXISTING_SCREEN_SINGLE_CANDIDATE
2027,SALACIA,120347 Salacia,CREWED_TRANSPORT,100,2027-07-15T00:00:00Z,2035-07-13T00:00:00Z,2920,28.150851,25.397399,792.470412,711207.373,EXISTING_SCREEN_SINGLE_CANDIDATE
2028,SALACIA,120347 Salacia,FLYBY,1,2028-07-15T00:00:00Z,2036-07-13T00:00:00Z,2920,28.019443,25.442841,785.089186,1160.889,EXISTING_SCREEN_SINGLE_CANDIDATE
2028,SALACIA,120347 Salacia,ORBITAL_RECON,2,2028-07-15T00:00:00Z,2036-07-13T00:00:00Z,2920,28.019443,25.442841,785.089186,12687.722,EXISTING_SCREEN_SINGLE_CANDIDATE
2028,SALACIA,120347 Salacia,RENDEZVOUS,2,2028-07-15T00:00:00Z,2036-07-13T00:00:00Z,2920,28.019443,25.442841,785.089186,12687.722,EXISTING_SCREEN_SINGLE_CANDIDATE
2028,SALACIA,120347 Salacia,LANDING_PROSPECTING,5,2028-07-15T00:00:00Z,2036-07-13T00:00:00Z,2920,28.019443,25.442841,785.089186,30202.972,EXISTING_SCREEN_SINGLE_CANDIDATE
2028,SALACIA,120347 Salacia,CARGO_DELIVERY,20,2028-07-15T00:00:00Z,2036-07-13T00:00:00Z,2920,28.019443,25.442841,785.089186,144171.301,EXISTING_SCREEN_SINGLE_CANDIDATE
2028,SALACIA,120347 Salacia,CREWED_TRANSPORT,100,2028-07-15T00:00:00Z,2036-07-13T00:00:00Z,2920,28.019443,25.442841,785.089186,718372.292,EXISTING_SCREEN_SINGLE_CANDIDATE
2029,SALACIA,120347 Salacia,FLYBY,1,2029-07-15T00:00:00Z,2037-07-13T00:00:00Z,2920,27.735533,25.490344,769.259791,1151.392,EXISTING_SCREEN_SINGLE_CANDIDATE
2029,SALACIA,120347 Salacia,ORBITAL_RECON,2,2029-07-15T00:00:00Z,2037-07-13T00:00:00Z,2920,27.735533,25.490344,769.259791,12799.382,EXISTING_SCREEN_SINGLE_CANDIDATE
2029,SALACIA,120347 Salacia,RENDEZVOUS,2,2029-07-15T00:00:00Z,2037-07-13T00:00:00Z,2920,27.735533,25.490344,769.259791,12799.382,EXISTING_SCREEN_SINGLE_CANDIDATE
2029,SALACIA,120347 Salacia,LANDING_PROSPECTING,5,2029-07-15T00:00:00Z,2037-07-13T00:00:00Z,2920,27.735533,25.490344,769.259791,30496.366,EXISTING_SCREEN_SINGLE_CANDIDATE
2029,SALACIA,120347 Salacia,CARGO_DELIVERY,20,2029-07-15T00:00:00Z,2037-07-13T00:00:00Z,2920,27.735533,25.490344,769.259791,145676.266,EXISTING_SCREEN_SINGLE_CANDIDATE
2029,SALACIA,120347 Salacia,CREWED_TRANSPORT,100,2029-07-15T00:00:00Z,2037-07-13T00:00:00Z,2920,27.735533,25.490344,769.259791,725935.106,EXISTING_SCREEN_SINGLE_CANDIDATE
2030,SALACIA,120347 Salacia,FLYBY,1,2030-07-15T00:00:00Z,2038-07-13T00:00:00Z,2920,27.462319,25.533636,754.178965,1142.343,EXISTING_SCREEN_SINGLE_CANDIDATE
2030,SALACIA,120347 Salacia,ORBITAL_RECON,2,2030-07-15T00:00:00Z,2038-07-13T00:00:00Z,2920,27.462319,25.533636,754.178965,12901.869,EXISTING_SCREEN_SINGLE_CANDIDATE
2030,SALACIA,120347 Salacia,RENDEZVOUS,2,2030-07-15T00:00:00Z,2038-07-13T00:00:00Z,2920,27.462319,25.533636,754.178965,12901.869,EXISTING_SCREEN_SINGLE_CANDIDATE
2030,SALACIA,120347 Salacia,LANDING_PROSPECTING,5,2030-07-15T00:00:00Z,2038-07-13T00:00:00Z,2920,27.462319,25.533636,754.178965,30766.159,EXISTING_SCREEN_SINGLE_CANDIDATE
2030,SALACIA,120347 Salacia,CARGO_DELIVERY,20,2030-07-15T00:00:00Z,2038-07-13T00:00:00Z,2920,27.462319,25.533636,754.178965,147061.42,EXISTING_SCREEN_SINGLE_CANDIDATE
2030,SALACIA,120347 Salacia,CREWED_TRANSPORT,100,2030-07-15T00:00:00Z,2038-07-13T00:00:00Z,2920,27.462319,25.533636,754.178965,732897.073,EXISTING_SCREEN_SINGLE_CANDIDATE
2031,SALACIA,120347 Salacia,FLYBY,1,2031-07-15T00:00:00Z,2039-07-13T00:00:00Z,2920,27.175027,25.573593,738.482092,1132.925,EXISTING_SCREEN_SINGLE_CANDIDATE
2031,SALACIA,120347 Salacia,ORBITAL_RECON,2,2031-07-15T00:00:00Z,2039-07-13T00:00:00Z,2920,27.175027,25.573593,738.482092,12996.352,EXISTING_SCREEN_SINGLE_CANDIDATE
2031,SALACIA,120347 Salacia,RENDEZVOUS,2,2031-07-15T00:00:00Z,2039-07-13T00:00:00Z,2920,27.175027,25.573593,738.482092,12996.352,EXISTING_SCREEN_SINGLE_CANDIDATE
2031,SALACIA,120347 Salacia,LANDING_PROSPECTING,5,2031-07-15T00:00:00Z,2039-07-13T00:00:00Z,2920,27.175027,25.573593,738.482092,31016.492,EXISTING_SCREEN_SINGLE_CANDIDATE
2031,SALACIA,120347 Salacia,CARGO_DELIVERY,20,2031-07-15T00:00:00Z,2039-07-13T00:00:00Z,2920,27.175027,25.573593,738.482092,148350.76,EXISTING_SCREEN_SINGLE_CANDIDATE
2031,SALACIA,120347 Salacia,CREWED_TRANSPORT,100,2031-07-15T00:00:00Z,2039-07-13T00:00:00Z,2920,27.175027,25.573593,738.482092,739381.444,EXISTING_SCREEN_SINGLE_CANDIDATE
2032,SALACIA,120347 Salacia,FLYBY,1,2032-07-15T00:00:00Z,2040-07-13T00:00:00Z,2920,27.081402,25.605433,733.402334,1129.877,EXISTING_SCREEN_SINGLE_CANDIDATE
2032,SALACIA,120347 Salacia,ORBITAL_RECON,2,2032-07-15T00:00:00Z,2040-07-13T00:00:00Z,2920,27.081402,25.605433,733.402334,13076.761,EXISTING_SCREEN_SINGLE_CANDIDATE
2032,SALACIA,120347 Salacia,RENDEZVOUS,2,2032-07-15T00:00:00Z,2040-07-13T00:00:00Z,2920,27.081402,25.605433,733.402334,13076.761,EXISTING_SCREEN_SINGLE_CANDIDATE
2032,SALACIA,120347 Salacia,LANDING_PROSPECTING,5,2032-07-15T00:00:00Z,2040-07-13T00:00:00Z,2920,27.081402,25.605433,733.402334,31222.086,EXISTING_SCREEN_SINGLE_CANDIDATE
2032,SALACIA,120347 Salacia,CARGO_DELIVERY,20,2032-07-15T00:00:00Z,2040-07-13T00:00:00Z,2920,27.081402,25.605433,733.402334,149390.924,EXISTING_SCREEN_SINGLE_CANDIDATE
2032,SALACIA,120347 Salacia,CREWED_TRANSPORT,100,2032-07-15T00:00:00Z,2040-07-13T00:00:00Z,2920,27.081402,25.605433,733.402334,744594.454,EXISTING_SCREEN_SINGLE_CANDIDATE
2033,SALACIA,120347 Salacia,FLYBY,1,2033-07-15T00:00:00Z,2041-07-13T00:00:00Z,2920,26.819948,25.642202,719.309611,1121.421,EXISTING_SCREEN_SINGLE_CANDIDATE
2033,SALACIA,120347 Salacia,ORBITAL_RECON,2,2033-07-15T00:00:00Z,2041-07-13T00:00:00Z,2920,26.819948,25.642202,719.309611,13165.419,EXISTING_SCREEN_SINGLE_CANDIDATE
2033,SALACIA,120347 Salacia,RENDEZVOUS,2,2033-07-15T00:00:00Z,2041-07-13T00:00:00Z,2920,26.819948,25.642202,719.309611,13165.419,EXISTING_SCREEN_SINGLE_CANDIDATE
2033,SALACIA,120347 Salacia,LANDING_PROSPECTING,5,2033-07-15T00:00:00Z,2041-07-13T00:00:00Z,2920,26.819948,25.642202,719.309611,31456.416,EXISTING_SCREEN_SINGLE_CANDIDATE
2033,SALACIA,120347 Salacia,CARGO_DELIVERY,20,2033-07-15T00:00:00Z,2041-07-13T00:00:00Z,2920,26.819948,25.642202,719.309611,150596.394,EXISTING_SCREEN_SINGLE_CANDIDATE
2033,SALACIA,120347 Salacia,CREWED_TRANSPORT,100,2033-07-15T00:00:00Z,2041-07-13T00:00:00Z,2920,26.819948,25.642202,719.309611,750655.628,EXISTING_SCREEN_SINGLE_CANDIDATE
2034,SALACIA,120347 Salacia,FLYBY,1,2034-07-15T00:00:00Z,2042-07-13T00:00:00Z,2920,26.564701,25.679,705.683339,1113.246,EXISTING_SCREEN_SINGLE_CANDIDATE
2034,SALACIA,120347 Salacia,ORBITAL_RECON,2,2034-07-15T00:00:00Z,2042-07-13T00:00:00Z,2920,26.564701,25.679,705.683339,13255.232,EXISTING_SCREEN_SINGLE_CANDIDATE
2034,SALACIA,120347 Salacia,RENDEZVOUS,2,2034-07-15T00:00:00Z,2042-07-13T00:00:00Z,2920,26.564701,25.679,705.683339,13255.232,EXISTING_SCREEN_SINGLE_CANDIDATE
2034,SALACIA,120347 Salacia,LANDING_PROSPECTING,5,2034-07-15T00:00:00Z,2042-07-13T00:00:00Z,2920,26.564701,25.679,705.683339,31693.211,EXISTING_SCREEN_SINGLE_CANDIDATE
2034,SALACIA,120347 Salacia,CARGO_DELIVERY,20,2034-07-15T00:00:00Z,2042-07-13T00:00:00Z,2920,26.564701,25.679,705.683339,151813.073,EXISTING_SCREEN_SINGLE_CANDIDATE
2034,SALACIA,120347 Salacia,CREWED_TRANSPORT,100,2034-07-15T00:00:00Z,2042-07-13T00:00:00Z,2920,26.564701,25.679,705.683339,756771.726,EXISTING_SCREEN_SINGLE_CANDIDATE
2035,SALACIA,120347 Salacia,FLYBY,1,2035-07-15T00:00:00Z,2043-07-13T00:00:00Z,2920,26.347238,25.716741,694.17695,1106.342,EXISTING_SCREEN_SINGLE_CANDIDATE
2035,SALACIA,120347 Salacia,ORBITAL_RECON,2,2035-07-15T00:00:00Z,2043-07-13T00:00:00Z,2920,26.347238,25.716741,694.17695,13349.663,EXISTING_SCREEN_SINGLE_CANDIDATE
2035,SALACIA,120347 Salacia,RENDEZVOUS,2,2035-07-15T00:00:00Z,2043-07-13T00:00:00Z,2920,26.347238,25.716741,694.17695,13349.663,EXISTING_SCREEN_SINGLE_CANDIDATE
2035,SALACIA,120347 Salacia,LANDING_PROSPECTING,5,2035-07-15T00:00:00Z,2043-07-13T00:00:00Z,2920,26.347238,25.716741,694.17695,31939.646,EXISTING_SCREEN_SINGLE_CANDIDATE
2035,SALACIA,120347 Salacia,CARGO_DELIVERY,20,2035-07-15T00:00:00Z,2043-07-13T00:00:00Z,2920,26.347238,25.716741,694.17695,153072.86,EXISTING_SCREEN_SINGLE_CANDIDATE
2035,SALACIA,120347 Salacia,CREWED_TRANSPORT,100,2035-07-15T00:00:00Z,2043-07-13T00:00:00Z,2920,26.347238,25.716741,694.17695,763098.277,EXISTING_SCREEN_SINGLE_CANDIDATE
2026,SEDNA,90377 Sedna,FLYBY,1,2026-07-15T00:00:00Z,2034-07-13T00:00:00Z,2920,38.919792,48.722905,1514.750209,1598.686,EXISTING_SCREEN_SINGLE_CANDIDATE
2026,SEDNA,90377 Sedna,ORBITAL_RECON,2,2026-07-15T00:00:00Z,2034-07-13T00:00:00Z,2920,38.919792,48.722905,1514.750209,2016833.465,EXISTING_SCREEN_SINGLE_CANDIDATE
2026,SEDNA,90377 Sedna,RENDEZVOUS,2,2026-07-15T00:00:00Z,2034-07-13T00:00:00Z,2920,38.919792,48.722905,1514.750209,2016833.465,EXISTING_SCREEN_SINGLE_CANDIDATE
2026,SEDNA,90377 Sedna,LANDING_PROSPECTING,5,2026-07-15T00:00:00Z,2034-07-13T00:00:00Z,2920,38.919792,48.722905,1514.750209,5039910.632,EXISTING_SCREEN_SINGLE_CANDIDATE
2026,SEDNA,90377 Sedna,CARGO_DELIVERY,20,2026-07-15T00:00:00Z,2034-07-13T00:00:00Z,2920,38.919792,48.722905,1514.750209,25190958.419,EXISTING_SCREEN_SINGLE_CANDIDATE
2026,SEDNA,90377 Sedna,CREWED_TRANSPORT,100,2026-07-15T00:00:00Z,2034-07-13T00:00:00Z,2920,38.919792,48.722905,1514.750209,125950556.695,EXISTING_SCREEN_SINGLE_CANDIDATE
2027,SEDNA,90377 Sedna,FLYBY,1,2027-07-15T00:00:00Z,2035-07-13T00:00:00Z,2920,39.041798,48.581046,1524.261991,1604.393,EXISTING_SCREEN_SINGLE_CANDIDATE
2027,SEDNA,90377 Sedna,ORBITAL_RECON,2,2027-07-15T00:00:00Z,2035-07-13T00:00:00Z,2920,39.041798,48.581046,1524.261991,1954304.783,EXISTING_SCREEN_SINGLE_CANDIDATE
2027,SEDNA,90377 Sedna,RENDEZVOUS,2,2027-07-15T00:00:00Z,2035-07-13T00:00:00Z,2920,39.041798,48.581046,1524.261991,1954304.783,EXISTING_SCREEN_SINGLE_CANDIDATE
2027,SEDNA,90377 Sedna,LANDING_PROSPECTING,5,2027-07-15T00:00:00Z,2035-07-13T00:00:00Z,2920,39.041798,48.581046,1524.261991,4883580.368,EXISTING_SCREEN_SINGLE_CANDIDATE
2027,SEDNA,90377 Sedna,CARGO_DELIVERY,20,2027-07-15T00:00:00Z,2035-07-13T00:00:00Z,2920,39.041798,48.581046,1524.261991,24409284.268,EXISTING_SCREEN_SINGLE_CANDIDATE
2027,SEDNA,90377 Sedna,CREWED_TRANSPORT,100,2027-07-15T00:00:00Z,2035-07-13T00:00:00Z,2920,39.041798,48.581046,1524.261991,122042163.11,EXISTING_SCREEN_SINGLE_CANDIDATE
2028,SEDNA,90377 Sedna,FLYBY,1,2028-07-15T00:00:00Z,2036-07-13T00:00:00Z,2920,38.914714,48.436666,1514.354966,1598.449,EXISTING_SCREEN_SINGLE_CANDIDATE
2028,SEDNA,90377 Sedna,ORBITAL_RECON,2,2028-07-15T00:00:00Z,2036-07-13T00:00:00Z,2920,38.914714,48.436666,1514.354966,1892645.408,EXISTING_SCREEN_SINGLE_CANDIDATE
2028,SEDNA,90377 Sedna,RENDEZVOUS,2,2028-07-15T00:00:00Z,2036-07-13T00:00:00Z,2920,38.914714,48.436666,1514.354966,1892645.408,EXISTING_SCREEN_SINGLE_CANDIDATE
2028,SEDNA,90377 Sedna,LANDING_PROSPECTING,5,2028-07-15T00:00:00Z,2036-07-13T00:00:00Z,2920,38.914714,48.436666,1514.354966,4729440.846,EXISTING_SCREEN_SINGLE_CANDIDATE
2028,SEDNA,90377 Sedna,CARGO_DELIVERY,20,2028-07-15T00:00:00Z,2036-07-13T00:00:00Z,2920,38.914714,48.436666,1514.354966,23638610.436,EXISTING_SCREEN_SINGLE_CANDIDATE
2028,SEDNA,90377 Sedna,CREWED_TRANSPORT,100,2028-07-15T00:00:00Z,2036-07-13T00:00:00Z,2920,38.914714,48.436666,1514.354966,118188817.726,EXISTING_SCREEN_SINGLE_CANDIDATE
2029,SEDNA,90377 Sedna,FLYBY,1,2029-07-15T00:00:00Z,2037-07-13T00:00:00Z,2920,39.016127,48.299197,1522.258166,1603.191,EXISTING_SCREEN_SINGLE_CANDIDATE
2029,SEDNA,90377 Sedna,ORBITAL_RECON,2,2029-07-15T00:00:00Z,2037-07-13T00:00:00Z,2920,39.016127,48.299197,1522.258166,1835757.961,EXISTING_SCREEN_SINGLE_CANDIDATE
2029,SEDNA,90377 Sedna,RENDEZVOUS,2,2029-07-15T00:00:00Z,2037-07-13T00:00:00Z,2920,39.016127,48.299197,1522.258166,1835757.961,EXISTING_SCREEN_SINGLE_CANDIDATE
2029,SEDNA,90377 Sedna,LANDING_PROSPECTING,5,2029-07-15T00:00:00Z,2037-07-13T00:00:00Z,2920,39.016127,48.299197,1522.258166,4587215.117,EXISTING_SCREEN_SINGLE_CANDIDATE
2029,SEDNA,90377 Sedna,CARGO_DELIVERY,20,2029-07-15T00:00:00Z,2037-07-13T00:00:00Z,2920,39.016127,48.299197,1522.258166,22927462.824,EXISTING_SCREEN_SINGLE_CANDIDATE
2029,SEDNA,90377 Sedna,CREWED_TRANSPORT,100,2029-07-15T00:00:00Z,2037-07-13T00:00:00Z,2920,39.016127,48.299197,1522.258166,114633060.702,EXISTING_SCREEN_SINGLE_CANDIDATE
2030,SEDNA,90377 Sedna,FLYBY,1,2030-07-15T00:00:00Z,2038-07-13T00:00:00Z,2920,39.160264,48.161025,1533.526277,1609.951,EXISTING_SCREEN_SINGLE_CANDIDATE
2030,SEDNA,90377 Sedna,ORBITAL_RECON,2,2030-07-15T00:00:00Z,2038-07-13T00:00:00Z,2920,39.160264,48.161025,1533.526277,1780306.36,EXISTING_SCREEN_SINGLE_CANDIDATE
2030,SEDNA,90377 Sedna,RENDEZVOUS,2,2030-07-15T00:00:00Z,2038-07-13T00:00:00Z,2920,39.160264,48.161025,1533.526277,1780306.36,EXISTING_SCREEN_SINGLE_CANDIDATE
2030,SEDNA,90377 Sedna,LANDING_PROSPECTING,5,2030-07-15T00:00:00Z,2038-07-13T00:00:00Z,2920,39.160264,48.161025,1533.526277,4448575.972,EXISTING_SCREEN_SINGLE_CANDIDATE
2030,SEDNA,90377 Sedna,CARGO_DELIVERY,20,2030-07-15T00:00:00Z,2038-07-13T00:00:00Z,2920,39.160264,48.161025,1533.526277,22234240.055,EXISTING_SCREEN_SINGLE_CANDIDATE
2030,SEDNA,90377 Sedna,CREWED_TRANSPORT,100,2030-07-15T00:00:00Z,2038-07-13T00:00:00Z,2920,39.160264,48.161025,1533.526277,111166919.812,EXISTING_SCREEN_SINGLE_CANDIDATE
2031,SEDNA,90377 Sedna,FLYBY,1,2031-07-15T00:00:00Z,2039-07-13T00:00:00Z,2920,39.285309,48.022247,1543.335503,1615.837,EXISTING_SCREEN_SINGLE_CANDIDATE
2031,SEDNA,90377 Sedna,ORBITAL_RECON,2,2031-07-15T00:00:00Z,2039-07-13T00:00:00Z,2920,39.285309,48.022247,1543.335503,1726298.59,EXISTING_SCREEN_SINGLE_CANDIDATE
2031,SEDNA,90377 Sedna,RENDEZVOUS,2,2031-07-15T00:00:00Z,2039-07-13T00:00:00Z,2920,39.285309,48.022247,1543.335503,1726298.59,EXISTING_SCREEN_SINGLE_CANDIDATE
2031,SEDNA,90377 Sedna,LANDING_PROSPECTING,5,2031-07-15T00:00:00Z,2039-07-13T00:00:00Z,2920,39.285309,48.022247,1543.335503,4313547.72,EXISTING_SCREEN_SINGLE_CANDIDATE
2031,SEDNA,90377 Sedna,CARGO_DELIVERY,20,2031-07-15T00:00:00Z,2039-07-13T00:00:00Z,2920,39.285309,48.022247,1543.335503,21559075.254,EXISTING_SCREEN_SINGLE_CANDIDATE
2031,SEDNA,90377 Sedna,CREWED_TRANSPORT,100,2031-07-15T00:00:00Z,2039-07-13T00:00:00Z,2920,39.285309,48.022247,1543.335503,107791072.265,EXISTING_SCREEN_SINGLE_CANDIDATE
2032,SEDNA,90377 Sedna,FLYBY,1,2032-07-15T00:00:00Z,2040-07-13T00:00:00Z,2920,39.150836,47.877916,1532.787959,1609.509,EXISTING_SCREEN_SINGLE_CANDIDATE
2032,SEDNA,90377 Sedna,ORBITAL_RECON,2,2032-07-15T00:00:00Z,2040-07-13T00:00:00Z,2920,39.150836,47.877916,1532.787959,1671856.719,EXISTING_SCREEN_SINGLE_CANDIDATE
2032,SEDNA,90377 Sedna,RENDEZVOUS,2,2032-07-15T00:00:00Z,2040-07-13T00:00:00Z,2920,39.150836,47.877916,1532.787959,1671856.719,EXISTING_SCREEN_SINGLE_CANDIDATE
2032,SEDNA,90377 Sedna,LANDING_PROSPECTING,5,2032-07-15T00:00:00Z,2040-07-13T00:00:00Z,2920,39.150836,47.877916,1532.787959,4177452.535,EXISTING_SCREEN_SINGLE_CANDIDATE
2032,SEDNA,90377 Sedna,CARGO_DELIVERY,20,2032-07-15T00:00:00Z,2040-07-13T00:00:00Z,2920,39.150836,47.877916,1532.787959,20878624.64,EXISTING_SCREEN_SINGLE_CANDIDATE
2032,SEDNA,90377 Sedna,CREWED_TRANSPORT,100,2032-07-15T00:00:00Z,2040-07-13T00:00:00Z,2920,39.150836,47.877916,1532.787959,104388844.509,EXISTING_SCREEN_SINGLE_CANDIDATE
2033,SEDNA,90377 Sedna,FLYBY,1,2033-07-15T00:00:00Z,2041-07-13T00:00:00Z,2920,39.311764,47.739302,1545.414789,1617.085,EXISTING_SCREEN_SINGLE_CANDIDATE
2033,SEDNA,90377 Sedna,ORBITAL_RECON,2,2033-07-15T00:00:00Z,2041-07-13T00:00:00Z,2920,39.311764,47.739302,1545.414789,1621203.139,EXISTING_SCREEN_SINGLE_CANDIDATE
2033,SEDNA,90377 Sedna,RENDEZVOUS,2,2033-07-15T00:00:00Z,2041-07-13T00:00:00Z,2920,39.311764,47.739302,1545.414789,1621203.139,EXISTING_SCREEN_SINGLE_CANDIDATE
2033,SEDNA,90377 Sedna,LANDING_PROSPECTING,5,2033-07-15T00:00:00Z,2041-07-13T00:00:00Z,2920,39.311764,47.739302,1545.414789,4050807.221,EXISTING_SCREEN_SINGLE_CANDIDATE
2033,SEDNA,90377 Sedna,CARGO_DELIVERY,20,2033-07-15T00:00:00Z,2041-07-13T00:00:00Z,2920,39.311764,47.739302,1545.414789,20245367.769,EXISTING_SCREEN_SINGLE_CANDIDATE
2033,SEDNA,90377 Sedna,CREWED_TRANSPORT,100,2033-07-15T00:00:00Z,2041-07-13T00:00:00Z,2920,39.311764,47.739302,1545.414789,101222529.848,EXISTING_SCREEN_SINGLE_CANDIDATE
2034,SEDNA,90377 Sedna,FLYBY,1,2034-07-15T00:00:00Z,2042-07-13T00:00:00Z,2920,39.442291,47.602624,1555.694319,1623.252,EXISTING_SCREEN_SINGLE_CANDIDATE
2034,SEDNA,90377 Sedna,ORBITAL_RECON,2,2034-07-15T00:00:00Z,2042-07-13T00:00:00Z,2920,39.442291,47.602624,1555.694319,1572760.628,EXISTING_SCREEN_SINGLE_CANDIDATE
2034,SEDNA,90377 Sedna,RENDEZVOUS,2,2034-07-15T00:00:00Z,2042-07-13T00:00:00Z,2920,39.442291,47.602624,1555.694319,1572760.628,EXISTING_SCREEN_SINGLE_CANDIDATE
2034,SEDNA,90377 Sedna,LANDING_PROSPECTING,5,2034-07-15T00:00:00Z,2042-07-13T00:00:00Z,2920,39.442291,47.602624,1555.694319,3929691.693,EXISTING_SCREEN_SINGLE_CANDIDATE
2034,SEDNA,90377 Sedna,CARGO_DELIVERY,20,2034-07-15T00:00:00Z,2042-07-13T00:00:00Z,2920,39.442291,47.602624,1555.694319,19639765.454,EXISTING_SCREEN_SINGLE_CANDIDATE
2034,SEDNA,90377 Sedna,CREWED_TRANSPORT,100,2034-07-15T00:00:00Z,2042-07-13T00:00:00Z,2920,39.442291,47.602624,1555.694319,98194493.602,EXISTING_SCREEN_SINGLE_CANDIDATE
2035,SEDNA,90377 Sedna,FLYBY,1,2035-07-15T00:00:00Z,2043-07-13T00:00:00Z,2920,39.603399,47.468663,1568.429212,1630.893,EXISTING_SCREEN_SINGLE_CANDIDATE
2035,SEDNA,90377 Sedna,ORBITAL_RECON,2,2035-07-15T00:00:00Z,2043-07-13T00:00:00Z,2920,39.603399,47.468663,1568.429212,1526689.447,EXISTING_SCREEN_SINGLE_CANDIDATE
2035,SEDNA,90377 Sedna,RENDEZVOUS,2,2035-07-15T00:00:00Z,2043-07-13T00:00:00Z,2920,39.603399,47.468663,1568.429212,1526689.447,EXISTING_SCREEN_SINGLE_CANDIDATE
2035,SEDNA,90377 Sedna,LANDING_PROSPECTING,5,2035-07-15T00:00:00Z,2043-07-13T00:00:00Z,2920,39.603399,47.468663,1568.429212,3814502.276,EXISTING_SCREEN_SINGLE_CANDIDATE
2035,SEDNA,90377 Sedna,CARGO_DELIVERY,20,2035-07-15T00:00:00Z,2043-07-13T00:00:00Z,2920,39.603399,47.468663,1568.429212,19063787.809,EXISTING_SCREEN_SINGLE_CANDIDATE
2035,SEDNA,90377 Sedna,CREWED_TRANSPORT,100,2035-07-15T00:00:00Z,2043-07-13T00:00:00Z,2920,39.603399,47.468663,1568.429212,95314574.815,EXISTING_SCREEN_SINGLE_CANDIDATE
2026,SELAM,Selam,FLYBY,1,,,,,,,,NO_TRAJECTORY
2026,SELAM,Selam,ORBITAL_RECON,2,,,,,,,,NO_TRAJECTORY
2026,SELAM,Selam,RENDEZVOUS,2,,,,,,,,NO_TRAJECTORY
2026,SELAM,Selam,LANDING_PROSPECTING,5,,,,,,,,NO_TRAJECTORY
2026,SELAM,Selam,CARGO_DELIVERY,20,,,,,,,,NO_TRAJECTORY
2026,SELAM,Selam,CREWED_TRANSPORT,100,,,,,,,,NO_TRAJECTORY
2027,SELAM,Selam,FLYBY,1,,,,,,,,NO_TRAJECTORY
2027,SELAM,Selam,ORBITAL_RECON,2,,,,,,,,NO_TRAJECTORY
2027,SELAM,Selam,RENDEZVOUS,2,,,,,,,,NO_TRAJECTORY
2027,SELAM,Selam,LANDING_PROSPECTING,5,,,,,,,,NO_TRAJECTORY
2027,SELAM,Selam,CARGO_DELIVERY,20,,,,,,,,NO_TRAJECTORY
2027,SELAM,Selam,CREWED_TRANSPORT,100,,,,,,,,NO_TRAJECTORY
2028,SELAM,Selam,FLYBY,1,,,,,,,,NO_TRAJECTORY
2028,SELAM,Selam,ORBITAL_RECON,2,,,,,,,,NO_TRAJECTORY
2028,SELAM,Selam,RENDEZVOUS,2,,,,,,,,NO_TRAJECTORY
2028,SELAM,Selam,LANDING_PROSPECTING,5,,,,,,,,NO_TRAJECTORY
2028,SELAM,Selam,CARGO_DELIVERY,20,,,,,,,,NO_TRAJECTORY
2028,SELAM,Selam,CREWED_TRANSPORT,100,,,,,,,,NO_TRAJECTORY
2029,SELAM,Selam,FLYBY,1,,,,,,,,NO_TRAJECTORY
2029,SELAM,Selam,ORBITAL_RECON,2,,,,,,,,NO_TRAJECTORY
2029,SELAM,Selam,RENDEZVOUS,2,,,,,,,,NO_TRAJECTORY
2029,SELAM,Selam,LANDING_PROSPECTING,5,,,,,,,,NO_TRAJECTORY
2029,SELAM,Selam,CARGO_DELIVERY,20,,,,,,,,NO_TRAJECTORY
2029,SELAM,Selam,CREWED_TRANSPORT,100,,,,,,,,NO_TRAJECTORY
2030,SELAM,Selam,FLYBY,1,,,,,,,,NO_TRAJECTORY
2030,SELAM,Selam,ORBITAL_RECON,2,,,,,,,,NO_TRAJECTORY
2030,SELAM,Selam,RENDEZVOUS,2,,,,,,,,NO_TRAJECTORY
2030,SELAM,Selam,LANDING_PROSPECTING,5,,,,,,,,NO_TRAJECTORY
2030,SELAM,Selam,CARGO_DELIVERY,20,,,,,,,,NO_TRAJECTORY
2030,SELAM,Selam,CREWED_TRANSPORT,100,,,,,,,,NO_TRAJECTORY
2031,SELAM,Selam,FLYBY,1,,,,,,,,NO_TRAJECTORY
2031,SELAM,Selam,ORBITAL_RECON,2,,,,,,,,NO_TRAJECTORY
2031,SELAM,Selam,RENDEZVOUS,2,,,,,,,,NO_TRAJECTORY
2031,SELAM,Selam,LANDING_PROSPECTING,5,,,,,,,,NO_TRAJECTORY
2031,SELAM,Selam,CARGO_DELIVERY,20,,,,,,,,NO_TRAJECTORY
2031,SELAM,Selam,CREWED_TRANSPORT,100,,,,,,,,NO_TRAJECTORY
2032,SELAM,Selam,FLYBY,1,,,,,,,,NO_TRAJECTORY
2032,SELAM,Selam,ORBITAL_RECON,2,,,,,,,,NO_TRAJECTORY
2032,SELAM,Selam,RENDEZVOUS,2,,,,,,,,NO_TRAJECTORY
2032,SELAM,Selam,LANDING_PROSPECTING,5,,,,,,,,NO_TRAJECTORY
2032,SELAM,Selam,CARGO_DELIVERY,20,,,,,,,,NO_TRAJECTORY
2032,SELAM,Selam,CREWED_TRANSPORT,100,,,,,,,,NO_TRAJECTORY
2033,SELAM,Selam,FLYBY,1,,,,,,,,NO_TRAJECTORY
2033,SELAM,Selam,ORBITAL_RECON,2,,,,,,,,NO_TRAJECTORY
2033,SELAM,Selam,RENDEZVOUS,2,,,,,,,,NO_TRAJECTORY
2033,SELAM,Selam,LANDING_PROSPECTING,5,,,,,,,,NO_TRAJECTORY
2033,SELAM,Selam,CARGO_DELIVERY,20,,,,,,,,NO_TRAJECTORY
2033,SELAM,Selam,CREWED_TRANSPORT,100,,,,,,,,NO_TRAJECTORY
2034,SELAM,Selam,FLYBY,1,,,,,,,,NO_TRAJECTORY
2034,SELAM,Selam,ORBITAL_RECON,2,,,,,,,,NO_TRAJECTORY
2034,SELAM,Selam,RENDEZVOUS,2,,,,,,,,NO_TRAJECTORY
2034,SELAM,Selam,LANDING_PROSPECTING,5,,,,,,,,NO_TRAJECTORY
2034,SELAM,Selam,CARGO_DELIVERY,20,,,,,,,,NO_TRAJECTORY
2034,SELAM,Selam,CREWED_TRANSPORT,100,,,,,,,,NO_TRAJECTORY
2035,SELAM,Selam,FLYBY,1,,,,,,,,NO_TRAJECTORY
2035,SELAM,Selam,ORBITAL_RECON,2,,,,,,,,NO_TRAJECTORY
2035,SELAM,Selam,RENDEZVOUS,2,,,,,,,,NO_TRAJECTORY
2035,SELAM,Selam,LANDING_PROSPECTING,5,,,,,,,,NO_TRAJECTORY
2035,SELAM,Selam,CARGO_DELIVERY,20,,,,,,,,NO_TRAJECTORY
2035,SELAM,Selam,CREWED_TRANSPORT,100,,,,,,,,NO_TRAJECTORY
2026,STEINS,2867 Šteins,FLYBY,1,2026-01-15T00:00:00Z,2027-01-15T00:00:00Z,365,11.592912,9.424258,134.395609,560.617,EXISTING_SCREEN_SINGLE_CANDIDATE
2026,STEINS,2867 Šteins,ORBITAL_RECON,2,2026-01-15T00:00:00Z,2027-01-15T00:00:00Z,365,11.592912,9.424258,134.395609,995.4,EXISTING_SCREEN_SINGLE_CANDIDATE
2026,STEINS,2867 Šteins,RENDEZVOUS,2,2026-01-15T00:00:00Z,2027-01-15T00:00:00Z,365,11.592912,9.424258,134.395609,995.4,EXISTING_SCREEN_SINGLE_CANDIDATE
2026,STEINS,2867 Šteins,LANDING_PROSPECTING,5,2026-01-15T00:00:00Z,2027-01-15T00:00:00Z,365,11.592912,9.424258,134.395609,1872.576,EXISTING_SCREEN_SINGLE_CANDIDATE
2026,STEINS,2867 Šteins,CARGO_DELIVERY,20,2026-01-15T00:00:00Z,2027-01-15T00:00:00Z,365,11.592912,9.424258,134.395609,4920.411,EXISTING_SCREEN_SINGLE_CANDIDATE
2026,STEINS,2867 Šteins,CREWED_TRANSPORT,100,2026-01-15T00:00:00Z,2027-01-15T00:00:00Z,365,11.592912,9.424258,134.395609,23679.508,EXISTING_SCREEN_SINGLE_CANDIDATE
2027,STEINS,2867 Šteins,FLYBY,1,2027-07-15T00:00:00Z,2028-07-14T00:00:00Z,365,8.663316,5.826347,75.053044,525.011,EXISTING_SCREEN_SINGLE_CANDIDATE
2027,STEINS,2867 Šteins,ORBITAL_RECON,2,2027-07-15T00:00:00Z,2028-07-14T00:00:00Z,365,8.663316,5.826347,75.053044,781.014,EXISTING_SCREEN_SINGLE_CANDIDATE
2027,STEINS,2867 Šteins,RENDEZVOUS,2,2027-07-15T00:00:00Z,2028-07-14T00:00:00Z,365,8.663316,5.826347,75.053044,781.014,EXISTING_SCREEN_SINGLE_CANDIDATE
2027,STEINS,2867 Šteins,LANDING_PROSPECTING,5,2027-07-15T00:00:00Z,2028-07-14T00:00:00Z,365,8.663316,5.826347,75.053044,1390.017,EXISTING_SCREEN_SINGLE_CANDIDATE
2027,STEINS,2867 Šteins,CARGO_DELIVERY,20,2027-07-15T00:00:00Z,2028-07-14T00:00:00Z,365,8.663316,5.826347,75.053044,2650.042,EXISTING_SCREEN_SINGLE_CANDIDATE
2027,STEINS,2867 Šteins,CREWED_TRANSPORT,100,2027-07-15T00:00:00Z,2028-07-14T00:00:00Z,365,8.663316,5.826347,75.053044,12470.081,EXISTING_SCREEN_SINGLE_CANDIDATE
2028,STEINS,2867 Šteins,FLYBY,1,2028-07-15T00:00:00Z,2029-07-15T00:00:00Z,365,15.456212,8.109532,238.894489,623.316,EXISTING_SCREEN_SINGLE_CANDIDATE
2028,STEINS,2867 Šteins,ORBITAL_RECON,2,2028-07-15T00:00:00Z,2029-07-15T00:00:00Z,365,15.456212,8.109532,238.894489,975.815,EXISTING_SCREEN_SINGLE_CANDIDATE
2028,STEINS,2867 Šteins,RENDEZVOUS,2,2028-07-15T00:00:00Z,2029-07-15T00:00:00Z,365,15.456212,8.109532,238.894489,975.815,EXISTING_SCREEN_SINGLE_CANDIDATE
2028,STEINS,2867 Šteins,LANDING_PROSPECTING,5,2028-07-15T00:00:00Z,2029-07-15T00:00:00Z,365,15.456212,8.109532,238.894489,1729.564,EXISTING_SCREEN_SINGLE_CANDIDATE
2028,STEINS,2867 Šteins,CARGO_DELIVERY,20,2028-07-15T00:00:00Z,2029-07-15T00:00:00Z,365,15.456212,8.109532,238.894489,3954.554,EXISTING_SCREEN_SINGLE_CANDIDATE
2028,STEINS,2867 Šteins,CREWED_TRANSPORT,100,2028-07-15T00:00:00Z,2029-07-15T00:00:00Z,365,15.456212,8.109532,238.894489,18599.423,EXISTING_SCREEN_SINGLE_CANDIDATE
2029,STEINS,2867 Šteins,FLYBY,1,2029-07-15T00:00:00Z,2033-07-14T00:00:00Z,1460,10.392511,10.70351,108.004285,634.72,EXISTING_SCREEN_SINGLE_CANDIDATE
2029,STEINS,2867 Šteins,ORBITAL_RECON,2,2029-07-15T00:00:00Z,2033-07-14T00:00:00Z,1460,10.392511,10.70351,108.004285,1176.294,EXISTING_SCREEN_SINGLE_CANDIDATE
2029,STEINS,2867 Šteins,RENDEZVOUS,2,2029-07-15T00:00:00Z,2033-07-14T00:00:00Z,1460,10.392511,10.70351,108.004285,1176.294,EXISTING_SCREEN_SINGLE_CANDIDATE
2029,STEINS,2867 Šteins,LANDING_PROSPECTING,5,2029-07-15T00:00:00Z,2033-07-14T00:00:00Z,1460,10.392511,10.70351,108.004285,2213.654,EXISTING_SCREEN_SINGLE_CANDIDATE
2029,STEINS,2867 Šteins,CARGO_DELIVERY,20,2029-07-15T00:00:00Z,2033-07-14T00:00:00Z,1460,10.392511,10.70351,108.004285,6329.386,EXISTING_SCREEN_SINGLE_CANDIDATE
2029,STEINS,2867 Šteins,CREWED_TRANSPORT,100,2029-07-15T00:00:00Z,2033-07-14T00:00:00Z,1460,10.392511,10.70351,108.004285,30787.719,EXISTING_SCREEN_SINGLE_CANDIDATE
2030,STEINS,2867 Šteins,FLYBY,1,2030-01-15T00:00:00Z,2031-01-15T00:00:00Z,365,13.036715,8.235009,169.955938,581.953,EXISTING_SCREEN_SINGLE_CANDIDATE
2030,STEINS,2867 Šteins,ORBITAL_RECON,2,2030-01-15T00:00:00Z,2031-01-15T00:00:00Z,365,13.036715,8.235009,169.955938,941.309,EXISTING_SCREEN_SINGLE_CANDIDATE
2030,STEINS,2867 Šteins,RENDEZVOUS,2,2030-01-15T00:00:00Z,2031-01-15T00:00:00Z,365,13.036715,8.235009,169.955938,941.309,EXISTING_SCREEN_SINGLE_CANDIDATE
2030,STEINS,2867 Šteins,LANDING_PROSPECTING,5,2030-01-15T00:00:00Z,2031-01-15T00:00:00Z,365,13.036715,8.235009,169.955938,1705.343,EXISTING_SCREEN_SINGLE_CANDIDATE
2030,STEINS,2867 Šteins,CARGO_DELIVERY,20,2030-01-15T00:00:00Z,2031-01-15T00:00:00Z,365,13.036715,8.235009,169.955938,3998.903,EXISTING_SCREEN_SINGLE_CANDIDATE
2030,STEINS,2867 Šteins,CREWED_TRANSPORT,100,2030-01-15T00:00:00Z,2031-01-15T00:00:00Z,365,13.036715,8.235009,169.955938,18986.619,EXISTING_SCREEN_SINGLE_CANDIDATE
2031,STEINS,2867 Šteins,FLYBY,1,2031-07-15T00:00:00Z,2033-07-14T00:00:00Z,730,11.430597,6.58715,130.658548,588.354,EXISTING_SCREEN_SINGLE_CANDIDATE
2031,STEINS,2867 Šteins,ORBITAL_RECON,2,2031-07-15T00:00:00Z,2033-07-14T00:00:00Z,730,11.430597,6.58715,130.658548,871.25,EXISTING_SCREEN_SINGLE_CANDIDATE
2031,STEINS,2867 Šteins,RENDEZVOUS,2,2031-07-15T00:00:00Z,2033-07-14T00:00:00Z,730,11.430597,6.58715,130.658548,871.25,EXISTING_SCREEN_SINGLE_CANDIDATE
2031,STEINS,2867 Šteins,LANDING_PROSPECTING,5,2031-07-15T00:00:00Z,2033-07-14T00:00:00Z,730,11.430597,6.58715,130.658548,1520.594,EXISTING_SCREEN_SINGLE_CANDIDATE
2031,STEINS,2867 Šteins,CARGO_DELIVERY,20,2031-07-15T00:00:00Z,2033-07-14T00:00:00Z,730,11.430597,6.58715,130.658548,3049.555,EXISTING_SCREEN_SINGLE_CANDIDATE
2031,STEINS,2867 Šteins,CREWED_TRANSPORT,100,2031-07-15T00:00:00Z,2033-07-14T00:00:00Z,730,11.430597,6.58715,130.658548,14334.193,EXISTING_SCREEN_SINGLE_CANDIDATE
2032,STEINS,2867 Šteins,FLYBY,1,2032-07-15T00:00:00Z,2033-07-15T00:00:00Z,365,17.147014,8.137706,294.020089,656.392,EXISTING_SCREEN_SINGLE_CANDIDATE
2032,STEINS,2867 Šteins,ORBITAL_RECON,2,2032-07-15T00:00:00Z,2033-07-15T00:00:00Z,365,17.147014,8.137706,294.020089,1010.414,EXISTING_SCREEN_SINGLE_CANDIDATE
2032,STEINS,2867 Šteins,RENDEZVOUS,2,2032-07-15T00:00:00Z,2033-07-15T00:00:00Z,365,17.147014,8.137706,294.020089,1010.414,EXISTING_SCREEN_SINGLE_CANDIDATE
2032,STEINS,2867 Šteins,LANDING_PROSPECTING,5,2032-07-15T00:00:00Z,2033-07-15T00:00:00Z,365,17.147014,8.137706,294.020089,1766.447,EXISTING_SCREEN_SINGLE_CANDIDATE
2032,STEINS,2867 Šteins,CARGO_DELIVERY,20,2032-07-15T00:00:00Z,2033-07-15T00:00:00Z,365,17.147014,8.137706,294.020089,4006.667,EXISTING_SCREEN_SINGLE_CANDIDATE
2032,STEINS,2867 Šteins,CREWED_TRANSPORT,100,2032-07-15T00:00:00Z,2033-07-15T00:00:00Z,365,17.147014,8.137706,294.020089,18727.687,EXISTING_SCREEN_SINGLE_CANDIDATE
2033,STEINS,2867 Šteins,FLYBY,1,2033-01-15T00:00:00Z,2034-01-15T00:00:00Z,365,12.766175,6.94609,162.975224,577.765,EXISTING_SCREEN_SINGLE_CANDIDATE
2033,STEINS,2867 Šteins,ORBITAL_RECON,2,2033-01-15T00:00:00Z,2034-01-15T00:00:00Z,365,12.766175,6.94609,162.975224,875.017,EXISTING_SCREEN_SINGLE_CANDIDATE
2033,STEINS,2867 Šteins,RENDEZVOUS,2,2033-01-15T00:00:00Z,2034-01-15T00:00:00Z,365,12.766175,6.94609,162.975224,875.017,EXISTING_SCREEN_SINGLE_CANDIDATE
2033,STEINS,2867 Šteins,LANDING_PROSPECTING,5,2033-01-15T00:00:00Z,2034-01-15T00:00:00Z,365,12.766175,6.94609,162.975224,1545.894,EXISTING_SCREEN_SINGLE_CANDIDATE
2033,STEINS,2867 Šteins,CARGO_DELIVERY,20,2033-01-15T00:00:00Z,2034-01-15T00:00:00Z,365,12.766175,6.94609,162.975224,3218.414,EXISTING_SCREEN_SINGLE_CANDIDATE
2033,STEINS,2867 Šteins,CREWED_TRANSPORT,100,2033-01-15T00:00:00Z,2034-01-15T00:00:00Z,365,12.766175,6.94609,162.975224,15100.929,EXISTING_SCREEN_SINGLE_CANDIDATE
2034,STEINS,2867 Šteins,FLYBY,1,2034-07-15T00:00:00Z,2035-07-15T00:00:00Z,365,11.066723,6.38838,122.472358,553.463,EXISTING_SCREEN_SINGLE_CANDIDATE
2034,STEINS,2867 Šteins,ORBITAL_RECON,2,2034-07-15T00:00:00Z,2035-07-15T00:00:00Z,365,11.066723,6.38838,122.472358,828.888,EXISTING_SCREEN_SINGLE_CANDIDATE
2034,STEINS,2867 Šteins,RENDEZVOUS,2,2034-07-15T00:00:00Z,2035-07-15T00:00:00Z,365,11.066723,6.38838,122.472358,828.888,EXISTING_SCREEN_SINGLE_CANDIDATE
2034,STEINS,2867 Šteins,LANDING_PROSPECTING,5,2034-07-15T00:00:00Z,2035-07-15T00:00:00Z,365,11.066723,6.38838,122.472358,1467.026,EXISTING_SCREEN_SINGLE_CANDIDATE
2034,STEINS,2867 Šteins,CARGO_DELIVERY,20,2034-07-15T00:00:00Z,2035-07-15T00:00:00Z,365,11.066723,6.38838,122.472358,2921.279,EXISTING_SCREEN_SINGLE_CANDIDATE
2034,STEINS,2867 Šteins,CREWED_TRANSPORT,100,2034-07-15T00:00:00Z,2035-07-15T00:00:00Z,365,11.066723,6.38838,122.472358,13712.459,EXISTING_SCREEN_SINGLE_CANDIDATE
2035,STEINS,2867 Šteins,FLYBY,1,2035-07-15T00:00:00Z,2036-07-14T00:00:00Z,365,16.360641,8.21819,267.670574,640.582,EXISTING_SCREEN_SINGLE_CANDIDATE
2035,STEINS,2867 Šteins,ORBITAL_RECON,2,2035-07-15T00:00:00Z,2036-07-14T00:00:00Z,365,16.360641,8.21819,267.670574,999.008,EXISTING_SCREEN_SINGLE_CANDIDATE
2035,STEINS,2867 Šteins,RENDEZVOUS,2,2035-07-15T00:00:00Z,2036-07-14T00:00:00Z,365,16.360641,8.21819,267.670574,999.008,EXISTING_SCREEN_SINGLE_CANDIDATE
2035,STEINS,2867 Šteins,LANDING_PROSPECTING,5,2035-07-15T00:00:00Z,2036-07-14T00:00:00Z,365,16.360641,8.21819,267.670574,1761.646,EXISTING_SCREEN_SINGLE_CANDIDATE
2035,STEINS,2867 Šteins,CARGO_DELIVERY,20,2035-07-15T00:00:00Z,2036-07-14T00:00:00Z,365,16.360641,8.21819,267.670574,4045.903,EXISTING_SCREEN_SINGLE_CANDIDATE
2035,STEINS,2867 Šteins,CREWED_TRANSPORT,100,2035-07-15T00:00:00Z,2036-07-14T00:00:00Z,365,16.360641,8.21819,267.670574,18987.107,EXISTING_SCREEN_SINGLE_CANDIDATE
2026,STYX,Styx,FLYBY,1,2026-03-15T00:00:00Z,2034-03-13T00:00:00Z,2920,18.700014,19.42805,349.690511,1799.65,REFINED_GROUPED_LAMBERT_GRID
2026,STYX,Styx,ORBITAL_RECON,2,2026-04-15T00:00:00Z,2034-04-13T00:00:00Z,2920,18.743758,19.267148,351.328468,4804.844,REFINED_GROUPED_LAMBERT_GRID
2026,STYX,Styx,RENDEZVOUS,2,2026-04-15T00:00:00Z,2034-04-13T00:00:00Z,2920,18.743758,19.267148,351.328468,4804.844,REFINED_GROUPED_LAMBERT_GRID
2026,STYX,Styx,LANDING_PROSPECTING,5,2026-05-15T00:00:00Z,2034-05-13T00:00:00Z,2920,25.7109,19.091694,661.05037,9445.311,REFINED_GROUPED_LAMBERT_GRID
2026,STYX,Styx,CARGO_DELIVERY,20,2026-06-15T00:00:00Z,2034-06-13T00:00:00Z,2920,35.878406,18.948516,1287.26003,36366.786,REFINED_GROUPED_LAMBERT_GRID
2026,STYX,Styx,CREWED_TRANSPORT,100,2026-07-15T00:00:00Z,2034-07-13T00:00:00Z,2920,46.217653,18.903601,2136.071435,175180.103,REFINED_GROUPED_LAMBERT_GRID
2027,STYX,Styx,FLYBY,1,2027-04-15T00:00:00Z,2035-04-13T00:00:00Z,2920,18.651921,19.444118,347.894161,1798.572,REFINED_GROUPED_LAMBERT_GRID
2027,STYX,Styx,ORBITAL_RECON,2,2027-04-15T00:00:00Z,2035-04-13T00:00:00Z,2920,18.651921,19.444118,347.894161,4918.871,REFINED_GROUPED_LAMBERT_GRID
2027,STYX,Styx,RENDEZVOUS,2,2027-04-15T00:00:00Z,2035-04-13T00:00:00Z,2920,18.651921,19.444118,347.894161,4918.871,REFINED_GROUPED_LAMBERT_GRID
2027,STYX,Styx,LANDING_PROSPECTING,5,2027-05-15T00:00:00Z,2035-05-13T00:00:00Z,2920,25.256033,19.267514,637.867201,9708.673,REFINED_GROUPED_LAMBERT_GRID
2027,STYX,Styx,CARGO_DELIVERY,20,2027-06-15T00:00:00Z,2035-06-13T00:00:00Z,2920,35.30773,19.118814,1246.635766,37642.368,REFINED_GROUPED_LAMBERT_GRID
2027,STYX,Styx,CREWED_TRANSPORT,100,2027-07-15T00:00:00Z,2035-07-13T00:00:00Z,2920,45.659736,19.065028,2084.811533,181243.331,REFINED_GROUPED_LAMBERT_GRID
2028,STYX,Styx,FLYBY,1,2028-04-15T00:00:00Z,2036-04-13T00:00:00Z,2920,18.682373,19.612048,349.031073,1799.254,REFINED_GROUPED_LAMBERT_GRID
2028,STYX,Styx,ORBITAL_RECON,2,2028-04-15T00:00:00Z,2036-04-13T00:00:00Z,2920,18.682373,19.612048,349.031073,5034.013,REFINED_GROUPED_LAMBERT_GRID
2028,STYX,Styx,RENDEZVOUS,2,2028-04-15T00:00:00Z,2036-04-13T00:00:00Z,2920,18.682373,19.612048,349.031073,5034.013,REFINED_GROUPED_LAMBERT_GRID
2028,STYX,Styx,LANDING_PROSPECTING,5,2028-05-15T00:00:00Z,2036-05-13T00:00:00Z,2920,25.065358,19.434353,628.272175,9976.232,REFINED_GROUPED_LAMBERT_GRID
2028,STYX,Styx,CARGO_DELIVERY,20,2028-06-15T00:00:00Z,2036-06-13T00:00:00Z,2920,35.058991,19.282445,1229.132843,38928.142,REFINED_GROUPED_LAMBERT_GRID
2028,STYX,Styx,CREWED_TRANSPORT,100,2028-07-15T00:00:00Z,2036-07-13T00:00:00Z,2920,45.431537,19.223856,2064.024592,187443.922,REFINED_GROUPED_LAMBERT_GRID
2029,STYX,Styx,FLYBY,1,2029-04-15T00:00:00Z,2037-04-13T00:00:00Z,2920,18.631659,19.783275,347.138722,1798.119,REFINED_GROUPED_LAMBERT_GRID
2029,STYX,Styx,ORBITAL_RECON,2,2029-04-15T00:00:00Z,2037-04-13T00:00:00Z,2920,18.631659,19.783275,347.138722,5154.067,REFINED_GROUPED_LAMBERT_GRID
2029,STYX,Styx,RENDEZVOUS,2,2029-04-15T00:00:00Z,2037-04-13T00:00:00Z,2920,18.631659,19.783275,347.138722,5154.067,REFINED_GROUPED_LAMBERT_GRID
2029,STYX,Styx,LANDING_PROSPECTING,5,2029-05-15T00:00:00Z,2037-05-13T00:00:00Z,2920,24.632358,19.604901,606.753041,10253.387,REFINED_GROUPED_LAMBERT_GRID
2029,STYX,Styx,CARGO_DELIVERY,20,2029-07-15T00:00:00Z,2037-07-13T00:00:00Z,2920,44.903067,19.381172,2016.285416,40205.655,REFINED_GROUPED_LAMBERT_GRID
2029,STYX,Styx,CREWED_TRANSPORT,100,2029-07-15T00:00:00Z,2037-07-13T00:00:00Z,2920,44.903067,19.381172,2016.285416,193789.188,REFINED_GROUPED_LAMBERT_GRID
2030,STYX,Styx,FLYBY,1,2030-04-15T00:00:00Z,2038-04-13T00:00:00Z,2920,18.652442,19.953097,347.913602,1798.584,REFINED_GROUPED_LAMBERT_GRID
2030,STYX,Styx,ORBITAL_RECON,2,2030-04-15T00:00:00Z,2038-04-13T00:00:00Z,2920,18.652442,19.953097,347.913602,5279.369,REFINED_GROUPED_LAMBERT_GRID
2030,STYX,Styx,RENDEZVOUS,2,2030-04-15T00:00:00Z,2038-04-13T00:00:00Z,2920,18.652442,19.953097,347.913602,5279.369,REFINED_GROUPED_LAMBERT_GRID
2030,STYX,Styx,LANDING_PROSPECTING,5,2030-05-15T00:00:00Z,2038-05-13T00:00:00Z,2920,24.23131,19.77458,587.156381,10541.336,REFINED_GROUPED_LAMBERT_GRID
2030,STYX,Styx,CARGO_DELIVERY,20,2030-07-15T00:00:00Z,2038-07-13T00:00:00Z,2920,44.344675,19.539145,1966.450214,41501.5,REFINED_GROUPED_LAMBERT_GRID
2030,STYX,Styx,CREWED_TRANSPORT,100,2030-07-15T00:00:00Z,2038-07-13T00:00:00Z,2920,44.344675,19.539145,1966.450214,200388.021,REFINED_GROUPED_LAMBERT_GRID
2031,STYX,Styx,FLYBY,1,2031-04-15T00:00:00Z,2039-04-13T00:00:00Z,2920,18.680363,20.123687,348.955976,1799.209,REFINED_GROUPED_LAMBERT_GRID
2031,STYX,Styx,ORBITAL_RECON,2,2031-05-15T00:00:00Z,2039-05-13T00:00:00Z,2920,23.817041,19.945191,567.251449,5405.055,REFINED_GROUPED_LAMBERT_GRID
2031,STYX,Styx,RENDEZVOUS,2,2031-05-15T00:00:00Z,2039-05-13T00:00:00Z,2920,23.817041,19.945191,567.251449,5405.055,REFINED_GROUPED_LAMBERT_GRID
2031,STYX,Styx,LANDING_PROSPECTING,5,2031-05-15T00:00:00Z,2039-05-13T00:00:00Z,2920,23.817041,19.945191,567.251449,10842.357,REFINED_GROUPED_LAMBERT_GRID
2031,STYX,Styx,CARGO_DELIVERY,20,2031-07-15T00:00:00Z,2039-07-13T00:00:00Z,2920,43.7967,19.698625,1918.150964,42858.964,REFINED_GROUPED_LAMBERT_GRID
2031,STYX,Styx,CREWED_TRANSPORT,100,2031-07-15T00:00:00Z,2039-07-13T00:00:00Z,2920,43.7967,19.698625,1918.150964,207291.258,REFINED_GROUPED_LAMBERT_GRID
2032,STYX,Styx,FLYBY,1,2032-04-15T00:00:00Z,2040-04-13T00:00:00Z,2920,18.808438,20.290137,353.757327,1802.09,REFINED_GROUPED_LAMBERT_GRID
2032,STYX,Styx,ORBITAL_RECON,2,2032-05-15T00:00:00Z,2040-05-13T00:00:00Z,2920,23.721643,20.111763,562.716368,5529.222,REFINED_GROUPED_LAMBERT_GRID
2032,STYX,Styx,RENDEZVOUS,2,2032-05-15T00:00:00Z,2040-05-13T00:00:00Z,2920,23.721643,20.111763,562.716368,5529.222,REFINED_GROUPED_LAMBERT_GRID
2032,STYX,Styx,LANDING_PROSPECTING,5,2032-05-15T00:00:00Z,2040-05-13T00:00:00Z,2920,23.721643,20.111763,562.716368,11156.857,REFINED_GROUPED_LAMBERT_GRID
2032,STYX,Styx,CARGO_DELIVERY,20,2032-07-15T00:00:00Z,2040-07-13T00:00:00Z,2920,43.622464,19.859823,1902.919385,44302.038,REFINED_GROUPED_LAMBERT_GRID
2032,STYX,Styx,CREWED_TRANSPORT,100,2032-07-15T00:00:00Z,2040-07-13T00:00:00Z,2920,43.622464,19.859823,1902.919385,214543.185,REFINED_GROUPED_LAMBERT_GRID
2033,STYX,Styx,FLYBY,1,2033-04-15T00:00:00Z,2041-04-13T00:00:00Z,2920,18.928861,20.464146,358.301789,1804.817,REFINED_GROUPED_LAMBERT_GRID
2033,STYX,Styx,ORBITAL_RECON,2,2033-05-15T00:00:00Z,2041-05-13T00:00:00Z,2920,23.369325,20.286381,546.125331,5657.424,REFINED_GROUPED_LAMBERT_GRID
2033,STYX,Styx,RENDEZVOUS,2,2033-05-15T00:00:00Z,2041-05-13T00:00:00Z,2920,23.369325,20.286381,546.125331,5657.424,REFINED_GROUPED_LAMBERT_GRID
2033,STYX,Styx,LANDING_PROSPECTING,5,2033-06-15T00:00:00Z,2041-06-13T00:00:00Z,2920,32.69074,20.116495,1068.684459,11469.621,REFINED_GROUPED_LAMBERT_GRID
2033,STYX,Styx,CARGO_DELIVERY,20,2033-07-15T00:00:00Z,2041-07-13T00:00:00Z,2920,43.067994,20.024928,1854.852069,45815.529,REFINED_GROUPED_LAMBERT_GRID
2033,STYX,Styx,CREWED_TRANSPORT,100,2033-07-15T00:00:00Z,2041-07-13T00:00:00Z,2920,43.067994,20.024928,1854.852069,222226.002,REFINED_GROUPED_LAMBERT_GRID
2034,STYX,Styx,FLYBY,1,2034-04-15T00:00:00Z,2042-04-13T00:00:00Z,2920,19.059345,20.640658,363.258649,1807.791,REFINED_GROUPED_LAMBERT_GRID
2034,STYX,Styx,ORBITAL_RECON,2,2034-05-15T00:00:00Z,2042-05-13T00:00:00Z,2920,23.024141,20.463631,530.111076,5793.647,REFINED_GROUPED_LAMBERT_GRID
2034,STYX,Styx,RENDEZVOUS,2,2034-05-15T00:00:00Z,2042-05-13T00:00:00Z,2920,23.024141,20.463631,530.111076,5793.647,REFINED_GROUPED_LAMBERT_GRID
2034,STYX,Styx,LANDING_PROSPECTING,5,2034-06-15T00:00:00Z,2042-06-13T00:00:00Z,2920,32.172597,20.290726,1035.076005,11794.432,REFINED_GROUPED_LAMBERT_GRID
2034,STYX,Styx,CARGO_DELIVERY,20,2034-07-15T00:00:00Z,2042-07-13T00:00:00Z,2920,42.542829,20.192743,1809.892313,47415.29,REFINED_GROUPED_LAMBERT_GRID
2034,STYX,Styx,CREWED_TRANSPORT,100,2034-07-15T00:00:00Z,2042-07-13T00:00:00Z,2920,42.542829,20.192743,1809.892313,230332.709,REFINED_GROUPED_LAMBERT_GRID
2035,STYX,Styx,FLYBY,1,2035-04-15T00:00:00Z,2043-04-13T00:00:00Z,2920,19.255864,20.818905,370.788305,1812.309,REFINED_GROUPED_LAMBERT_GRID
2035,STYX,Styx,ORBITAL_RECON,2,2035-05-15T00:00:00Z,2043-05-13T00:00:00Z,2920,22.743146,20.643029,517.250673,5939.497,REFINED_GROUPED_LAMBERT_GRID
2035,STYX,Styx,RENDEZVOUS,2,2035-05-15T00:00:00Z,2043-05-13T00:00:00Z,2920,22.743146,20.643029,517.250673,5939.497,REFINED_GROUPED_LAMBERT_GRID
2035,STYX,Styx,LANDING_PROSPECTING,5,2035-06-15T00:00:00Z,2043-06-13T00:00:00Z,2920,31.68506,20.467646,1003.943021,12139.991,REFINED_GROUPED_LAMBERT_GRID
2035,STYX,Styx,CARGO_DELIVERY,20,2035-07-15T00:00:00Z,2043-07-13T00:00:00Z,2920,42.021215,20.363589,1765.782504,49108.438,REFINED_GROUPED_LAMBERT_GRID
2035,STYX,Styx,CREWED_TRANSPORT,100,2035-07-15T00:00:00Z,2043-07-13T00:00:00Z,2920,42.021215,20.363589,1765.782504,238904.314,REFINED_GROUPED_LAMBERT_GRID
2026,SWIFTTUTTLE,109P/Swift–Tuttle,FLYBY,1,2026-01-15T00:00:00Z,2034-01-13T00:00:00Z,2920,44.766289,23.592151,2004.020631,1892.248,EXISTING_SCREEN_SINGLE_CANDIDATE
2026,SWIFTTUTTLE,109P/Swift–Tuttle,ORBITAL_RECON,2,2026-01-15T00:00:00Z,2034-01-13T00:00:00Z,2920,44.766289,23.592151,2004.020631,9569.458,EXISTING_SCREEN_SINGLE_CANDIDATE
2026,SWIFTTUTTLE,109P/Swift–Tuttle,RENDEZVOUS,2,2026-01-15T00:00:00Z,2034-01-13T00:00:00Z,2920,44.766289,23.592151,2004.020631,9569.458,EXISTING_SCREEN_SINGLE_CANDIDATE
2026,SWIFTTUTTLE,109P/Swift–Tuttle,LANDING_PROSPECTING,5,2026-01-15T00:00:00Z,2034-01-13T00:00:00Z,2920,44.766289,23.592151,2004.020631,21310.272,EXISTING_SCREEN_SINGLE_CANDIDATE
2026,SWIFTTUTTLE,109P/Swift–Tuttle,CARGO_DELIVERY,20,2026-01-15T00:00:00Z,2034-01-13T00:00:00Z,2920,44.766289,23.592151,2004.020631,96782.369,EXISTING_SCREEN_SINGLE_CANDIDATE
2026,SWIFTTUTTLE,109P/Swift–Tuttle,CREWED_TRANSPORT,100,2026-01-15T00:00:00Z,2034-01-13T00:00:00Z,2920,44.766289,23.592151,2004.020631,478502.196,EXISTING_SCREEN_SINGLE_CANDIDATE
2027,SWIFTTUTTLE,109P/Swift–Tuttle,FLYBY,1,2027-01-15T00:00:00Z,2035-01-13T00:00:00Z,2920,44.789398,23.918263,2006.090173,1893.49,EXISTING_SCREEN_SINGLE_CANDIDATE
2027,SWIFTTUTTLE,109P/Swift–Tuttle,ORBITAL_RECON,2,2027-01-15T00:00:00Z,2035-01-13T00:00:00Z,2920,44.789398,23.918263,2006.090173,10139.45,EXISTING_SCREEN_SINGLE_CANDIDATE
2027,SWIFTTUTTLE,109P/Swift–Tuttle,RENDEZVOUS,2,2027-01-15T00:00:00Z,2035-01-13T00:00:00Z,2920,44.789398,23.918263,2006.090173,10139.45,EXISTING_SCREEN_SINGLE_CANDIDATE
2027,SWIFTTUTTLE,109P/Swift–Tuttle,LANDING_PROSPECTING,5,2027-01-15T00:00:00Z,2035-01-13T00:00:00Z,2920,44.789398,23.918263,2006.090173,22733.39,EXISTING_SCREEN_SINGLE_CANDIDATE
2027,SWIFTTUTTLE,109P/Swift–Tuttle,CARGO_DELIVERY,20,2027-01-15T00:00:00Z,2035-01-13T00:00:00Z,2920,44.789398,23.918263,2006.090173,103892.989,EXISTING_SCREEN_SINGLE_CANDIDATE
2027,SWIFTTUTTLE,109P/Swift–Tuttle,CREWED_TRANSPORT,100,2027-01-15T00:00:00Z,2035-01-13T00:00:00Z,2920,44.789398,23.918263,2006.090173,514050.327,EXISTING_SCREEN_SINGLE_CANDIDATE
2028,SWIFTTUTTLE,109P/Swift–Tuttle,FLYBY,1,2028-01-15T00:00:00Z,2036-01-13T00:00:00Z,2920,44.771908,24.234718,2004.523746,1892.55,EXISTING_SCREEN_SINGLE_CANDIDATE
2028,SWIFTTUTTLE,109P/Swift–Tuttle,ORBITAL_RECON,2,2028-01-15T00:00:00Z,2036-01-13T00:00:00Z,2920,44.771908,24.234718,2004.523746,10731.255,EXISTING_SCREEN_SINGLE_CANDIDATE
2028,SWIFTTUTTLE,109P/Swift–Tuttle,RENDEZVOUS,2,2028-01-15T00:00:00Z,2036-01-13T00:00:00Z,2920,44.771908,24.234718,2004.523746,10731.255,EXISTING_SCREEN_SINGLE_CANDIDATE
2028,SWIFTTUTTLE,109P/Swift–Tuttle,LANDING_PROSPECTING,5,2028-01-15T00:00:00Z,2036-01-13T00:00:00Z,2920,44.771908,24.234718,2004.523746,24214.313,EXISTING_SCREEN_SINGLE_CANDIDATE
2028,SWIFTTUTTLE,109P/Swift–Tuttle,CARGO_DELIVERY,20,2028-01-15T00:00:00Z,2036-01-13T00:00:00Z,2920,44.771908,24.234718,2004.523746,111301.367,EXISTING_SCREEN_SINGLE_CANDIDATE
2028,SWIFTTUTTLE,109P/Swift–Tuttle,CREWED_TRANSPORT,100,2028-01-15T00:00:00Z,2036-01-13T00:00:00Z,2920,44.771908,24.234718,2004.523746,551095.98,EXISTING_SCREEN_SINGLE_CANDIDATE
2029,SWIFTTUTTLE,109P/Swift–Tuttle,FLYBY,1,2029-01-15T00:00:00Z,2037-01-13T00:00:00Z,2920,45.115514,24.538478,2035.409603,1911.081,EXISTING_SCREEN_SINGLE_CANDIDATE
2029,SWIFTTUTTLE,109P/Swift–Tuttle,ORBITAL_RECON,2,2029-01-15T00:00:00Z,2037-01-13T00:00:00Z,2920,45.115514,24.538478,2035.409603,11359.335,EXISTING_SCREEN_SINGLE_CANDIDATE
2029,SWIFTTUTTLE,109P/Swift–Tuttle,RENDEZVOUS,2,2029-01-15T00:00:00Z,2037-01-13T00:00:00Z,2920,45.115514,24.538478,2035.409603,11359.335,EXISTING_SCREEN_SINGLE_CANDIDATE
2029,SWIFTTUTTLE,109P/Swift–Tuttle,LANDING_PROSPECTING,5,2029-01-15T00:00:00Z,2037-01-13T00:00:00Z,2920,45.115514,24.538478,2035.409603,25756.716,EXISTING_SCREEN_SINGLE_CANDIDATE
2029,SWIFTTUTTLE,109P/Swift–Tuttle,CARGO_DELIVERY,20,2029-01-15T00:00:00Z,2037-01-13T00:00:00Z,2920,45.115514,24.538478,2035.409603,118939.255,EXISTING_SCREEN_SINGLE_CANDIDATE
2029,SWIFTTUTTLE,109P/Swift–Tuttle,CREWED_TRANSPORT,100,2029-01-15T00:00:00Z,2037-01-13T00:00:00Z,2920,45.115514,24.538478,2035.409603,589211.293,EXISTING_SCREEN_SINGLE_CANDIDATE
2030,SWIFTTUTTLE,109P/Swift–Tuttle,FLYBY,1,2030-01-15T00:00:00Z,2038-01-13T00:00:00Z,2920,45.116498,24.836601,2035.498392,1911.135,EXISTING_SCREEN_SINGLE_CANDIDATE
2030,SWIFTTUTTLE,109P/Swift–Tuttle,ORBITAL_RECON,2,2030-01-15T00:00:00Z,2038-01-13T00:00:00Z,2920,45.116498,24.836601,2035.498392,11998.997,EXISTING_SCREEN_SINGLE_CANDIDATE
2030,SWIFTTUTTLE,109P/Swift–Tuttle,RENDEZVOUS,2,2030-01-15T00:00:00Z,2038-01-13T00:00:00Z,2920,45.116498,24.836601,2035.498392,11998.997,EXISTING_SCREEN_SINGLE_CANDIDATE
2030,SWIFTTUTTLE,109P/Swift–Tuttle,LANDING_PROSPECTING,5,2030-01-15T00:00:00Z,2038-01-13T00:00:00Z,2920,45.116498,24.836601,2035.498392,27355.79,EXISTING_SCREEN_SINGLE_CANDIDATE
2030,SWIFTTUTTLE,109P/Swift–Tuttle,CARGO_DELIVERY,20,2030-01-15T00:00:00Z,2038-01-13T00:00:00Z,2920,45.116498,24.836601,2035.498392,126934.41,EXISTING_SCREEN_SINGLE_CANDIDATE
2030,SWIFTTUTTLE,109P/Swift–Tuttle,CREWED_TRANSPORT,100,2030-01-15T00:00:00Z,2038-01-13T00:00:00Z,2920,45.116498,24.836601,2035.498392,629186.854,EXISTING_SCREEN_SINGLE_CANDIDATE
2031,SWIFTTUTTLE,109P/Swift–Tuttle,FLYBY,1,2031-01-15T00:00:00Z,2039-01-13T00:00:00Z,2920,45.089229,25.124221,2033.038572,1909.659,EXISTING_SCREEN_SINGLE_CANDIDATE
2031,SWIFTTUTTLE,109P/Swift–Tuttle,ORBITAL_RECON,2,2031-01-15T00:00:00Z,2039-01-13T00:00:00Z,2920,45.089229,25.124221,2033.038572,12656.084,EXISTING_SCREEN_SINGLE_CANDIDATE
2031,SWIFTTUTTLE,109P/Swift–Tuttle,RENDEZVOUS,2,2031-01-15T00:00:00Z,2039-01-13T00:00:00Z,2920,45.089229,25.124221,2033.038572,12656.084,EXISTING_SCREEN_SINGLE_CANDIDATE
2031,SWIFTTUTTLE,109P/Swift–Tuttle,LANDING_PROSPECTING,5,2031-01-15T00:00:00Z,2039-01-13T00:00:00Z,2920,45.089229,25.124221,2033.038572,29000.72,EXISTING_SCREEN_SINGLE_CANDIDATE
2031,SWIFTTUTTLE,109P/Swift–Tuttle,CARGO_DELIVERY,20,2031-01-15T00:00:00Z,2039-01-13T00:00:00Z,2920,45.089229,25.124221,2033.038572,135164.967,EXISTING_SCREEN_SINGLE_CANDIDATE
2031,SWIFTTUTTLE,109P/Swift–Tuttle,CREWED_TRANSPORT,100,2031-01-15T00:00:00Z,2039-01-13T00:00:00Z,2920,45.089229,25.124221,2033.038572,670345.542,EXISTING_SCREEN_SINGLE_CANDIDATE
2032,SWIFTTUTTLE,109P/Swift–Tuttle,FLYBY,1,2032-01-15T00:00:00Z,2040-01-13T00:00:00Z,2920,45.095638,25.399849,2033.616567,1910.006,EXISTING_SCREEN_SINGLE_CANDIDATE
2032,SWIFTTUTTLE,109P/Swift–Tuttle,ORBITAL_RECON,2,2032-01-15T00:00:00Z,2040-01-13T00:00:00Z,2920,45.095638,25.399849,2033.616567,13328.284,EXISTING_SCREEN_SINGLE_CANDIDATE
2032,SWIFTTUTTLE,109P/Swift–Tuttle,RENDEZVOUS,2,2032-01-15T00:00:00Z,2040-01-13T00:00:00Z,2920,45.095638,25.399849,2033.616567,13328.284,EXISTING_SCREEN_SINGLE_CANDIDATE
2032,SWIFTTUTTLE,109P/Swift–Tuttle,LANDING_PROSPECTING,5,2032-01-15T00:00:00Z,2040-01-13T00:00:00Z,2920,45.095638,25.399849,2033.616567,30680.702,EXISTING_SCREEN_SINGLE_CANDIDATE
2032,SWIFTTUTTLE,109P/Swift–Tuttle,CARGO_DELIVERY,20,2032-01-15T00:00:00Z,2040-01-13T00:00:00Z,2920,45.095638,25.399849,2033.616567,143563.486,EXISTING_SCREEN_SINGLE_CANDIDATE
2032,SWIFTTUTTLE,109P/Swift–Tuttle,CREWED_TRANSPORT,100,2032-01-15T00:00:00Z,2040-01-13T00:00:00Z,2920,45.095638,25.399849,2033.616567,712336.752,EXISTING_SCREEN_SINGLE_CANDIDATE
2033,SWIFTTUTTLE,109P/Swift–Tuttle,FLYBY,1,2033-01-15T00:00:00Z,2041-01-13T00:00:00Z,2920,45.413494,25.658321,2062.385437,1927.267,EXISTING_SCREEN_SINGLE_CANDIDATE
2033,SWIFTTUTTLE,109P/Swift–Tuttle,ORBITAL_RECON,2,2033-01-15T00:00:00Z,2041-01-13T00:00:00Z,2920,45.413494,25.658321,2062.385437,14014.089,EXISTING_SCREEN_SINGLE_CANDIDATE
2033,SWIFTTUTTLE,109P/Swift–Tuttle,RENDEZVOUS,2,2033-01-15T00:00:00Z,2041-01-13T00:00:00Z,2920,45.413494,25.658321,2062.385437,14014.089,EXISTING_SCREEN_SINGLE_CANDIDATE
2033,SWIFTTUTTLE,109P/Swift–Tuttle,LANDING_PROSPECTING,5,2033-01-15T00:00:00Z,2041-01-13T00:00:00Z,2920,45.413494,25.658321,2062.385437,32369.322,EXISTING_SCREEN_SINGLE_CANDIDATE
2033,SWIFTTUTTLE,109P/Swift–Tuttle,CARGO_DELIVERY,20,2033-01-15T00:00:00Z,2041-01-13T00:00:00Z,2920,45.413494,25.658321,2062.385437,151937.543,EXISTING_SCREEN_SINGLE_CANDIDATE
2033,SWIFTTUTTLE,109P/Swift–Tuttle,CREWED_TRANSPORT,100,2033-01-15T00:00:00Z,2041-01-13T00:00:00Z,2920,45.413494,25.658321,2062.385437,754137.988,EXISTING_SCREEN_SINGLE_CANDIDATE
2034,SWIFTTUTTLE,109P/Swift–Tuttle,FLYBY,1,2034-01-15T00:00:00Z,2042-01-13T00:00:00Z,2920,45.385945,25.907682,2059.884004,1925.766,EXISTING_SCREEN_SINGLE_CANDIDATE
2034,SWIFTTUTTLE,109P/Swift–Tuttle,ORBITAL_RECON,2,2034-01-15T00:00:00Z,2042-01-13T00:00:00Z,2920,45.385945,25.907682,2059.884004,14694.999,EXISTING_SCREEN_SINGLE_CANDIDATE
2034,SWIFTTUTTLE,109P/Swift–Tuttle,RENDEZVOUS,2,2034-01-15T00:00:00Z,2042-01-13T00:00:00Z,2920,45.385945,25.907682,2059.884004,14694.999,EXISTING_SCREEN_SINGLE_CANDIDATE
2034,SWIFTTUTTLE,109P/Swift–Tuttle,LANDING_PROSPECTING,5,2034-01-15T00:00:00Z,2042-01-13T00:00:00Z,2920,45.385945,25.907682,2059.884004,34073.849,EXISTING_SCREEN_SINGLE_CANDIDATE
2034,SWIFTTUTTLE,109P/Swift–Tuttle,CARGO_DELIVERY,20,2034-01-15T00:00:00Z,2042-01-13T00:00:00Z,2920,45.385945,25.907682,2059.884004,160466.18,EXISTING_SCREEN_SINGLE_CANDIDATE
2034,SWIFTTUTTLE,109P/Swift–Tuttle,CREWED_TRANSPORT,100,2034-01-15T00:00:00Z,2042-01-13T00:00:00Z,2920,45.385945,25.907682,2059.884004,796787.181,EXISTING_SCREEN_SINGLE_CANDIDATE
2035,SWIFTTUTTLE,109P/Swift–Tuttle,FLYBY,1,2035-01-15T00:00:00Z,2043-01-13T00:00:00Z,2920,45.385006,26.143287,2059.79877,1925.715,EXISTING_SCREEN_SINGLE_CANDIDATE
2035,SWIFTTUTTLE,109P/Swift–Tuttle,ORBITAL_RECON,2,2035-01-15T00:00:00Z,2043-01-13T00:00:00Z,2920,45.385006,26.143287,2059.79877,15375.401,EXISTING_SCREEN_SINGLE_CANDIDATE
2035,SWIFTTUTTLE,109P/Swift–Tuttle,RENDEZVOUS,2,2035-01-15T00:00:00Z,2043-01-13T00:00:00Z,2920,45.385006,26.143287,2059.79877,15375.401,EXISTING_SCREEN_SINGLE_CANDIDATE
2035,SWIFTTUTTLE,109P/Swift–Tuttle,LANDING_PROSPECTING,5,2035-01-15T00:00:00Z,2043-01-13T00:00:00Z,2920,45.385006,26.143287,2059.79877,35774.93,EXISTING_SCREEN_SINGLE_CANDIDATE
2035,SWIFTTUTTLE,109P/Swift–Tuttle,CARGO_DELIVERY,20,2035-01-15T00:00:00Z,2043-01-13T00:00:00Z,2920,45.385006,26.143287,2059.79877,168971.791,EXISTING_SCREEN_SINGLE_CANDIDATE
2035,SWIFTTUTTLE,109P/Swift–Tuttle,CREWED_TRANSPORT,100,2035-01-15T00:00:00Z,2043-01-13T00:00:00Z,2920,45.385006,26.143287,2059.79877,839315.438,EXISTING_SCREEN_SINGLE_CANDIDATE
2026,TEMPEL1,9P/Tempel 1,FLYBY,1,2026-07-15T00:00:00Z,2027-07-15T00:00:00Z,365,15.057165,13.478455,226.718218,616.01,EXISTING_SCREEN_SINGLE_CANDIDATE
2026,TEMPEL1,9P/Tempel 1,ORBITAL_RECON,2,2026-07-15T00:00:00Z,2027-07-15T00:00:00Z,365,15.057165,13.478455,226.718218,1525.594,EXISTING_SCREEN_SINGLE_CANDIDATE
2026,TEMPEL1,9P/Tempel 1,RENDEZVOUS,2,2026-07-15T00:00:00Z,2027-07-15T00:00:00Z,365,15.057165,13.478455,226.718218,1525.594,EXISTING_SCREEN_SINGLE_CANDIDATE
2026,TEMPEL1,9P/Tempel 1,LANDING_PROSPECTING,5,2026-07-15T00:00:00Z,2027-07-15T00:00:00Z,365,15.057165,13.478455,226.718218,3114.971,EXISTING_SCREEN_SINGLE_CANDIDATE
2026,TEMPEL1,9P/Tempel 1,CARGO_DELIVERY,20,2026-07-15T00:00:00Z,2027-07-15T00:00:00Z,365,15.057165,13.478455,226.718218,10910.811,EXISTING_SCREEN_SINGLE_CANDIDATE
2026,TEMPEL1,9P/Tempel 1,CREWED_TRANSPORT,100,2026-07-15T00:00:00Z,2027-07-15T00:00:00Z,365,15.057165,13.478455,226.718218,53409.932,EXISTING_SCREEN_SINGLE_CANDIDATE
2027,TEMPEL1,9P/Tempel 1,FLYBY,1,2027-07-15T00:00:00Z,2031-07-14T00:00:00Z,1460,15.525959,5.560042,241.055403,714.551,EXISTING_SCREEN_SINGLE_CANDIDATE
2027,TEMPEL1,9P/Tempel 1,ORBITAL_RECON,2,2027-07-15T00:00:00Z,2031-07-14T00:00:00Z,1460,15.525959,5.560042,241.055403,962.164,EXISTING_SCREEN_SINGLE_CANDIDATE
2027,TEMPEL1,9P/Tempel 1,RENDEZVOUS,2,2027-07-15T00:00:00Z,2031-07-14T00:00:00Z,1460,15.525959,5.560042,241.055403,962.164,EXISTING_SCREEN_SINGLE_CANDIDATE
2027,TEMPEL1,9P/Tempel 1,LANDING_PROSPECTING,5,2027-07-15T00:00:00Z,2031-07-14T00:00:00Z,1460,15.525959,5.560042,241.055403,1558.583,EXISTING_SCREEN_SINGLE_CANDIDATE
2027,TEMPEL1,9P/Tempel 1,CARGO_DELIVERY,20,2027-07-15T00:00:00Z,2031-07-14T00:00:00Z,1460,15.525959,5.560042,241.055403,2734.712,EXISTING_SCREEN_SINGLE_CANDIDATE
2027,TEMPEL1,9P/Tempel 1,CREWED_TRANSPORT,100,2027-07-15T00:00:00Z,2031-07-14T00:00:00Z,1460,15.525959,5.560042,241.055403,12495.026,EXISTING_SCREEN_SINGLE_CANDIDATE
2028,TEMPEL1,9P/Tempel 1,FLYBY,1,2028-07-15T00:00:00Z,2030-07-15T00:00:00Z,730,14.718151,3.005835,216.623969,639.933,EXISTING_SCREEN_SINGLE_CANDIDATE
2028,TEMPEL1,9P/Tempel 1,ORBITAL_RECON,2,2028-07-15T00:00:00Z,2030-07-15T00:00:00Z,730,14.718151,3.005835,216.623969,827.944,EXISTING_SCREEN_SINGLE_CANDIDATE
2028,TEMPEL1,9P/Tempel 1,RENDEZVOUS,2,2028-07-15T00:00:00Z,2030-07-15T00:00:00Z,730,14.718151,3.005835,216.623969,827.944,EXISTING_SCREEN_SINGLE_CANDIDATE
2028,TEMPEL1,9P/Tempel 1,LANDING_PROSPECTING,5,2028-07-15T00:00:00Z,2030-07-15T00:00:00Z,730,14.718151,3.005835,216.623969,1334.959,EXISTING_SCREEN_SINGLE_CANDIDATE
2028,TEMPEL1,9P/Tempel 1,CARGO_DELIVERY,20,2028-07-15T00:00:00Z,2030-07-15T00:00:00Z,730,14.718151,3.005835,216.623969,1915.064,EXISTING_SCREEN_SINGLE_CANDIDATE
2028,TEMPEL1,9P/Tempel 1,CREWED_TRANSPORT,100,2028-07-15T00:00:00Z,2030-07-15T00:00:00Z,730,14.718151,3.005835,216.623969,8455.422,EXISTING_SCREEN_SINGLE_CANDIDATE
2029,TEMPEL1,9P/Tempel 1,FLYBY,1,2029-07-15T00:00:00Z,2031-07-15T00:00:00Z,730,10.539694,5.081465,111.08515,576.61,EXISTING_SCREEN_SINGLE_CANDIDATE
2029,TEMPEL1,9P/Tempel 1,ORBITAL_RECON,2,2029-07-15T00:00:00Z,2031-07-15T00:00:00Z,730,10.539694,5.081465,111.08515,810.339,EXISTING_SCREEN_SINGLE_CANDIDATE
2029,TEMPEL1,9P/Tempel 1,RENDEZVOUS,2,2029-07-15T00:00:00Z,2031-07-15T00:00:00Z,730,10.539694,5.081465,111.08515,810.339,EXISTING_SCREEN_SINGLE_CANDIDATE
2029,TEMPEL1,9P/Tempel 1,LANDING_PROSPECTING,5,2029-07-15T00:00:00Z,2031-07-15T00:00:00Z,730,10.539694,5.081465,111.08515,1385.933,EXISTING_SCREEN_SINGLE_CANDIDATE
2029,TEMPEL1,9P/Tempel 1,CARGO_DELIVERY,20,2029-07-15T00:00:00Z,2031-07-15T00:00:00Z,730,10.539694,5.081465,111.08515,2423.223,EXISTING_SCREEN_SINGLE_CANDIDATE
2029,TEMPEL1,9P/Tempel 1,CREWED_TRANSPORT,100,2029-07-15T00:00:00Z,2031-07-15T00:00:00Z,730,10.539694,5.081465,111.08515,11249.51,EXISTING_SCREEN_SINGLE_CANDIDATE
2030,TEMPEL1,9P/Tempel 1,FLYBY,1,2030-07-15T00:00:00Z,2031-07-15T00:00:00Z,365,15.259996,19.745586,232.867478,619.7,EXISTING_SCREEN_SINGLE_CANDIDATE
2030,TEMPEL1,9P/Tempel 1,ORBITAL_RECON,2,2030-07-15T00:00:00Z,2031-07-15T00:00:00Z,365,15.259996,19.745586,232.867478,3948.576,EXISTING_SCREEN_SINGLE_CANDIDATE
2030,TEMPEL1,9P/Tempel 1,RENDEZVOUS,2,2030-07-15T00:00:00Z,2031-07-15T00:00:00Z,365,15.259996,19.745586,232.867478,3948.576,EXISTING_SCREEN_SINGLE_CANDIDATE
2030,TEMPEL1,9P/Tempel 1,LANDING_PROSPECTING,5,2030-07-15T00:00:00Z,2031-07-15T00:00:00Z,365,15.259996,19.745586,232.867478,9166.89,EXISTING_SCREEN_SINGLE_CANDIDATE
2030,TEMPEL1,9P/Tempel 1,CARGO_DELIVERY,20,2030-07-15T00:00:00Z,2031-07-15T00:00:00Z,365,15.259996,19.745586,232.867478,41155.648,EXISTING_SCREEN_SINGLE_CANDIDATE
2030,TEMPEL1,9P/Tempel 1,CREWED_TRANSPORT,100,2030-07-15T00:00:00Z,2031-07-15T00:00:00Z,365,15.259996,19.745586,232.867478,204619.357,EXISTING_SCREEN_SINGLE_CANDIDATE
2031,TEMPEL1,9P/Tempel 1,FLYBY,1,2031-07-15T00:00:00Z,2033-07-14T00:00:00Z,730,10.438948,5.695199,108.971635,575.342,EXISTING_SCREEN_SINGLE_CANDIDATE
2031,TEMPEL1,9P/Tempel 1,ORBITAL_RECON,2,2031-07-15T00:00:00Z,2033-07-14T00:00:00Z,730,10.438948,5.695199,108.971635,827.151,EXISTING_SCREEN_SINGLE_CANDIDATE
2031,TEMPEL1,9P/Tempel 1,RENDEZVOUS,2,2031-07-15T00:00:00Z,2033-07-14T00:00:00Z,730,10.438948,5.695199,108.971635,827.151,EXISTING_SCREEN_SINGLE_CANDIDATE
2031,TEMPEL1,9P/Tempel 1,LANDING_PROSPECTING,5,2031-07-15T00:00:00Z,2033-07-14T00:00:00Z,730,10.438948,5.695199,108.971635,1429.864,EXISTING_SCREEN_SINGLE_CANDIDATE
2031,TEMPEL1,9P/Tempel 1,CARGO_DELIVERY,20,2031-07-15T00:00:00Z,2033-07-14T00:00:00Z,730,10.438948,5.695199,108.971635,2647.951,EXISTING_SCREEN_SINGLE_CANDIDATE
2031,TEMPEL1,9P/Tempel 1,CREWED_TRANSPORT,100,2031-07-15T00:00:00Z,2033-07-14T00:00:00Z,730,10.438948,5.695199,108.971635,12378.224,EXISTING_SCREEN_SINGLE_CANDIDATE
2032,TEMPEL1,9P/Tempel 1,FLYBY,1,2032-07-15T00:00:00Z,2033-07-15T00:00:00Z,365,15.0994,13.599324,227.99188,616.775,EXISTING_SCREEN_SINGLE_CANDIDATE
2032,TEMPEL1,9P/Tempel 1,ORBITAL_RECON,2,2032-07-15T00:00:00Z,2033-07-15T00:00:00Z,365,15.0994,13.599324,227.99188,1548.126,EXISTING_SCREEN_SINGLE_CANDIDATE
2032,TEMPEL1,9P/Tempel 1,RENDEZVOUS,2,2032-07-15T00:00:00Z,2033-07-15T00:00:00Z,365,15.0994,13.599324,227.99188,1548.126,EXISTING_SCREEN_SINGLE_CANDIDATE
2032,TEMPEL1,9P/Tempel 1,LANDING_PROSPECTING,5,2032-07-15T00:00:00Z,2033-07-15T00:00:00Z,365,15.0994,13.599324,227.99188,3170.154,EXISTING_SCREEN_SINGLE_CANDIDATE
2032,TEMPEL1,9P/Tempel 1,CARGO_DELIVERY,20,2032-07-15T00:00:00Z,2033-07-15T00:00:00Z,365,15.0994,13.599324,227.99188,11183.671,EXISTING_SCREEN_SINGLE_CANDIDATE
2032,TEMPEL1,9P/Tempel 1,CREWED_TRANSPORT,100,2032-07-15T00:00:00Z,2033-07-15T00:00:00Z,365,15.0994,13.599324,227.99188,54771.177,EXISTING_SCREEN_SINGLE_CANDIDATE
2033,TEMPEL1,9P/Tempel 1,FLYBY,1,2033-07-15T00:00:00Z,2037-07-14T00:00:00Z,1460,15.479501,5.801096,239.614951,713.687,EXISTING_SCREEN_SINGLE_CANDIDATE
2033,TEMPEL1,9P/Tempel 1,ORBITAL_RECON,2,2033-07-15T00:00:00Z,2037-07-14T00:00:00Z,1460,15.479501,5.801096,239.614951,968.872,EXISTING_SCREEN_SINGLE_CANDIDATE
2033,TEMPEL1,9P/Tempel 1,RENDEZVOUS,2,2033-07-15T00:00:00Z,2037-07-14T00:00:00Z,1460,15.479501,5.801096,239.614951,968.872,EXISTING_SCREEN_SINGLE_CANDIDATE
2033,TEMPEL1,9P/Tempel 1,LANDING_PROSPECTING,5,2033-07-15T00:00:00Z,2037-07-14T00:00:00Z,1460,15.479501,5.801096,239.614951,1576.65,EXISTING_SCREEN_SINGLE_CANDIDATE
2033,TEMPEL1,9P/Tempel 1,CARGO_DELIVERY,20,2033-07-15T00:00:00Z,2037-07-14T00:00:00Z,1460,15.479501,5.801096,239.614951,2828.505,EXISTING_SCREEN_SINGLE_CANDIDATE
2033,TEMPEL1,9P/Tempel 1,CREWED_TRANSPORT,100,2033-07-15T00:00:00Z,2037-07-14T00:00:00Z,1460,15.479501,5.801096,239.614951,12967.449,EXISTING_SCREEN_SINGLE_CANDIDATE
2034,TEMPEL1,9P/Tempel 1,FLYBY,1,2034-07-15T00:00:00Z,2036-07-14T00:00:00Z,730,14.596957,3.160812,213.071154,637.802,EXISTING_SCREEN_SINGLE_CANDIDATE
2034,TEMPEL1,9P/Tempel 1,ORBITAL_RECON,2,2034-07-15T00:00:00Z,2036-07-14T00:00:00Z,730,14.596957,3.160812,213.071154,828.546,EXISTING_SCREEN_SINGLE_CANDIDATE
2034,TEMPEL1,9P/Tempel 1,RENDEZVOUS,2,2034-07-15T00:00:00Z,2036-07-14T00:00:00Z,730,14.596957,3.160812,213.071154,828.546,EXISTING_SCREEN_SINGLE_CANDIDATE
2034,TEMPEL1,9P/Tempel 1,LANDING_PROSPECTING,5,2034-07-15T00:00:00Z,2036-07-14T00:00:00Z,730,14.596957,3.160812,213.071154,1339.661,EXISTING_SCREEN_SINGLE_CANDIDATE
2034,TEMPEL1,9P/Tempel 1,CARGO_DELIVERY,20,2034-07-15T00:00:00Z,2036-07-14T00:00:00Z,730,14.596957,3.160812,213.071154,1947.1,EXISTING_SCREEN_SINGLE_CANDIDATE
2034,TEMPEL1,9P/Tempel 1,CREWED_TRANSPORT,100,2034-07-15T00:00:00Z,2036-07-14T00:00:00Z,730,14.596957,3.160812,213.071154,8624.13,EXISTING_SCREEN_SINGLE_CANDIDATE
2035,TEMPEL1,9P/Tempel 1,FLYBY,1,2035-07-15T00:00:00Z,2037-07-14T00:00:00Z,730,10.487068,5.103483,109.978595,575.946,EXISTING_SCREEN_SINGLE_CANDIDATE
2035,TEMPEL1,9P/Tempel 1,ORBITAL_RECON,2,2035-07-15T00:00:00Z,2037-07-14T00:00:00Z,730,10.487068,5.103483,109.978595,810.282,EXISTING_SCREEN_SINGLE_CANDIDATE
2035,TEMPEL1,9P/Tempel 1,RENDEZVOUS,2,2035-07-15T00:00:00Z,2037-07-14T00:00:00Z,730,10.487068,5.103483,109.978595,810.282,EXISTING_SCREEN_SINGLE_CANDIDATE
2035,TEMPEL1,9P/Tempel 1,LANDING_PROSPECTING,5,2035-07-15T00:00:00Z,2037-07-14T00:00:00Z,730,10.487068,5.103483,109.978595,1386.786,EXISTING_SCREEN_SINGLE_CANDIDATE
2035,TEMPEL1,9P/Tempel 1,CARGO_DELIVERY,20,2035-07-15T00:00:00Z,2037-07-14T00:00:00Z,730,10.487068,5.103483,109.978595,2430.145,EXISTING_SCREEN_SINGLE_CANDIDATE
2035,TEMPEL1,9P/Tempel 1,CREWED_TRANSPORT,100,2035-07-15T00:00:00Z,2037-07-14T00:00:00Z,730,10.487068,5.103483,109.978595,11286.776,EXISTING_SCREEN_SINGLE_CANDIDATE
2026,TETHYS,Tethys,FLYBY,1,2026-06-15T00:00:00Z,2028-06-14T00:00:00Z,730,14.210476,18.661071,201.937625,1031.122,REFINED_GROUPED_LAMBERT_GRID
2026,TETHYS,Tethys,ORBITAL_RECON,2,2026-06-15T00:00:00Z,2030-06-14T00:00:00Z,1460,11.294616,7.169161,127.568357,1334.367,REFINED_GROUPED_LAMBERT_GRID
2026,TETHYS,Tethys,RENDEZVOUS,2,2026-06-15T00:00:00Z,2030-06-14T00:00:00Z,1460,11.294616,7.169161,127.568357,1334.367,REFINED_GROUPED_LAMBERT_GRID
2026,TETHYS,Tethys,LANDING_PROSPECTING,5,2026-06-15T00:00:00Z,2030-06-14T00:00:00Z,1460,11.294616,7.169161,127.568357,1991.23,REFINED_GROUPED_LAMBERT_GRID
2026,TETHYS,Tethys,CARGO_DELIVERY,20,2026-06-15T00:00:00Z,2030-06-14T00:00:00Z,1460,11.294616,7.169161,127.568357,3570.315,REFINED_GROUPED_LAMBERT_GRID
2026,TETHYS,Tethys,CREWED_TRANSPORT,100,2026-06-15T00:00:00Z,2030-06-14T00:00:00Z,1460,11.294616,7.169161,127.568357,16145.412,REFINED_GROUPED_LAMBERT_GRID
2027,TETHYS,Tethys,FLYBY,1,2027-06-15T00:00:00Z,2029-06-14T00:00:00Z,730,14.765455,18.652111,218.018662,1040.77,REFINED_GROUPED_LAMBERT_GRID
2027,TETHYS,Tethys,ORBITAL_RECON,2,2027-06-15T00:00:00Z,2031-06-14T00:00:00Z,1460,11.722274,7.158517,137.411707,1340.187,REFINED_GROUPED_LAMBERT_GRID
2027,TETHYS,Tethys,RENDEZVOUS,2,2027-06-15T00:00:00Z,2031-06-14T00:00:00Z,1460,11.722274,7.158517,137.411707,1340.187,REFINED_GROUPED_LAMBERT_GRID
2027,TETHYS,Tethys,LANDING_PROSPECTING,5,2027-06-15T00:00:00Z,2031-06-14T00:00:00Z,1460,11.722274,7.158517,137.411707,1996.92,REFINED_GROUPED_LAMBERT_GRID
2027,TETHYS,Tethys,CARGO_DELIVERY,20,2027-06-15T00:00:00Z,2031-06-14T00:00:00Z,1460,11.722274,7.158517,137.411707,3575.142,REFINED_GROUPED_LAMBERT_GRID
2027,TETHYS,Tethys,CREWED_TRANSPORT,100,2027-07-15T00:00:00Z,2031-07-14T00:00:00Z,1460,12.821415,7.027342,164.388681,16096.444,REFINED_GROUPED_LAMBERT_GRID
2028,TETHYS,Tethys,FLYBY,1,2028-07-15T00:00:00Z,2030-07-15T00:00:00Z,730,14.026102,18.002957,196.731529,1027.998,REFINED_GROUPED_LAMBERT_GRID
2028,TETHYS,Tethys,ORBITAL_RECON,2,2028-07-15T00:00:00Z,2032-07-14T00:00:00Z,1460,11.189939,6.97094,125.214738,1331.374,REFINED_GROUPED_LAMBERT_GRID
2028,TETHYS,Tethys,RENDEZVOUS,2,2028-07-15T00:00:00Z,2032-07-14T00:00:00Z,1460,11.189939,6.97094,125.214738,1331.374,REFINED_GROUPED_LAMBERT_GRID
2028,TETHYS,Tethys,LANDING_PROSPECTING,5,2028-07-15T00:00:00Z,2032-07-14T00:00:00Z,1460,11.189939,6.97094,125.214738,1985.865,REFINED_GROUPED_LAMBERT_GRID
2028,TETHYS,Tethys,CARGO_DELIVERY,20,2028-07-15T00:00:00Z,2032-07-14T00:00:00Z,1460,11.189939,6.97094,125.214738,3549.139,REFINED_GROUPED_LAMBERT_GRID
2028,TETHYS,Tethys,CREWED_TRANSPORT,100,2028-07-15T00:00:00Z,2032-07-14T00:00:00Z,1460,11.189939,6.97094,125.214738,16045.182,REFINED_GROUPED_LAMBERT_GRID
2029,TETHYS,Tethys,FLYBY,1,2029-07-15T00:00:00Z,2031-07-15T00:00:00Z,730,14.264756,18.082014,203.483261,1032.049,REFINED_GROUPED_LAMBERT_GRID
2029,TETHYS,Tethys,ORBITAL_RECON,2,2029-07-15T00:00:00Z,2033-07-14T00:00:00Z,1460,10.638613,6.952675,113.180085,1324.01,REFINED_GROUPED_LAMBERT_GRID
2029,TETHYS,Tethys,RENDEZVOUS,2,2029-07-15T00:00:00Z,2033-07-14T00:00:00Z,1460,10.638613,6.952675,113.180085,1324.01,REFINED_GROUPED_LAMBERT_GRID
2029,TETHYS,Tethys,LANDING_PROSPECTING,5,2029-07-15T00:00:00Z,2033-07-14T00:00:00Z,1460,10.638613,6.952675,113.180085,1978.287,REFINED_GROUPED_LAMBERT_GRID
2029,TETHYS,Tethys,CARGO_DELIVERY,20,2029-07-15T00:00:00Z,2033-07-14T00:00:00Z,1460,10.638613,6.952675,113.180085,3540.133,REFINED_GROUPED_LAMBERT_GRID
2029,TETHYS,Tethys,CREWED_TRANSPORT,100,2029-07-15T00:00:00Z,2033-07-14T00:00:00Z,1460,10.638613,6.952675,113.180085,16029.033,REFINED_GROUPED_LAMBERT_GRID
2030,TETHYS,Tethys,FLYBY,1,2030-08-15T00:00:00Z,2032-08-14T00:00:00Z,730,13.947618,17.548328,194.536054,1026.681,REFINED_GROUPED_LAMBERT_GRID
2030,TETHYS,Tethys,ORBITAL_RECON,2,2030-08-15T00:00:00Z,2034-08-14T00:00:00Z,1460,11.241886,6.85885,126.379996,1331.204,REFINED_GROUPED_LAMBERT_GRID
2030,TETHYS,Tethys,RENDEZVOUS,2,2030-08-15T00:00:00Z,2034-08-14T00:00:00Z,1460,11.241886,6.85885,126.379996,1331.204,REFINED_GROUPED_LAMBERT_GRID
2030,TETHYS,Tethys,LANDING_PROSPECTING,5,2030-08-15T00:00:00Z,2034-08-14T00:00:00Z,1460,11.241886,6.85885,126.379996,1984.391,REFINED_GROUPED_LAMBERT_GRID
2030,TETHYS,Tethys,CARGO_DELIVERY,20,2030-08-15T00:00:00Z,2034-08-14T00:00:00Z,1460,11.241886,6.85885,126.379996,3538.974,REFINED_GROUPED_LAMBERT_GRID
2030,TETHYS,Tethys,CREWED_TRANSPORT,100,2030-08-15T00:00:00Z,2034-08-14T00:00:00Z,1460,11.241886,6.85885,126.379996,15991.557,REFINED_GROUPED_LAMBERT_GRID
2031,TETHYS,Tethys,FLYBY,1,2031-08-15T00:00:00Z,2033-08-14T00:00:00Z,730,14.011726,17.764301,196.328453,1027.756,REFINED_GROUPED_LAMBERT_GRID
2031,TETHYS,Tethys,ORBITAL_RECON,2,2031-08-15T00:00:00Z,2035-08-14T00:00:00Z,1460,10.672954,6.898477,113.911949,1324.029,REFINED_GROUPED_LAMBERT_GRID
2031,TETHYS,Tethys,RENDEZVOUS,2,2031-08-15T00:00:00Z,2035-08-14T00:00:00Z,1460,10.672954,6.898477,113.911949,1324.029,REFINED_GROUPED_LAMBERT_GRID
2031,TETHYS,Tethys,LANDING_PROSPECTING,5,2031-08-15T00:00:00Z,2035-08-14T00:00:00Z,1460,10.672954,6.898477,113.911949,1977.674,REFINED_GROUPED_LAMBERT_GRID
2031,TETHYS,Tethys,CARGO_DELIVERY,20,2031-08-15T00:00:00Z,2035-08-14T00:00:00Z,1460,10.672954,6.898477,113.911949,3535.309,REFINED_GROUPED_LAMBERT_GRID
2031,TETHYS,Tethys,CREWED_TRANSPORT,100,2031-08-15T00:00:00Z,2035-08-14T00:00:00Z,1460,10.672954,6.898477,113.911949,16003.154,REFINED_GROUPED_LAMBERT_GRID
2032,TETHYS,Tethys,FLYBY,1,2032-09-15T00:00:00Z,2034-09-15T00:00:00Z,730,14.079926,17.359122,198.244305,1028.906,REFINED_GROUPED_LAMBERT_GRID
2032,TETHYS,Tethys,ORBITAL_RECON,2,2032-09-15T00:00:00Z,2036-09-14T00:00:00Z,1460,11.634799,6.834169,135.368537,1336.408,REFINED_GROUPED_LAMBERT_GRID
2032,TETHYS,Tethys,RENDEZVOUS,2,2032-09-15T00:00:00Z,2036-09-14T00:00:00Z,1460,11.634799,6.834169,135.368537,1336.408,REFINED_GROUPED_LAMBERT_GRID
2032,TETHYS,Tethys,LANDING_PROSPECTING,5,2032-09-15T00:00:00Z,2036-09-14T00:00:00Z,1460,11.634799,6.834169,135.368537,1989.312,REFINED_GROUPED_LAMBERT_GRID
2032,TETHYS,Tethys,CARGO_DELIVERY,20,2032-09-15T00:00:00Z,2036-09-14T00:00:00Z,1460,11.634799,6.834169,135.368537,3542.005,REFINED_GROUPED_LAMBERT_GRID
2032,TETHYS,Tethys,CREWED_TRANSPORT,100,2032-09-15T00:00:00Z,2036-09-14T00:00:00Z,1460,11.634799,6.834169,135.368537,15985.138,REFINED_GROUPED_LAMBERT_GRID
2033,TETHYS,Tethys,FLYBY,1,2033-09-15T00:00:00Z,2035-09-15T00:00:00Z,730,13.958473,17.735541,194.838981,1026.862,REFINED_GROUPED_LAMBERT_GRID
2033,TETHYS,Tethys,ORBITAL_RECON,2,2033-09-15T00:00:00Z,2037-09-14T00:00:00Z,1460,11.228749,6.934397,126.084814,1331.611,REFINED_GROUPED_LAMBERT_GRID
2033,TETHYS,Tethys,RENDEZVOUS,2,2033-09-15T00:00:00Z,2037-09-14T00:00:00Z,1460,11.228749,6.934397,126.084814,1331.611,REFINED_GROUPED_LAMBERT_GRID
2033,TETHYS,Tethys,LANDING_PROSPECTING,5,2033-09-15T00:00:00Z,2037-09-14T00:00:00Z,1460,11.228749,6.934397,126.084814,1985.674,REFINED_GROUPED_LAMBERT_GRID
2033,TETHYS,Tethys,CARGO_DELIVERY,20,2033-09-15T00:00:00Z,2037-09-14T00:00:00Z,1460,11.228749,6.934397,126.084814,3546.095,REFINED_GROUPED_LAMBERT_GRID
2033,TETHYS,Tethys,CREWED_TRANSPORT,100,2033-10-15T00:00:00Z,2037-10-14T00:00:00Z,1460,13.949778,6.833892,194.596316,16020.543,REFINED_GROUPED_LAMBERT_GRID
2034,TETHYS,Tethys,FLYBY,1,2034-10-15T00:00:00Z,2036-10-14T00:00:00Z,730,14.273632,17.519575,203.736557,1032.201,REFINED_GROUPED_LAMBERT_GRID
2034,TETHYS,Tethys,ORBITAL_RECON,2,2034-10-15T00:00:00Z,2038-10-14T00:00:00Z,1460,11.966928,6.895516,143.207356,1341.583,REFINED_GROUPED_LAMBERT_GRID
2034,TETHYS,Tethys,RENDEZVOUS,2,2034-10-15T00:00:00Z,2038-10-14T00:00:00Z,1460,11.966928,6.895516,143.207356,1341.583,REFINED_GROUPED_LAMBERT_GRID
2034,TETHYS,Tethys,LANDING_PROSPECTING,5,2034-10-15T00:00:00Z,2038-10-14T00:00:00Z,1460,11.966928,6.895516,143.207356,1995.194,REFINED_GROUPED_LAMBERT_GRID
2034,TETHYS,Tethys,CARGO_DELIVERY,20,2034-10-15T00:00:00Z,2038-10-14T00:00:00Z,1460,11.966928,6.895516,143.207356,3552.6,REFINED_GROUPED_LAMBERT_GRID
2034,TETHYS,Tethys,CREWED_TRANSPORT,100,2034-10-15T00:00:00Z,2038-10-14T00:00:00Z,1460,11.966928,6.895516,143.207356,16019.301,REFINED_GROUPED_LAMBERT_GRID
2035,TETHYS,Tethys,FLYBY,1,2035-10-15T00:00:00Z,2037-10-14T00:00:00Z,730,14.161977,18.032618,200.561603,1030.296,REFINED_GROUPED_LAMBERT_GRID
2035,TETHYS,Tethys,ORBITAL_RECON,2,2035-10-15T00:00:00Z,2039-10-14T00:00:00Z,1460,11.557067,7.038877,133.565804,1336.92,REFINED_GROUPED_LAMBERT_GRID
2035,TETHYS,Tethys,RENDEZVOUS,2,2035-10-15T00:00:00Z,2039-10-14T00:00:00Z,1460,11.557067,7.038877,133.565804,1336.92,REFINED_GROUPED_LAMBERT_GRID
2035,TETHYS,Tethys,LANDING_PROSPECTING,5,2035-10-15T00:00:00Z,2039-10-14T00:00:00Z,1460,11.557067,7.038877,133.565804,1992.215,REFINED_GROUPED_LAMBERT_GRID
2035,TETHYS,Tethys,CARGO_DELIVERY,20,2035-10-15T00:00:00Z,2039-10-14T00:00:00Z,1460,11.557067,7.038877,133.565804,3560.844,REFINED_GROUPED_LAMBERT_GRID
2035,TETHYS,Tethys,CREWED_TRANSPORT,100,2035-11-15T00:00:00Z,2039-11-14T00:00:00Z,1460,14.677087,6.929889,215.416896,16079.279,REFINED_GROUPED_LAMBERT_GRID
2026,THEMIS,24 Themis,FLYBY,1,2026-01-15T00:00:00Z,2028-01-15T00:00:00Z,730,10.491584,5.056263,110.073335,576.003,EXISTING_SCREEN_SINGLE_CANDIDATE
2026,THEMIS,24 Themis,ORBITAL_RECON,2,2026-01-15T00:00:00Z,2028-01-15T00:00:00Z,730,10.491584,5.056263,110.073335,809.041,EXISTING_SCREEN_SINGLE_CANDIDATE
2026,THEMIS,24 Themis,RENDEZVOUS,2,2026-01-15T00:00:00Z,2028-01-15T00:00:00Z,730,10.491584,5.056263,110.073335,809.041,EXISTING_SCREEN_SINGLE_CANDIDATE
2026,THEMIS,24 Themis,LANDING_PROSPECTING,5,2026-01-15T00:00:00Z,2028-01-15T00:00:00Z,730,10.491584,5.056263,110.073335,1383.598,EXISTING_SCREEN_SINGLE_CANDIDATE
2026,THEMIS,24 Themis,CARGO_DELIVERY,20,2026-01-15T00:00:00Z,2028-01-15T00:00:00Z,730,10.491584,5.056263,110.073335,2413.978,EXISTING_SCREEN_SINGLE_CANDIDATE
2026,THEMIS,24 Themis,CREWED_TRANSPORT,100,2026-01-15T00:00:00Z,2028-01-15T00:00:00Z,730,10.491584,5.056263,110.073335,11205.715,EXISTING_SCREEN_SINGLE_CANDIDATE
2027,THEMIS,24 Themis,FLYBY,1,2027-07-15T00:00:00Z,2029-07-14T00:00:00Z,730,16.382557,7.72306,268.388174,670.992,EXISTING_SCREEN_SINGLE_CANDIDATE
2027,THEMIS,24 Themis,ORBITAL_RECON,2,2027-07-15T00:00:00Z,2029-07-14T00:00:00Z,730,16.382557,7.72306,268.388174,1003.534,EXISTING_SCREEN_SINGLE_CANDIDATE
2027,THEMIS,24 Themis,RENDEZVOUS,2,2027-07-15T00:00:00Z,2029-07-14T00:00:00Z,730,16.382557,7.72306,268.388174,1003.534,EXISTING_SCREEN_SINGLE_CANDIDATE
2027,THEMIS,24 Themis,LANDING_PROSPECTING,5,2027-07-15T00:00:00Z,2029-07-14T00:00:00Z,730,16.382557,7.72306,268.388174,1727.346,EXISTING_SCREEN_SINGLE_CANDIDATE
2027,THEMIS,24 Themis,CARGO_DELIVERY,20,2027-07-15T00:00:00Z,2029-07-14T00:00:00Z,730,16.382557,7.72306,268.388174,3752.765,EXISTING_SCREEN_SINGLE_CANDIDATE
2027,THEMIS,24 Themis,CREWED_TRANSPORT,100,2027-07-15T00:00:00Z,2029-07-14T00:00:00Z,730,16.382557,7.72306,268.388174,17519.691,EXISTING_SCREEN_SINGLE_CANDIDATE
2028,THEMIS,24 Themis,FLYBY,1,2028-07-15T00:00:00Z,2030-07-15T00:00:00Z,730,6.987402,7.694584,48.823787,539.253,EXISTING_SCREEN_SINGLE_CANDIDATE
2028,THEMIS,24 Themis,ORBITAL_RECON,2,2028-07-15T00:00:00Z,2030-07-15T00:00:00Z,730,6.987402,7.694584,48.823787,870.391,EXISTING_SCREEN_SINGLE_CANDIDATE
2028,THEMIS,24 Themis,RENDEZVOUS,2,2028-07-15T00:00:00Z,2030-07-15T00:00:00Z,730,6.987402,7.694584,48.823787,870.391,EXISTING_SCREEN_SINGLE_CANDIDATE
2028,THEMIS,24 Themis,LANDING_PROSPECTING,5,2028-07-15T00:00:00Z,2030-07-15T00:00:00Z,730,6.987402,7.694584,48.823787,1592.098,EXISTING_SCREEN_SINGLE_CANDIDATE
2028,THEMIS,24 Themis,CARGO_DELIVERY,20,2028-07-15T00:00:00Z,2030-07-15T00:00:00Z,730,6.987402,7.694584,48.823787,3603.478,EXISTING_SCREEN_SINGLE_CANDIDATE
2028,THEMIS,24 Themis,CREWED_TRANSPORT,100,2028-07-15T00:00:00Z,2030-07-15T00:00:00Z,730,6.987402,7.694584,48.823787,17300.215,EXISTING_SCREEN_SINGLE_CANDIDATE
2029,THEMIS,24 Themis,FLYBY,1,2029-07-15T00:00:00Z,2030-07-15T00:00:00Z,365,12.175305,8.622278,148.238052,568.922,EXISTING_SCREEN_SINGLE_CANDIDATE
2029,THEMIS,24 Themis,ORBITAL_RECON,2,2029-07-15T00:00:00Z,2030-07-15T00:00:00Z,365,12.175305,8.622278,148.238052,950.688,EXISTING_SCREEN_SINGLE_CANDIDATE
2029,THEMIS,24 Themis,RENDEZVOUS,2,2029-07-15T00:00:00Z,2030-07-15T00:00:00Z,365,12.175305,8.622278,148.238052,950.688,EXISTING_SCREEN_SINGLE_CANDIDATE
2029,THEMIS,24 Themis,LANDING_PROSPECTING,5,2029-07-15T00:00:00Z,2030-07-15T00:00:00Z,365,12.175305,8.622278,148.238052,1748.337,EXISTING_SCREEN_SINGLE_CANDIDATE
2029,THEMIS,24 Themis,CARGO_DELIVERY,20,2029-07-15T00:00:00Z,2030-07-15T00:00:00Z,365,12.175305,8.622278,148.238052,4265.997,EXISTING_SCREEN_SINGLE_CANDIDATE
2029,THEMIS,24 Themis,CREWED_TRANSPORT,100,2029-07-15T00:00:00Z,2030-07-15T00:00:00Z,365,12.175305,8.622278,148.238052,20374.212,EXISTING_SCREEN_SINGLE_CANDIDATE
2030,THEMIS,24 Themis,FLYBY,1,2030-01-15T00:00:00Z,2034-01-14T00:00:00Z,1460,11.068761,9.576452,122.51747,643.428,EXISTING_SCREEN_SINGLE_CANDIDATE
2030,THEMIS,24 Themis,ORBITAL_RECON,2,2030-01-15T00:00:00Z,2034-01-14T00:00:00Z,1460,11.068761,9.576452,122.51747,1089.384,EXISTING_SCREEN_SINGLE_CANDIDATE
2030,THEMIS,24 Themis,RENDEZVOUS,2,2030-01-15T00:00:00Z,2034-01-14T00:00:00Z,1460,11.068761,9.576452,122.51747,1089.384,EXISTING_SCREEN_SINGLE_CANDIDATE
2030,THEMIS,24 Themis,LANDING_PROSPECTING,5,2030-01-15T00:00:00Z,2034-01-14T00:00:00Z,1460,11.068761,9.576452,122.51747,1983.318,EXISTING_SCREEN_SINGLE_CANDIDATE
2030,THEMIS,24 Themis,CARGO_DELIVERY,20,2030-01-15T00:00:00Z,2034-01-14T00:00:00Z,1460,11.068761,9.576452,122.51747,5142.877,EXISTING_SCREEN_SINGLE_CANDIDATE
2030,THEMIS,24 Themis,CREWED_TRANSPORT,100,2030-01-15T00:00:00Z,2034-01-14T00:00:00Z,1460,11.068761,9.576452,122.51747,24820.343,EXISTING_SCREEN_SINGLE_CANDIDATE
2031,THEMIS,24 Themis,FLYBY,1,2031-01-15T00:00:00Z,2033-01-14T00:00:00Z,730,7.594155,5.440328,57.67119,544.562,EXISTING_SCREEN_SINGLE_CANDIDATE
2031,THEMIS,24 Themis,ORBITAL_RECON,2,2031-01-15T00:00:00Z,2033-01-14T00:00:00Z,730,7.594155,5.440328,57.67119,788.562,EXISTING_SCREEN_SINGLE_CANDIDATE
2031,THEMIS,24 Themis,RENDEZVOUS,2,2031-01-15T00:00:00Z,2033-01-14T00:00:00Z,730,7.594155,5.440328,57.67119,788.562,EXISTING_SCREEN_SINGLE_CANDIDATE
2031,THEMIS,24 Themis,LANDING_PROSPECTING,5,2031-01-15T00:00:00Z,2033-01-14T00:00:00Z,730,7.594155,5.440328,57.67119,1379.562,EXISTING_SCREEN_SINGLE_CANDIDATE
2031,THEMIS,24 Themis,CARGO_DELIVERY,20,2031-01-15T00:00:00Z,2033-01-14T00:00:00Z,730,7.594155,5.440328,57.67119,2519.564,EXISTING_SCREEN_SINGLE_CANDIDATE
2031,THEMIS,24 Themis,CREWED_TRANSPORT,100,2031-01-15T00:00:00Z,2033-01-14T00:00:00Z,730,7.594155,5.440328,57.67119,11859.409,EXISTING_SCREEN_SINGLE_CANDIDATE
2032,THEMIS,24 Themis,FLYBY,1,2032-01-15T00:00:00Z,2034-01-14T00:00:00Z,730,14.309552,5.569148,204.763278,632.817,EXISTING_SCREEN_SINGLE_CANDIDATE
2032,THEMIS,24 Themis,ORBITAL_RECON,2,2032-01-15T00:00:00Z,2034-01-14T00:00:00Z,730,14.309552,5.569148,204.763278,880.709,EXISTING_SCREEN_SINGLE_CANDIDATE
2032,THEMIS,24 Themis,RENDEZVOUS,2,2032-01-15T00:00:00Z,2034-01-14T00:00:00Z,730,14.309552,5.569148,204.763278,880.709,EXISTING_SCREEN_SINGLE_CANDIDATE
2032,THEMIS,24 Themis,LANDING_PROSPECTING,5,2032-01-15T00:00:00Z,2034-01-14T00:00:00Z,730,14.309552,5.569148,204.763278,1477.546,EXISTING_SCREEN_SINGLE_CANDIDATE
2032,THEMIS,24 Themis,CARGO_DELIVERY,20,2032-01-15T00:00:00Z,2034-01-14T00:00:00Z,730,14.309552,5.569148,204.763278,2656.462,EXISTING_SCREEN_SINGLE_CANDIDATE
2032,THEMIS,24 Themis,CREWED_TRANSPORT,100,2032-01-15T00:00:00Z,2034-01-14T00:00:00Z,730,14.309552,5.569148,204.763278,12190.878,EXISTING_SCREEN_SINGLE_CANDIDATE
2033,THEMIS,24 Themis,FLYBY,1,2033-07-15T00:00:00Z,2035-07-15T00:00:00Z,730,11.486578,7.198616,131.941474,589.124,EXISTING_SCREEN_SINGLE_CANDIDATE
2033,THEMIS,24 Themis,ORBITAL_RECON,2,2033-07-15T00:00:00Z,2035-07-15T00:00:00Z,730,11.486578,7.198616,131.941474,897.184,EXISTING_SCREEN_SINGLE_CANDIDATE
2033,THEMIS,24 Themis,RENDEZVOUS,2,2033-07-15T00:00:00Z,2035-07-15T00:00:00Z,730,11.486578,7.198616,131.941474,897.184,EXISTING_SCREEN_SINGLE_CANDIDATE
2033,THEMIS,24 Themis,LANDING_PROSPECTING,5,2033-07-15T00:00:00Z,2035-07-15T00:00:00Z,730,11.486578,7.198616,131.941474,1584.275,EXISTING_SCREEN_SINGLE_CANDIDATE
2033,THEMIS,24 Themis,CARGO_DELIVERY,20,2033-07-15T00:00:00Z,2035-07-15T00:00:00Z,730,11.486578,7.198616,131.941474,3364.878,EXISTING_SCREEN_SINGLE_CANDIDATE
2033,THEMIS,24 Themis,CREWED_TRANSPORT,100,2033-07-15T00:00:00Z,2035-07-15T00:00:00Z,730,11.486578,7.198616,131.941474,15907.733,EXISTING_SCREEN_SINGLE_CANDIDATE
2034,THEMIS,24 Themis,FLYBY,1,2034-07-15T00:00:00Z,2035-07-15T00:00:00Z,365,7.3252,8.923123,53.658555,512.175,EXISTING_SCREEN_SINGLE_CANDIDATE
2034,THEMIS,24 Themis,ORBITAL_RECON,2,2034-07-15T00:00:00Z,2035-07-15T00:00:00Z,365,7.3252,8.923123,53.658555,912.73,EXISTING_SCREEN_SINGLE_CANDIDATE
2034,THEMIS,24 Themis,RENDEZVOUS,2,2034-07-15T00:00:00Z,2035-07-15T00:00:00Z,365,7.3252,8.923123,53.658555,912.73,EXISTING_SCREEN_SINGLE_CANDIDATE
2034,THEMIS,24 Themis,LANDING_PROSPECTING,5,2034-07-15T00:00:00Z,2035-07-15T00:00:00Z,365,7.3252,8.923123,53.658555,1738.564,EXISTING_SCREEN_SINGLE_CANDIDATE
2034,THEMIS,24 Themis,CARGO_DELIVERY,20,2034-07-15T00:00:00Z,2035-07-15T00:00:00Z,365,7.3252,8.923123,53.658555,4444.122,EXISTING_SCREEN_SINGLE_CANDIDATE
2034,THEMIS,24 Themis,CREWED_TRANSPORT,100,2034-07-15T00:00:00Z,2035-07-15T00:00:00Z,365,7.3252,8.923123,53.658555,21491.831,EXISTING_SCREEN_SINGLE_CANDIDATE
2035,THEMIS,24 Themis,FLYBY,1,2035-01-15T00:00:00Z,2039-01-14T00:00:00Z,1460,8.474664,10.06496,71.81993,613.01,EXISTING_SCREEN_SINGLE_CANDIDATE
2035,THEMIS,24 Themis,ORBITAL_RECON,2,2035-01-15T00:00:00Z,2039-01-14T00:00:00Z,1460,8.474664,10.06496,71.81993,1097.489,EXISTING_SCREEN_SINGLE_CANDIDATE
2035,THEMIS,24 Themis,RENDEZVOUS,2,2035-01-15T00:00:00Z,2039-01-14T00:00:00Z,1460,8.474664,10.06496,71.81993,1097.489,EXISTING_SCREEN_SINGLE_CANDIDATE
2035,THEMIS,24 Themis,LANDING_PROSPECTING,5,2035-01-15T00:00:00Z,2039-01-14T00:00:00Z,1460,8.474664,10.06496,71.81993,2049.209,EXISTING_SCREEN_SINGLE_CANDIDATE
2035,THEMIS,24 Themis,CARGO_DELIVERY,20,2035-01-15T00:00:00Z,2039-01-14T00:00:00Z,1460,8.474664,10.06496,71.81993,5594.004,EXISTING_SCREEN_SINGLE_CANDIDATE
2035,THEMIS,24 Themis,CREWED_TRANSPORT,100,2035-01-15T00:00:00Z,2039-01-14T00:00:00Z,1460,8.474664,10.06496,71.81993,27197.654,EXISTING_SCREEN_SINGLE_CANDIDATE
2026,TITAN,Titan,FLYBY,1,2026-06-15T00:00:00Z,2028-06-14T00:00:00Z,730,14.210476,18.661071,201.937625,1031.122,REFINED_GROUPED_LAMBERT_GRID
2026,TITAN,Titan,ORBITAL_RECON,2,2026-06-15T00:00:00Z,2030-06-14T00:00:00Z,1460,11.294616,7.169161,127.568357,1334.367,REFINED_GROUPED_LAMBERT_GRID
2026,TITAN,Titan,RENDEZVOUS,2,2026-06-15T00:00:00Z,2030-06-14T00:00:00Z,1460,11.294616,7.169161,127.568357,1334.367,REFINED_GROUPED_LAMBERT_GRID
2026,TITAN,Titan,LANDING_PROSPECTING,5,2026-06-15T00:00:00Z,2030-06-14T00:00:00Z,1460,11.294616,7.169161,127.568357,1991.23,REFINED_GROUPED_LAMBERT_GRID
2026,TITAN,Titan,CARGO_DELIVERY,20,2026-06-15T00:00:00Z,2030-06-14T00:00:00Z,1460,11.294616,7.169161,127.568357,3570.315,REFINED_GROUPED_LAMBERT_GRID
2026,TITAN,Titan,CREWED_TRANSPORT,100,2026-06-15T00:00:00Z,2030-06-14T00:00:00Z,1460,11.294616,7.169161,127.568357,16145.412,REFINED_GROUPED_LAMBERT_GRID
2027,TITAN,Titan,FLYBY,1,2027-06-15T00:00:00Z,2029-06-14T00:00:00Z,730,14.765455,18.652111,218.018662,1040.77,REFINED_GROUPED_LAMBERT_GRID
2027,TITAN,Titan,ORBITAL_RECON,2,2027-06-15T00:00:00Z,2031-06-14T00:00:00Z,1460,11.722274,7.158517,137.411707,1340.187,REFINED_GROUPED_LAMBERT_GRID
2027,TITAN,Titan,RENDEZVOUS,2,2027-06-15T00:00:00Z,2031-06-14T00:00:00Z,1460,11.722274,7.158517,137.411707,1340.187,REFINED_GROUPED_LAMBERT_GRID
2027,TITAN,Titan,LANDING_PROSPECTING,5,2027-06-15T00:00:00Z,2031-06-14T00:00:00Z,1460,11.722274,7.158517,137.411707,1996.92,REFINED_GROUPED_LAMBERT_GRID
2027,TITAN,Titan,CARGO_DELIVERY,20,2027-06-15T00:00:00Z,2031-06-14T00:00:00Z,1460,11.722274,7.158517,137.411707,3575.142,REFINED_GROUPED_LAMBERT_GRID
2027,TITAN,Titan,CREWED_TRANSPORT,100,2027-07-15T00:00:00Z,2031-07-14T00:00:00Z,1460,12.821415,7.027342,164.388681,16096.444,REFINED_GROUPED_LAMBERT_GRID
2028,TITAN,Titan,FLYBY,1,2028-07-15T00:00:00Z,2030-07-15T00:00:00Z,730,14.026102,18.002957,196.731529,1027.998,REFINED_GROUPED_LAMBERT_GRID
2028,TITAN,Titan,ORBITAL_RECON,2,2028-07-15T00:00:00Z,2032-07-14T00:00:00Z,1460,11.189939,6.97094,125.214738,1331.374,REFINED_GROUPED_LAMBERT_GRID
2028,TITAN,Titan,RENDEZVOUS,2,2028-07-15T00:00:00Z,2032-07-14T00:00:00Z,1460,11.189939,6.97094,125.214738,1331.374,REFINED_GROUPED_LAMBERT_GRID
2028,TITAN,Titan,LANDING_PROSPECTING,5,2028-07-15T00:00:00Z,2032-07-14T00:00:00Z,1460,11.189939,6.97094,125.214738,1985.865,REFINED_GROUPED_LAMBERT_GRID
2028,TITAN,Titan,CARGO_DELIVERY,20,2028-07-15T00:00:00Z,2032-07-14T00:00:00Z,1460,11.189939,6.97094,125.214738,3549.139,REFINED_GROUPED_LAMBERT_GRID
2028,TITAN,Titan,CREWED_TRANSPORT,100,2028-07-15T00:00:00Z,2032-07-14T00:00:00Z,1460,11.189939,6.97094,125.214738,16045.182,REFINED_GROUPED_LAMBERT_GRID
2029,TITAN,Titan,FLYBY,1,2029-07-15T00:00:00Z,2031-07-15T00:00:00Z,730,14.264756,18.082014,203.483261,1032.049,REFINED_GROUPED_LAMBERT_GRID
2029,TITAN,Titan,ORBITAL_RECON,2,2029-07-15T00:00:00Z,2033-07-14T00:00:00Z,1460,10.638613,6.952675,113.180085,1324.01,REFINED_GROUPED_LAMBERT_GRID
2029,TITAN,Titan,RENDEZVOUS,2,2029-07-15T00:00:00Z,2033-07-14T00:00:00Z,1460,10.638613,6.952675,113.180085,1324.01,REFINED_GROUPED_LAMBERT_GRID
2029,TITAN,Titan,LANDING_PROSPECTING,5,2029-07-15T00:00:00Z,2033-07-14T00:00:00Z,1460,10.638613,6.952675,113.180085,1978.287,REFINED_GROUPED_LAMBERT_GRID
2029,TITAN,Titan,CARGO_DELIVERY,20,2029-07-15T00:00:00Z,2033-07-14T00:00:00Z,1460,10.638613,6.952675,113.180085,3540.133,REFINED_GROUPED_LAMBERT_GRID
2029,TITAN,Titan,CREWED_TRANSPORT,100,2029-07-15T00:00:00Z,2033-07-14T00:00:00Z,1460,10.638613,6.952675,113.180085,16029.033,REFINED_GROUPED_LAMBERT_GRID
2030,TITAN,Titan,FLYBY,1,2030-08-15T00:00:00Z,2032-08-14T00:00:00Z,730,13.947618,17.548328,194.536054,1026.681,REFINED_GROUPED_LAMBERT_GRID
2030,TITAN,Titan,ORBITAL_RECON,2,2030-08-15T00:00:00Z,2034-08-14T00:00:00Z,1460,11.241886,6.85885,126.379996,1331.204,REFINED_GROUPED_LAMBERT_GRID
2030,TITAN,Titan,RENDEZVOUS,2,2030-08-15T00:00:00Z,2034-08-14T00:00:00Z,1460,11.241886,6.85885,126.379996,1331.204,REFINED_GROUPED_LAMBERT_GRID
2030,TITAN,Titan,LANDING_PROSPECTING,5,2030-08-15T00:00:00Z,2034-08-14T00:00:00Z,1460,11.241886,6.85885,126.379996,1984.391,REFINED_GROUPED_LAMBERT_GRID
2030,TITAN,Titan,CARGO_DELIVERY,20,2030-08-15T00:00:00Z,2034-08-14T00:00:00Z,1460,11.241886,6.85885,126.379996,3538.974,REFINED_GROUPED_LAMBERT_GRID
2030,TITAN,Titan,CREWED_TRANSPORT,100,2030-08-15T00:00:00Z,2034-08-14T00:00:00Z,1460,11.241886,6.85885,126.379996,15991.557,REFINED_GROUPED_LAMBERT_GRID
2031,TITAN,Titan,FLYBY,1,2031-08-15T00:00:00Z,2033-08-14T00:00:00Z,730,14.011726,17.764301,196.328453,1027.756,REFINED_GROUPED_LAMBERT_GRID
2031,TITAN,Titan,ORBITAL_RECON,2,2031-08-15T00:00:00Z,2035-08-14T00:00:00Z,1460,10.672954,6.898477,113.911949,1324.029,REFINED_GROUPED_LAMBERT_GRID
2031,TITAN,Titan,RENDEZVOUS,2,2031-08-15T00:00:00Z,2035-08-14T00:00:00Z,1460,10.672954,6.898477,113.911949,1324.029,REFINED_GROUPED_LAMBERT_GRID
2031,TITAN,Titan,LANDING_PROSPECTING,5,2031-08-15T00:00:00Z,2035-08-14T00:00:00Z,1460,10.672954,6.898477,113.911949,1977.674,REFINED_GROUPED_LAMBERT_GRID
2031,TITAN,Titan,CARGO_DELIVERY,20,2031-08-15T00:00:00Z,2035-08-14T00:00:00Z,1460,10.672954,6.898477,113.911949,3535.309,REFINED_GROUPED_LAMBERT_GRID
2031,TITAN,Titan,CREWED_TRANSPORT,100,2031-08-15T00:00:00Z,2035-08-14T00:00:00Z,1460,10.672954,6.898477,113.911949,16003.154,REFINED_GROUPED_LAMBERT_GRID
2032,TITAN,Titan,FLYBY,1,2032-09-15T00:00:00Z,2034-09-15T00:00:00Z,730,14.079926,17.359122,198.244305,1028.906,REFINED_GROUPED_LAMBERT_GRID
2032,TITAN,Titan,ORBITAL_RECON,2,2032-09-15T00:00:00Z,2036-09-14T00:00:00Z,1460,11.634799,6.834169,135.368537,1336.408,REFINED_GROUPED_LAMBERT_GRID
2032,TITAN,Titan,RENDEZVOUS,2,2032-09-15T00:00:00Z,2036-09-14T00:00:00Z,1460,11.634799,6.834169,135.368537,1336.408,REFINED_GROUPED_LAMBERT_GRID
2032,TITAN,Titan,LANDING_PROSPECTING,5,2032-09-15T00:00:00Z,2036-09-14T00:00:00Z,1460,11.634799,6.834169,135.368537,1989.312,REFINED_GROUPED_LAMBERT_GRID
2032,TITAN,Titan,CARGO_DELIVERY,20,2032-09-15T00:00:00Z,2036-09-14T00:00:00Z,1460,11.634799,6.834169,135.368537,3542.005,REFINED_GROUPED_LAMBERT_GRID
2032,TITAN,Titan,CREWED_TRANSPORT,100,2032-09-15T00:00:00Z,2036-09-14T00:00:00Z,1460,11.634799,6.834169,135.368537,15985.138,REFINED_GROUPED_LAMBERT_GRID
2033,TITAN,Titan,FLYBY,1,2033-09-15T00:00:00Z,2035-09-15T00:00:00Z,730,13.958473,17.735541,194.838981,1026.862,REFINED_GROUPED_LAMBERT_GRID
2033,TITAN,Titan,ORBITAL_RECON,2,2033-09-15T00:00:00Z,2037-09-14T00:00:00Z,1460,11.228749,6.934397,126.084814,1331.611,REFINED_GROUPED_LAMBERT_GRID
2033,TITAN,Titan,RENDEZVOUS,2,2033-09-15T00:00:00Z,2037-09-14T00:00:00Z,1460,11.228749,6.934397,126.084814,1331.611,REFINED_GROUPED_LAMBERT_GRID
2033,TITAN,Titan,LANDING_PROSPECTING,5,2033-09-15T00:00:00Z,2037-09-14T00:00:00Z,1460,11.228749,6.934397,126.084814,1985.674,REFINED_GROUPED_LAMBERT_GRID
2033,TITAN,Titan,CARGO_DELIVERY,20,2033-09-15T00:00:00Z,2037-09-14T00:00:00Z,1460,11.228749,6.934397,126.084814,3546.095,REFINED_GROUPED_LAMBERT_GRID
2033,TITAN,Titan,CREWED_TRANSPORT,100,2033-10-15T00:00:00Z,2037-10-14T00:00:00Z,1460,13.949778,6.833892,194.596316,16020.543,REFINED_GROUPED_LAMBERT_GRID
2034,TITAN,Titan,FLYBY,1,2034-10-15T00:00:00Z,2036-10-14T00:00:00Z,730,14.273632,17.519575,203.736557,1032.201,REFINED_GROUPED_LAMBERT_GRID
2034,TITAN,Titan,ORBITAL_RECON,2,2034-10-15T00:00:00Z,2038-10-14T00:00:00Z,1460,11.966928,6.895516,143.207356,1341.583,REFINED_GROUPED_LAMBERT_GRID
2034,TITAN,Titan,RENDEZVOUS,2,2034-10-15T00:00:00Z,2038-10-14T00:00:00Z,1460,11.966928,6.895516,143.207356,1341.583,REFINED_GROUPED_LAMBERT_GRID
2034,TITAN,Titan,LANDING_PROSPECTING,5,2034-10-15T00:00:00Z,2038-10-14T00:00:00Z,1460,11.966928,6.895516,143.207356,1995.194,REFINED_GROUPED_LAMBERT_GRID
2034,TITAN,Titan,CARGO_DELIVERY,20,2034-10-15T00:00:00Z,2038-10-14T00:00:00Z,1460,11.966928,6.895516,143.207356,3552.6,REFINED_GROUPED_LAMBERT_GRID
2034,TITAN,Titan,CREWED_TRANSPORT,100,2034-10-15T00:00:00Z,2038-10-14T00:00:00Z,1460,11.966928,6.895516,143.207356,16019.301,REFINED_GROUPED_LAMBERT_GRID
2035,TITAN,Titan,FLYBY,1,2035-10-15T00:00:00Z,2037-10-14T00:00:00Z,730,14.161977,18.032618,200.561603,1030.296,REFINED_GROUPED_LAMBERT_GRID
2035,TITAN,Titan,ORBITAL_RECON,2,2035-10-15T00:00:00Z,2039-10-14T00:00:00Z,1460,11.557067,7.038877,133.565804,1336.92,REFINED_GROUPED_LAMBERT_GRID
2035,TITAN,Titan,RENDEZVOUS,2,2035-10-15T00:00:00Z,2039-10-14T00:00:00Z,1460,11.557067,7.038877,133.565804,1336.92,REFINED_GROUPED_LAMBERT_GRID
2035,TITAN,Titan,LANDING_PROSPECTING,5,2035-10-15T00:00:00Z,2039-10-14T00:00:00Z,1460,11.557067,7.038877,133.565804,1992.215,REFINED_GROUPED_LAMBERT_GRID
2035,TITAN,Titan,CARGO_DELIVERY,20,2035-10-15T00:00:00Z,2039-10-14T00:00:00Z,1460,11.557067,7.038877,133.565804,3560.844,REFINED_GROUPED_LAMBERT_GRID
2035,TITAN,Titan,CREWED_TRANSPORT,100,2035-11-15T00:00:00Z,2039-11-14T00:00:00Z,1460,14.677087,6.929889,215.416896,16079.279,REFINED_GROUPED_LAMBERT_GRID
2026,TITANIA,Titania,FLYBY,1,2026-08-15T00:00:00Z,2030-08-14T00:00:00Z,1460,16.780213,20.412302,281.575548,1338.863,REFINED_GROUPED_LAMBERT_GRID
2026,TITANIA,Titania,ORBITAL_RECON,2,2026-07-15T00:00:00Z,2034-07-13T00:00:00Z,2920,12.005856,8.497436,144.140568,1615.038,REFINED_GROUPED_LAMBERT_GRID
2026,TITANIA,Titania,RENDEZVOUS,2,2026-07-15T00:00:00Z,2034-07-13T00:00:00Z,2920,12.005856,8.497436,144.140568,1615.038,REFINED_GROUPED_LAMBERT_GRID
2026,TITANIA,Titania,LANDING_PROSPECTING,5,2026-07-15T00:00:00Z,2034-07-13T00:00:00Z,2920,12.005856,8.497436,144.140568,2198.116,REFINED_GROUPED_LAMBERT_GRID
2026,TITANIA,Titania,CARGO_DELIVERY,20,2026-07-15T00:00:00Z,2034-07-13T00:00:00Z,2920,12.005856,8.497436,144.140568,3285.298,REFINED_GROUPED_LAMBERT_GRID
2026,TITANIA,Titania,CREWED_TRANSPORT,100,2026-08-15T00:00:00Z,2034-08-13T00:00:00Z,2920,14.50063,8.412878,210.268257,14262.42,REFINED_GROUPED_LAMBERT_GRID
2027,TITANIA,Titania,FLYBY,1,2027-08-15T00:00:00Z,2031-08-14T00:00:00Z,1460,16.306649,20.375847,265.906796,1329.462,REFINED_GROUPED_LAMBERT_GRID
2027,TITANIA,Titania,ORBITAL_RECON,2,2027-07-15T00:00:00Z,2035-07-13T00:00:00Z,2920,12.224321,8.474786,149.434016,1617.965,REFINED_GROUPED_LAMBERT_GRID
2027,TITANIA,Titania,RENDEZVOUS,2,2027-07-15T00:00:00Z,2035-07-13T00:00:00Z,2920,12.224321,8.474786,149.434016,1617.965,REFINED_GROUPED_LAMBERT_GRID
2027,TITANIA,Titania,LANDING_PROSPECTING,5,2027-07-15T00:00:00Z,2035-07-13T00:00:00Z,2920,12.224321,8.474786,149.434016,2200.669,REFINED_GROUPED_LAMBERT_GRID
2027,TITANIA,Titania,CARGO_DELIVERY,20,2027-07-15T00:00:00Z,2035-07-13T00:00:00Z,2920,12.224321,8.474786,149.434016,3285.359,REFINED_GROUPED_LAMBERT_GRID
2027,TITANIA,Titania,CREWED_TRANSPORT,100,2027-08-15T00:00:00Z,2035-08-13T00:00:00Z,2920,13.755191,8.389698,189.205282,14234.093,REFINED_GROUPED_LAMBERT_GRID
2028,TITANIA,Titania,FLYBY,1,2028-08-15T00:00:00Z,2032-08-14T00:00:00Z,1460,16.007399,20.326597,256.236822,1323.66,REFINED_GROUPED_LAMBERT_GRID
2028,TITANIA,Titania,ORBITAL_RECON,2,2028-07-15T00:00:00Z,2036-07-13T00:00:00Z,2920,12.530464,8.450817,157.012518,1622.25,REFINED_GROUPED_LAMBERT_GRID
2028,TITANIA,Titania,RENDEZVOUS,2,2028-07-15T00:00:00Z,2036-07-13T00:00:00Z,2920,12.530464,8.450817,157.012518,1622.25,REFINED_GROUPED_LAMBERT_GRID
2028,TITANIA,Titania,LANDING_PROSPECTING,5,2028-07-15T00:00:00Z,2036-07-13T00:00:00Z,2920,12.530464,8.450817,157.012518,2204.559,REFINED_GROUPED_LAMBERT_GRID
2028,TITANIA,Titania,CARGO_DELIVERY,20,2028-08-15T00:00:00Z,2036-08-13T00:00:00Z,2920,13.205869,8.364195,174.394975,3285.314,REFINED_GROUPED_LAMBERT_GRID
2028,TITANIA,Titania,CREWED_TRANSPORT,100,2028-08-15T00:00:00Z,2036-08-13T00:00:00Z,2920,13.205869,8.364195,174.394975,14208.024,REFINED_GROUPED_LAMBERT_GRID
2029,TITANIA,Titania,FLYBY,1,2029-08-15T00:00:00Z,2033-08-14T00:00:00Z,1460,15.819642,20.28856,250.261067,1320.075,REFINED_GROUPED_LAMBERT_GRID
2029,TITANIA,Titania,ORBITAL_RECON,2,2029-08-15T00:00:00Z,2037-08-13T00:00:00Z,2920,12.660971,8.340474,160.300192,1623.029,REFINED_GROUPED_LAMBERT_GRID
2029,TITANIA,Titania,RENDEZVOUS,2,2029-08-15T00:00:00Z,2037-08-13T00:00:00Z,2920,12.660971,8.340474,160.300192,1623.029,REFINED_GROUPED_LAMBERT_GRID
2029,TITANIA,Titania,LANDING_PROSPECTING,5,2029-08-15T00:00:00Z,2037-08-13T00:00:00Z,2920,12.660971,8.340474,160.300192,2203.548,REFINED_GROUPED_LAMBERT_GRID
2029,TITANIA,Titania,CARGO_DELIVERY,20,2029-08-15T00:00:00Z,2037-08-13T00:00:00Z,2920,12.660971,8.340474,160.300192,3273.676,REFINED_GROUPED_LAMBERT_GRID
2029,TITANIA,Titania,CREWED_TRANSPORT,100,2029-08-15T00:00:00Z,2037-08-13T00:00:00Z,2920,12.660971,8.340474,160.300192,14183.658,REFINED_GROUPED_LAMBERT_GRID
2030,TITANIA,Titania,FLYBY,1,2030-08-15T00:00:00Z,2034-08-14T00:00:00Z,1460,15.823785,20.250732,250.392158,1320.153,REFINED_GROUPED_LAMBERT_GRID
2030,TITANIA,Titania,ORBITAL_RECON,2,2030-08-15T00:00:00Z,2038-08-13T00:00:00Z,2920,12.26269,8.314733,150.373555,1616.798,REFINED_GROUPED_LAMBERT_GRID
2030,TITANIA,Titania,RENDEZVOUS,2,2030-08-15T00:00:00Z,2038-08-13T00:00:00Z,2920,12.26269,8.314733,150.373555,1616.798,REFINED_GROUPED_LAMBERT_GRID
2030,TITANIA,Titania,LANDING_PROSPECTING,5,2030-08-15T00:00:00Z,2038-08-13T00:00:00Z,2920,12.26269,8.314733,150.373555,2196.904,REFINED_GROUPED_LAMBERT_GRID
2030,TITANIA,Titania,CARGO_DELIVERY,20,2030-08-15T00:00:00Z,2038-08-13T00:00:00Z,2920,12.26269,8.314733,150.373555,3264.283,REFINED_GROUPED_LAMBERT_GRID
2030,TITANIA,Titania,CREWED_TRANSPORT,100,2030-08-15T00:00:00Z,2038-08-13T00:00:00Z,2920,12.26269,8.314733,150.373555,14160.519,REFINED_GROUPED_LAMBERT_GRID
2031,TITANIA,Titania,FLYBY,1,2031-08-15T00:00:00Z,2035-08-14T00:00:00Z,1460,15.957661,20.212922,254.646937,1322.706,REFINED_GROUPED_LAMBERT_GRID
2031,TITANIA,Titania,ORBITAL_RECON,2,2031-08-15T00:00:00Z,2039-08-13T00:00:00Z,2920,11.989061,8.286692,143.73759,1612.518,REFINED_GROUPED_LAMBERT_GRID
2031,TITANIA,Titania,RENDEZVOUS,2,2031-08-15T00:00:00Z,2039-08-13T00:00:00Z,2920,11.989061,8.286692,143.73759,1612.518,REFINED_GROUPED_LAMBERT_GRID
2031,TITANIA,Titania,LANDING_PROSPECTING,5,2031-08-15T00:00:00Z,2039-08-13T00:00:00Z,2920,11.989061,8.286692,143.73759,2192.178,REFINED_GROUPED_LAMBERT_GRID
2031,TITANIA,Titania,CARGO_DELIVERY,20,2031-08-15T00:00:00Z,2039-08-13T00:00:00Z,2920,11.989061,8.286692,143.73759,3256.576,REFINED_GROUPED_LAMBERT_GRID
2031,TITANIA,Titania,CREWED_TRANSPORT,100,2031-08-15T00:00:00Z,2039-08-13T00:00:00Z,2920,11.989061,8.286692,143.73759,14137.911,REFINED_GROUPED_LAMBERT_GRID
2032,TITANIA,Titania,FLYBY,1,2032-08-15T00:00:00Z,2036-08-14T00:00:00Z,1460,16.189182,20.164059,262.089623,1327.172,REFINED_GROUPED_LAMBERT_GRID
2032,TITANIA,Titania,ORBITAL_RECON,2,2032-08-15T00:00:00Z,2040-08-13T00:00:00Z,2920,11.925544,8.254349,142.218592,1611.265,REFINED_GROUPED_LAMBERT_GRID
2032,TITANIA,Titania,RENDEZVOUS,2,2032-08-15T00:00:00Z,2040-08-13T00:00:00Z,2920,11.925544,8.254349,142.218592,1611.265,REFINED_GROUPED_LAMBERT_GRID
2032,TITANIA,Titania,LANDING_PROSPECTING,5,2032-08-15T00:00:00Z,2040-08-13T00:00:00Z,2920,11.925544,8.254349,142.218592,2190.412,REFINED_GROUPED_LAMBERT_GRID
2032,TITANIA,Titania,CARGO_DELIVERY,20,2032-08-15T00:00:00Z,2040-08-13T00:00:00Z,2920,11.925544,8.254349,142.218592,3251.392,REFINED_GROUPED_LAMBERT_GRID
2032,TITANIA,Titania,CREWED_TRANSPORT,100,2032-08-15T00:00:00Z,2040-08-13T00:00:00Z,2920,11.925544,8.254349,142.218592,14115.638,REFINED_GROUPED_LAMBERT_GRID
2033,TITANIA,Titania,FLYBY,1,2033-09-15T00:00:00Z,2037-09-14T00:00:00Z,1460,16.526403,19.790029,273.122003,1333.791,REFINED_GROUPED_LAMBERT_GRID
2033,TITANIA,Titania,ORBITAL_RECON,2,2033-08-15T00:00:00Z,2041-08-13T00:00:00Z,2920,12.010979,8.223653,144.263626,1612.169,REFINED_GROUPED_LAMBERT_GRID
2033,TITANIA,Titania,RENDEZVOUS,2,2033-08-15T00:00:00Z,2041-08-13T00:00:00Z,2920,12.010979,8.223653,144.263626,1612.169,REFINED_GROUPED_LAMBERT_GRID
2033,TITANIA,Titania,LANDING_PROSPECTING,5,2033-08-15T00:00:00Z,2041-08-13T00:00:00Z,2920,12.010979,8.223653,144.263626,2190.833,REFINED_GROUPED_LAMBERT_GRID
2033,TITANIA,Titania,CARGO_DELIVERY,20,2033-08-15T00:00:00Z,2041-08-13T00:00:00Z,2920,12.010979,8.223653,144.263626,3248.589,REFINED_GROUPED_LAMBERT_GRID
2033,TITANIA,Titania,CREWED_TRANSPORT,100,2033-09-15T00:00:00Z,2041-09-13T00:00:00Z,2920,14.351855,8.142869,205.975735,14081.248,REFINED_GROUPED_LAMBERT_GRID
2034,TITANIA,Titania,FLYBY,1,2034-09-15T00:00:00Z,2038-09-14T00:00:00Z,1460,15.979142,19.763206,255.332967,1323.118,REFINED_GROUPED_LAMBERT_GRID
2034,TITANIA,Titania,ORBITAL_RECON,2,2034-08-15T00:00:00Z,2042-08-13T00:00:00Z,2920,12.335407,8.194773,152.162277,1616.607,REFINED_GROUPED_LAMBERT_GRID
2034,TITANIA,Titania,RENDEZVOUS,2,2034-08-15T00:00:00Z,2042-08-13T00:00:00Z,2920,12.335407,8.194773,152.162277,1616.607,REFINED_GROUPED_LAMBERT_GRID
2034,TITANIA,Titania,LANDING_PROSPECTING,5,2034-08-15T00:00:00Z,2042-08-13T00:00:00Z,2920,12.335407,8.194773,152.162277,2194.818,REFINED_GROUPED_LAMBERT_GRID
2034,TITANIA,Titania,CARGO_DELIVERY,20,2034-08-15T00:00:00Z,2042-08-13T00:00:00Z,2920,12.335407,8.194773,152.162277,3249.557,REFINED_GROUPED_LAMBERT_GRID
2034,TITANIA,Titania,CREWED_TRANSPORT,100,2034-09-15T00:00:00Z,2042-09-13T00:00:00Z,2920,13.560704,8.109308,183.892684,14046.426,REFINED_GROUPED_LAMBERT_GRID
2035,TITANIA,Titania,FLYBY,1,2035-09-15T00:00:00Z,2039-09-14T00:00:00Z,1460,15.64981,19.733643,244.916546,1316.868,REFINED_GROUPED_LAMBERT_GRID
2035,TITANIA,Titania,ORBITAL_RECON,2,2035-09-15T00:00:00Z,2043-09-13T00:00:00Z,2920,12.916364,8.077112,166.832472,1624.197,REFINED_GROUPED_LAMBERT_GRID
2035,TITANIA,Titania,RENDEZVOUS,2,2035-09-15T00:00:00Z,2043-09-13T00:00:00Z,2920,12.916364,8.077112,166.832472,1624.197,REFINED_GROUPED_LAMBERT_GRID
2035,TITANIA,Titania,LANDING_PROSPECTING,5,2035-09-15T00:00:00Z,2043-09-13T00:00:00Z,2920,12.916364,8.077112,166.832472,2200.589,REFINED_GROUPED_LAMBERT_GRID
2035,TITANIA,Titania,CARGO_DELIVERY,20,2035-09-15T00:00:00Z,2043-09-13T00:00:00Z,2920,12.916364,8.077112,166.832472,3243.204,REFINED_GROUPED_LAMBERT_GRID
2035,TITANIA,Titania,CREWED_TRANSPORT,100,2035-09-15T00:00:00Z,2043-09-13T00:00:00Z,2920,12.916364,8.077112,166.832472,14015.623,REFINED_GROUPED_LAMBERT_GRID
2026,TOUTATIS,4179 Toutatis,FLYBY,1,2026-01-15T00:00:00Z,2028-01-15T00:00:00Z,730,14.384777,3.148226,206.921809,634.112,EXISTING_SCREEN_SINGLE_CANDIDATE
2026,TOUTATIS,4179 Toutatis,ORBITAL_RECON,2,2026-01-15T00:00:00Z,2028-01-15T00:00:00Z,730,14.384777,3.148226,206.921809,824.63,EXISTING_SCREEN_SINGLE_CANDIDATE
2026,TOUTATIS,4179 Toutatis,RENDEZVOUS,2,2026-01-15T00:00:00Z,2028-01-15T00:00:00Z,730,14.384777,3.148226,206.921809,824.63,EXISTING_SCREEN_SINGLE_CANDIDATE
2026,TOUTATIS,4179 Toutatis,LANDING_PROSPECTING,5,2026-01-15T00:00:00Z,2028-01-15T00:00:00Z,730,14.384777,3.148226,206.921809,1335.408,EXISTING_SCREEN_SINGLE_CANDIDATE
2026,TOUTATIS,4179 Toutatis,CARGO_DELIVERY,20,2026-01-15T00:00:00Z,2028-01-15T00:00:00Z,730,14.384777,3.148226,206.921809,1940.592,EXISTING_SCREEN_SINGLE_CANDIDATE
2026,TOUTATIS,4179 Toutatis,CREWED_TRANSPORT,100,2026-01-15T00:00:00Z,2028-01-15T00:00:00Z,730,14.384777,3.148226,206.921809,8606.345,EXISTING_SCREEN_SINGLE_CANDIDATE
2027,TOUTATIS,4179 Toutatis,FLYBY,1,2027-01-15T00:00:00Z,2029-01-14T00:00:00Z,730,9.798954,4.814387,96.019499,567.571,EXISTING_SCREEN_SINGLE_CANDIDATE
2027,TOUTATIS,4179 Toutatis,ORBITAL_RECON,2,2027-01-15T00:00:00Z,2029-01-14T00:00:00Z,730,9.798954,4.814387,96.019499,794.17,EXISTING_SCREEN_SINGLE_CANDIDATE
2027,TOUTATIS,4179 Toutatis,RENDEZVOUS,2,2027-01-15T00:00:00Z,2029-01-14T00:00:00Z,730,9.798954,4.814387,96.019499,794.17,EXISTING_SCREEN_SINGLE_CANDIDATE
2027,TOUTATIS,4179 Toutatis,LANDING_PROSPECTING,5,2027-01-15T00:00:00Z,2029-01-14T00:00:00Z,730,9.798954,4.814387,96.019499,1359.069,EXISTING_SCREEN_SINGLE_CANDIDATE
2027,TOUTATIS,4179 Toutatis,CARGO_DELIVERY,20,2027-01-15T00:00:00Z,2029-01-14T00:00:00Z,730,9.798954,4.814387,96.019499,2325.062,EXISTING_SCREEN_SINGLE_CANDIDATE
2027,TOUTATIS,4179 Toutatis,CREWED_TRANSPORT,100,2027-01-15T00:00:00Z,2029-01-14T00:00:00Z,730,9.798954,4.814387,96.019499,10794.862,EXISTING_SCREEN_SINGLE_CANDIDATE
2028,TOUTATIS,4179 Toutatis,FLYBY,1,2028-01-15T00:00:00Z,2029-01-14T00:00:00Z,365,3.892395,6.1551,15.150739,489.07,EXISTING_SCREEN_SINGLE_CANDIDATE
2028,TOUTATIS,4179 Toutatis,ORBITAL_RECON,2,2028-01-15T00:00:00Z,2029-01-14T00:00:00Z,365,3.892395,6.1551,15.150739,756.138,EXISTING_SCREEN_SINGLE_CANDIDATE
2028,TOUTATIS,4179 Toutatis,RENDEZVOUS,2,2028-01-15T00:00:00Z,2029-01-14T00:00:00Z,365,3.892395,6.1551,15.150739,756.138,EXISTING_SCREEN_SINGLE_CANDIDATE
2028,TOUTATIS,4179 Toutatis,LANDING_PROSPECTING,5,2028-01-15T00:00:00Z,2029-01-14T00:00:00Z,365,3.892395,6.1551,15.150739,1381.74,EXISTING_SCREEN_SINGLE_CANDIDATE
2028,TOUTATIS,4179 Toutatis,CARGO_DELIVERY,20,2028-01-15T00:00:00Z,2029-01-14T00:00:00Z,365,3.892395,6.1551,15.150739,2752.421,EXISTING_SCREEN_SINGLE_CANDIDATE
2028,TOUTATIS,4179 Toutatis,CREWED_TRANSPORT,100,2028-01-15T00:00:00Z,2029-01-14T00:00:00Z,365,3.892395,6.1551,15.150739,13125.744,EXISTING_SCREEN_SINGLE_CANDIDATE
2029,TOUTATIS,4179 Toutatis,FLYBY,1,2029-01-15T00:00:00Z,2033-01-14T00:00:00Z,1460,14.500603,5.305606,210.267487,696.078,EXISTING_SCREEN_SINGLE_CANDIDATE
2029,TOUTATIS,4179 Toutatis,ORBITAL_RECON,2,2029-01-15T00:00:00Z,2033-01-14T00:00:00Z,1460,14.500603,5.305606,210.267487,936.126,EXISTING_SCREEN_SINGLE_CANDIDATE
2029,TOUTATIS,4179 Toutatis,RENDEZVOUS,2,2029-01-15T00:00:00Z,2033-01-14T00:00:00Z,1460,14.500603,5.305606,210.267487,936.126,EXISTING_SCREEN_SINGLE_CANDIDATE
2029,TOUTATIS,4179 Toutatis,LANDING_PROSPECTING,5,2029-01-15T00:00:00Z,2033-01-14T00:00:00Z,1460,14.500603,5.305606,210.267487,1521.198,EXISTING_SCREEN_SINGLE_CANDIDATE
2029,TOUTATIS,4179 Toutatis,CARGO_DELIVERY,20,2029-01-15T00:00:00Z,2033-01-14T00:00:00Z,1460,14.500603,5.305606,210.267487,2621.677,EXISTING_SCREEN_SINGLE_CANDIDATE
2029,TOUTATIS,4179 Toutatis,CREWED_TRANSPORT,100,2029-01-15T00:00:00Z,2033-01-14T00:00:00Z,1460,14.500603,5.305606,210.267487,12003.745,EXISTING_SCREEN_SINGLE_CANDIDATE
2030,TOUTATIS,4179 Toutatis,FLYBY,1,2030-01-15T00:00:00Z,2032-01-15T00:00:00Z,730,14.605747,3.021299,213.327845,637.956,EXISTING_SCREEN_SINGLE_CANDIDATE
2030,TOUTATIS,4179 Toutatis,ORBITAL_RECON,2,2030-01-15T00:00:00Z,2032-01-15T00:00:00Z,730,14.605747,3.021299,213.327845,826.235,EXISTING_SCREEN_SINGLE_CANDIDATE
2030,TOUTATIS,4179 Toutatis,RENDEZVOUS,2,2030-01-15T00:00:00Z,2032-01-15T00:00:00Z,730,14.605747,3.021299,213.327845,826.235,EXISTING_SCREEN_SINGLE_CANDIDATE
2030,TOUTATIS,4179 Toutatis,LANDING_PROSPECTING,5,2030-01-15T00:00:00Z,2032-01-15T00:00:00Z,730,14.605747,3.021299,213.327845,1333.653,EXISTING_SCREEN_SINGLE_CANDIDATE
2030,TOUTATIS,4179 Toutatis,CARGO_DELIVERY,20,2030-01-15T00:00:00Z,2032-01-15T00:00:00Z,730,14.605747,3.021299,213.327845,1916.443,EXISTING_SCREEN_SINGLE_CANDIDATE
2030,TOUTATIS,4179 Toutatis,CREWED_TRANSPORT,100,2030-01-15T00:00:00Z,2032-01-15T00:00:00Z,730,14.605747,3.021299,213.327845,8470.228,EXISTING_SCREEN_SINGLE_CANDIDATE
2031,TOUTATIS,4179 Toutatis,FLYBY,1,2031-01-15T00:00:00Z,2033-01-14T00:00:00Z,730,10.562165,3.250651,111.559329,576.895,EXISTING_SCREEN_SINGLE_CANDIDATE
2031,TOUTATIS,4179 Toutatis,ORBITAL_RECON,2,2031-01-15T00:00:00Z,2033-01-14T00:00:00Z,730,10.562165,3.250651,111.559329,769.267,EXISTING_SCREEN_SINGLE_CANDIDATE
2031,TOUTATIS,4179 Toutatis,RENDEZVOUS,2,2031-01-15T00:00:00Z,2033-01-14T00:00:00Z,730,10.562165,3.250651,111.559329,769.267,EXISTING_SCREEN_SINGLE_CANDIDATE
2031,TOUTATIS,4179 Toutatis,LANDING_PROSPECTING,5,2031-01-15T00:00:00Z,2033-01-14T00:00:00Z,730,10.562165,3.250651,111.559329,1282.825,EXISTING_SCREEN_SINGLE_CANDIDATE
2031,TOUTATIS,4179 Toutatis,CARGO_DELIVERY,20,2031-01-15T00:00:00Z,2033-01-14T00:00:00Z,730,10.562165,3.250651,111.559329,1906.545,EXISTING_SCREEN_SINGLE_CANDIDATE
2031,TOUTATIS,4179 Toutatis,CREWED_TRANSPORT,100,2031-01-15T00:00:00Z,2033-01-14T00:00:00Z,730,10.562165,3.250651,111.559329,8664.984,EXISTING_SCREEN_SINGLE_CANDIDATE
2032,TOUTATIS,4179 Toutatis,FLYBY,1,2032-01-15T00:00:00Z,2033-01-14T00:00:00Z,365,3.969495,7.234599,15.756891,489.434,EXISTING_SCREEN_SINGLE_CANDIDATE
2032,TOUTATIS,4179 Toutatis,ORBITAL_RECON,2,2032-01-15T00:00:00Z,2033-01-14T00:00:00Z,365,3.969495,7.234599,15.756891,799.084,EXISTING_SCREEN_SINGLE_CANDIDATE
2032,TOUTATIS,4179 Toutatis,RENDEZVOUS,2,2032-01-15T00:00:00Z,2033-01-14T00:00:00Z,365,3.969495,7.234599,15.756891,799.084,EXISTING_SCREEN_SINGLE_CANDIDATE
2032,TOUTATIS,4179 Toutatis,LANDING_PROSPECTING,5,2032-01-15T00:00:00Z,2033-01-14T00:00:00Z,365,3.969495,7.234599,15.756891,1488.56,EXISTING_SCREEN_SINGLE_CANDIDATE
2032,TOUTATIS,4179 Toutatis,CARGO_DELIVERY,20,2032-01-15T00:00:00Z,2033-01-14T00:00:00Z,365,3.969495,7.234599,15.756891,3285.064,EXISTING_SCREEN_SINGLE_CANDIDATE
2032,TOUTATIS,4179 Toutatis,CREWED_TRANSPORT,100,2032-01-15T00:00:00Z,2033-01-14T00:00:00Z,365,3.969495,7.234599,15.756891,15787.505,EXISTING_SCREEN_SINGLE_CANDIDATE
2033,TOUTATIS,4179 Toutatis,FLYBY,1,2033-01-15T00:00:00Z,2037-01-14T00:00:00Z,1460,15.517129,4.182362,240.781292,714.387,EXISTING_SCREEN_SINGLE_CANDIDATE
2033,TOUTATIS,4179 Toutatis,ORBITAL_RECON,2,2033-01-15T00:00:00Z,2037-01-14T00:00:00Z,1460,15.517129,4.182362,240.781292,925.708,EXISTING_SCREEN_SINGLE_CANDIDATE
2033,TOUTATIS,4179 Toutatis,RENDEZVOUS,2,2033-01-15T00:00:00Z,2037-01-14T00:00:00Z,1460,15.517129,4.182362,240.781292,925.708,EXISTING_SCREEN_SINGLE_CANDIDATE
2033,TOUTATIS,4179 Toutatis,LANDING_PROSPECTING,5,2033-01-15T00:00:00Z,2037-01-14T00:00:00Z,1460,15.517129,4.182362,240.781292,1467.689,EXISTING_SCREEN_SINGLE_CANDIDATE
2033,TOUTATIS,4179 Toutatis,CARGO_DELIVERY,20,2033-01-15T00:00:00Z,2037-01-14T00:00:00Z,1460,15.517129,4.182362,240.781292,2280.899,EXISTING_SCREEN_SINGLE_CANDIDATE
2033,TOUTATIS,4179 Toutatis,CREWED_TRANSPORT,100,2033-01-15T00:00:00Z,2037-01-14T00:00:00Z,1460,15.517129,4.182362,240.781292,10226.618,EXISTING_SCREEN_SINGLE_CANDIDATE
2034,TOUTATIS,4179 Toutatis,FLYBY,1,2034-01-15T00:00:00Z,2036-01-15T00:00:00Z,730,14.906645,2.829458,222.208065,643.284,EXISTING_SCREEN_SINGLE_CANDIDATE
2034,TOUTATIS,4179 Toutatis,ORBITAL_RECON,2,2034-01-15T00:00:00Z,2036-01-15T00:00:00Z,730,14.906645,2.829458,222.208065,828.296,EXISTING_SCREEN_SINGLE_CANDIDATE
2034,TOUTATIS,4179 Toutatis,RENDEZVOUS,2,2034-01-15T00:00:00Z,2036-01-15T00:00:00Z,730,14.906645,2.829458,222.208065,828.296,EXISTING_SCREEN_SINGLE_CANDIDATE
2034,TOUTATIS,4179 Toutatis,LANDING_PROSPECTING,5,2034-01-15T00:00:00Z,2036-01-15T00:00:00Z,730,14.906645,2.829458,222.208065,1330.814,EXISTING_SCREEN_SINGLE_CANDIDATE
2034,TOUTATIS,4179 Toutatis,CARGO_DELIVERY,20,2034-01-15T00:00:00Z,2036-01-15T00:00:00Z,730,14.906645,2.829458,222.208065,1880.934,EXISTING_SCREEN_SINGLE_CANDIDATE
2034,TOUTATIS,4179 Toutatis,CREWED_TRANSPORT,100,2034-01-15T00:00:00Z,2036-01-15T00:00:00Z,730,14.906645,2.829458,222.208065,8271.369,EXISTING_SCREEN_SINGLE_CANDIDATE
2035,TOUTATIS,4179 Toutatis,FLYBY,1,2035-01-15T00:00:00Z,2037-01-14T00:00:00Z,730,11.17471,2.651531,124.874144,584.883,EXISTING_SCREEN_SINGLE_CANDIDATE
2035,TOUTATIS,4179 Toutatis,ORBITAL_RECON,2,2035-01-15T00:00:00Z,2037-01-14T00:00:00Z,730,11.17471,2.651531,124.874144,766.987,EXISTING_SCREEN_SINGLE_CANDIDATE
2035,TOUTATIS,4179 Toutatis,RENDEZVOUS,2,2035-01-15T00:00:00Z,2037-01-14T00:00:00Z,730,11.17471,2.651531,124.874144,766.987,EXISTING_SCREEN_SINGLE_CANDIDATE
2035,TOUTATIS,4179 Toutatis,LANDING_PROSPECTING,5,2035-01-15T00:00:00Z,2037-01-14T00:00:00Z,730,11.17471,2.651531,124.874144,1265.143,EXISTING_SCREEN_SINGLE_CANDIDATE
2035,TOUTATIS,4179 Toutatis,CARGO_DELIVERY,20,2035-01-15T00:00:00Z,2037-01-14T00:00:00Z,730,11.17471,2.651531,124.874144,1786.183,EXISTING_SCREEN_SINGLE_CANDIDATE
2035,TOUTATIS,4179 Toutatis,CREWED_TRANSPORT,100,2035-01-15T00:00:00Z,2037-01-14T00:00:00Z,730,11.17471,2.651531,124.874144,8031.215,EXISTING_SCREEN_SINGLE_CANDIDATE
2026,TRITON,Triton,FLYBY,1,2026-05-15T00:00:00Z,2034-05-13T00:00:00Z,2920,14.643301,15.568539,214.426259,1618.491,REFINED_GROUPED_LAMBERT_GRID
2026,TRITON,Triton,ORBITAL_RECON,2,2026-05-15T00:00:00Z,2034-05-13T00:00:00Z,2920,14.643301,15.568539,214.426259,2010.831,REFINED_GROUPED_LAMBERT_GRID
2026,TRITON,Triton,RENDEZVOUS,2,2026-05-15T00:00:00Z,2034-05-13T00:00:00Z,2920,14.643301,15.568539,214.426259,2010.831,REFINED_GROUPED_LAMBERT_GRID
2026,TRITON,Triton,LANDING_PROSPECTING,5,2026-05-15T00:00:00Z,2034-05-13T00:00:00Z,2920,14.643301,15.568539,214.426259,2824.34,REFINED_GROUPED_LAMBERT_GRID
2026,TRITON,Triton,CARGO_DELIVERY,20,2026-06-15T00:00:00Z,2034-06-13T00:00:00Z,2920,16.785982,15.422443,281.769176,5423.753,REFINED_GROUPED_LAMBERT_GRID
2026,TRITON,Triton,CREWED_TRANSPORT,100,2026-07-15T00:00:00Z,2034-07-13T00:00:00Z,2920,24.182798,15.265979,584.807704,24088.296,REFINED_GROUPED_LAMBERT_GRID
2027,TRITON,Triton,FLYBY,1,2027-05-15T00:00:00Z,2035-05-13T00:00:00Z,2920,14.818211,15.580202,219.57939,1621.583,REFINED_GROUPED_LAMBERT_GRID
2027,TRITON,Triton,ORBITAL_RECON,2,2027-05-15T00:00:00Z,2035-05-13T00:00:00Z,2920,14.818211,15.580202,219.57939,2014.339,REFINED_GROUPED_LAMBERT_GRID
2027,TRITON,Triton,RENDEZVOUS,2,2027-05-15T00:00:00Z,2035-05-13T00:00:00Z,2920,14.818211,15.580202,219.57939,2014.339,REFINED_GROUPED_LAMBERT_GRID
2027,TRITON,Triton,LANDING_PROSPECTING,5,2027-05-15T00:00:00Z,2035-05-13T00:00:00Z,2920,14.818211,15.580202,219.57939,2828.474,REFINED_GROUPED_LAMBERT_GRID
2027,TRITON,Triton,CARGO_DELIVERY,20,2027-06-15T00:00:00Z,2035-06-13T00:00:00Z,2920,16.375081,15.437618,268.143286,5422.191,REFINED_GROUPED_LAMBERT_GRID
2027,TRITON,Triton,CREWED_TRANSPORT,100,2027-07-15T00:00:00Z,2035-07-13T00:00:00Z,2920,23.458324,15.280333,550.292977,24098.046,REFINED_GROUPED_LAMBERT_GRID
2028,TRITON,Triton,FLYBY,1,2028-05-15T00:00:00Z,2036-05-13T00:00:00Z,2920,14.945469,15.585832,223.367038,1623.856,REFINED_GROUPED_LAMBERT_GRID
2028,TRITON,Triton,ORBITAL_RECON,2,2028-05-15T00:00:00Z,2036-05-13T00:00:00Z,2920,14.945469,15.585832,223.367038,2016.814,REFINED_GROUPED_LAMBERT_GRID
2028,TRITON,Triton,RENDEZVOUS,2,2028-05-15T00:00:00Z,2036-05-13T00:00:00Z,2920,14.945469,15.585832,223.367038,2016.814,REFINED_GROUPED_LAMBERT_GRID
2028,TRITON,Triton,LANDING_PROSPECTING,5,2028-05-15T00:00:00Z,2036-05-13T00:00:00Z,2920,14.945469,15.585832,223.367038,2831.25,REFINED_GROUPED_LAMBERT_GRID
2028,TRITON,Triton,CARGO_DELIVERY,20,2028-06-15T00:00:00Z,2036-06-13T00:00:00Z,2920,16.11377,15.445135,259.653588,5420.38,REFINED_GROUPED_LAMBERT_GRID
2028,TRITON,Triton,CREWED_TRANSPORT,100,2028-07-15T00:00:00Z,2036-07-13T00:00:00Z,2920,22.996027,15.287218,528.817251,24099.797,REFINED_GROUPED_LAMBERT_GRID
2029,TRITON,Triton,FLYBY,1,2029-05-15T00:00:00Z,2037-05-13T00:00:00Z,2920,15.162471,15.591796,229.900533,1627.776,REFINED_GROUPED_LAMBERT_GRID
2029,TRITON,Triton,ORBITAL_RECON,2,2029-05-15T00:00:00Z,2037-05-13T00:00:00Z,2920,15.162471,15.591796,229.900533,2020.947,REFINED_GROUPED_LAMBERT_GRID
2029,TRITON,Triton,RENDEZVOUS,2,2029-05-15T00:00:00Z,2037-05-13T00:00:00Z,2920,15.162471,15.591796,229.900533,2020.947,REFINED_GROUPED_LAMBERT_GRID
2029,TRITON,Triton,LANDING_PROSPECTING,5,2029-06-15T00:00:00Z,2037-06-13T00:00:00Z,2920,15.746097,15.454688,247.93958,2834.385,REFINED_GROUPED_LAMBERT_GRID
2029,TRITON,Triton,CARGO_DELIVERY,20,2029-06-15T00:00:00Z,2037-06-13T00:00:00Z,2920,15.746097,15.454688,247.93958,5417.528,REFINED_GROUPED_LAMBERT_GRID
2029,TRITON,Triton,CREWED_TRANSPORT,100,2029-07-15T00:00:00Z,2037-07-13T00:00:00Z,2920,22.296377,15.296188,497.128439,24099.877,REFINED_GROUPED_LAMBERT_GRID
2030,TRITON,Triton,FLYBY,1,2030-06-15T00:00:00Z,2038-06-13T00:00:00Z,2920,15.442243,15.460825,238.462882,1632.913,REFINED_GROUPED_LAMBERT_GRID
2030,TRITON,Triton,ORBITAL_RECON,2,2030-06-15T00:00:00Z,2038-06-13T00:00:00Z,2920,15.442243,15.460825,238.462882,2021.443,REFINED_GROUPED_LAMBERT_GRID
2030,TRITON,Triton,RENDEZVOUS,2,2030-06-15T00:00:00Z,2038-06-13T00:00:00Z,2920,15.442243,15.460825,238.462882,2021.443,REFINED_GROUPED_LAMBERT_GRID
2030,TRITON,Triton,LANDING_PROSPECTING,5,2030-06-15T00:00:00Z,2038-06-13T00:00:00Z,2920,15.442243,15.460825,238.462882,2829.237,REFINED_GROUPED_LAMBERT_GRID
2030,TRITON,Triton,CARGO_DELIVERY,20,2030-06-15T00:00:00Z,2038-06-13T00:00:00Z,2920,15.442243,15.460825,238.462882,5414.53,REFINED_GROUPED_LAMBERT_GRID
2030,TRITON,Triton,CREWED_TRANSPORT,100,2030-07-15T00:00:00Z,2038-07-13T00:00:00Z,2920,21.605219,15.302457,466.785491,24095.032,REFINED_GROUPED_LAMBERT_GRID
2031,TRITON,Triton,FLYBY,1,2031-06-15T00:00:00Z,2039-06-13T00:00:00Z,2920,15.143187,15.464967,229.3161,1627.425,REFINED_GROUPED_LAMBERT_GRID
2031,TRITON,Triton,ORBITAL_RECON,2,2031-06-15T00:00:00Z,2039-06-13T00:00:00Z,2920,15.143187,15.464967,229.3161,2016.1,REFINED_GROUPED_LAMBERT_GRID
2031,TRITON,Triton,RENDEZVOUS,2,2031-06-15T00:00:00Z,2039-06-13T00:00:00Z,2920,15.143187,15.464967,229.3161,2016.1,REFINED_GROUPED_LAMBERT_GRID
2031,TRITON,Triton,LANDING_PROSPECTING,5,2031-06-15T00:00:00Z,2039-06-13T00:00:00Z,2920,15.143187,15.464967,229.3161,2824.112,REFINED_GROUPED_LAMBERT_GRID
2031,TRITON,Triton,CARGO_DELIVERY,20,2031-06-15T00:00:00Z,2039-06-13T00:00:00Z,2920,15.143187,15.464967,229.3161,5410.857,REFINED_GROUPED_LAMBERT_GRID
2031,TRITON,Triton,CREWED_TRANSPORT,100,2031-08-15T00:00:00Z,2039-08-13T00:00:00Z,2920,30.203553,15.163612,912.254636,24069.685,REFINED_GROUPED_LAMBERT_GRID
2032,TRITON,Triton,FLYBY,1,2032-06-15T00:00:00Z,2040-06-13T00:00:00Z,2920,15.012599,15.463455,225.378116,1625.063,REFINED_GROUPED_LAMBERT_GRID
2032,TRITON,Triton,ORBITAL_RECON,2,2032-06-15T00:00:00Z,2040-06-13T00:00:00Z,2920,15.012599,15.463455,225.378116,2013.684,REFINED_GROUPED_LAMBERT_GRID
2032,TRITON,Triton,RENDEZVOUS,2,2032-06-15T00:00:00Z,2040-06-13T00:00:00Z,2920,15.012599,15.463455,225.378116,2013.684,REFINED_GROUPED_LAMBERT_GRID
2032,TRITON,Triton,LANDING_PROSPECTING,5,2032-06-15T00:00:00Z,2040-06-13T00:00:00Z,2920,15.012599,15.463455,225.378116,2821.616,REFINED_GROUPED_LAMBERT_GRID
2032,TRITON,Triton,CARGO_DELIVERY,20,2032-06-15T00:00:00Z,2040-06-13T00:00:00Z,2920,15.012599,15.463455,225.378116,5407.831,REFINED_GROUPED_LAMBERT_GRID
2032,TRITON,Triton,CREWED_TRANSPORT,100,2032-08-15T00:00:00Z,2040-08-13T00:00:00Z,2920,29.732954,15.160009,884.048543,24045.26,REFINED_GROUPED_LAMBERT_GRID
2033,TRITON,Triton,FLYBY,1,2033-06-15T00:00:00Z,2041-06-13T00:00:00Z,2920,14.824386,15.466806,219.762432,1621.693,REFINED_GROUPED_LAMBERT_GRID
2033,TRITON,Triton,ORBITAL_RECON,2,2033-06-15T00:00:00Z,2041-06-13T00:00:00Z,2920,14.824386,15.466806,219.762432,2010.432,REFINED_GROUPED_LAMBERT_GRID
2033,TRITON,Triton,RENDEZVOUS,2,2033-06-15T00:00:00Z,2041-06-13T00:00:00Z,2920,14.824386,15.466806,219.762432,2010.432,REFINED_GROUPED_LAMBERT_GRID
2033,TRITON,Triton,LANDING_PROSPECTING,5,2033-06-15T00:00:00Z,2041-06-13T00:00:00Z,2920,14.824386,15.466806,219.762432,2818.541,REFINED_GROUPED_LAMBERT_GRID
2033,TRITON,Triton,CARGO_DELIVERY,20,2033-06-15T00:00:00Z,2041-06-13T00:00:00Z,2920,14.824386,15.466806,219.762432,5405.931,REFINED_GROUPED_LAMBERT_GRID
2033,TRITON,Triton,CREWED_TRANSPORT,100,2033-08-15T00:00:00Z,2041-08-13T00:00:00Z,2920,28.903668,15.161175,835.42203,24018.51,REFINED_GROUPED_LAMBERT_GRID
2034,TRITON,Triton,FLYBY,1,2034-06-15T00:00:00Z,2042-06-13T00:00:00Z,2920,14.655044,15.471591,214.770313,1618.698,REFINED_GROUPED_LAMBERT_GRID
2034,TRITON,Triton,ORBITAL_RECON,2,2034-06-15T00:00:00Z,2042-06-13T00:00:00Z,2920,14.655044,15.471591,214.770313,2007.605,REFINED_GROUPED_LAMBERT_GRID
2034,TRITON,Triton,RENDEZVOUS,2,2034-06-15T00:00:00Z,2042-06-13T00:00:00Z,2920,14.655044,15.471591,214.770313,2007.605,REFINED_GROUPED_LAMBERT_GRID
2034,TRITON,Triton,LANDING_PROSPECTING,5,2034-06-15T00:00:00Z,2042-06-13T00:00:00Z,2920,14.655044,15.471591,214.770313,2815.965,REFINED_GROUPED_LAMBERT_GRID
2034,TRITON,Triton,CARGO_DELIVERY,20,2034-06-15T00:00:00Z,2042-06-13T00:00:00Z,2920,14.655044,15.471591,214.770313,5405.035,REFINED_GROUPED_LAMBERT_GRID
2034,TRITON,Triton,CREWED_TRANSPORT,100,2034-08-15T00:00:00Z,2042-08-13T00:00:00Z,2920,28.108957,15.164304,790.113448,23997.843,REFINED_GROUPED_LAMBERT_GRID
2035,TRITON,Triton,FLYBY,1,2035-06-15T00:00:00Z,2043-06-13T00:00:00Z,2920,14.580511,15.478241,212.59131,1617.391,REFINED_GROUPED_LAMBERT_GRID
2035,TRITON,Triton,ORBITAL_RECON,2,2035-06-15T00:00:00Z,2043-06-13T00:00:00Z,2920,14.580511,15.478241,212.59131,2006.531,REFINED_GROUPED_LAMBERT_GRID
2035,TRITON,Triton,RENDEZVOUS,2,2035-06-15T00:00:00Z,2043-06-13T00:00:00Z,2920,14.580511,15.478241,212.59131,2006.531,REFINED_GROUPED_LAMBERT_GRID
2035,TRITON,Triton,LANDING_PROSPECTING,5,2035-06-15T00:00:00Z,2043-06-13T00:00:00Z,2920,14.580511,15.478241,212.59131,2815.242,REFINED_GROUPED_LAMBERT_GRID
2035,TRITON,Triton,CARGO_DELIVERY,20,2035-06-15T00:00:00Z,2043-06-13T00:00:00Z,2920,14.580511,15.478241,212.59131,5406.649,REFINED_GROUPED_LAMBERT_GRID
2035,TRITON,Triton,CREWED_TRANSPORT,100,2035-08-15T00:00:00Z,2043-08-13T00:00:00Z,2920,27.324091,15.17074,746.605943,23985.152,REFINED_GROUPED_LAMBERT_GRID
2026,UMBRIEL,Umbriel,FLYBY,1,2026-08-15T00:00:00Z,2030-08-14T00:00:00Z,1460,16.780213,20.412302,281.575548,1338.863,REFINED_GROUPED_LAMBERT_GRID
2026,UMBRIEL,Umbriel,ORBITAL_RECON,2,2026-07-15T00:00:00Z,2034-07-13T00:00:00Z,2920,12.005856,8.497436,144.140568,1615.038,REFINED_GROUPED_LAMBERT_GRID
2026,UMBRIEL,Umbriel,RENDEZVOUS,2,2026-07-15T00:00:00Z,2034-07-13T00:00:00Z,2920,12.005856,8.497436,144.140568,1615.038,REFINED_GROUPED_LAMBERT_GRID
2026,UMBRIEL,Umbriel,LANDING_PROSPECTING,5,2026-07-15T00:00:00Z,2034-07-13T00:00:00Z,2920,12.005856,8.497436,144.140568,2198.116,REFINED_GROUPED_LAMBERT_GRID
2026,UMBRIEL,Umbriel,CARGO_DELIVERY,20,2026-07-15T00:00:00Z,2034-07-13T00:00:00Z,2920,12.005856,8.497436,144.140568,3285.298,REFINED_GROUPED_LAMBERT_GRID
2026,UMBRIEL,Umbriel,CREWED_TRANSPORT,100,2026-08-15T00:00:00Z,2034-08-13T00:00:00Z,2920,14.50063,8.412878,210.268257,14262.42,REFINED_GROUPED_LAMBERT_GRID
2027,UMBRIEL,Umbriel,FLYBY,1,2027-08-15T00:00:00Z,2031-08-14T00:00:00Z,1460,16.306649,20.375847,265.906796,1329.462,REFINED_GROUPED_LAMBERT_GRID
2027,UMBRIEL,Umbriel,ORBITAL_RECON,2,2027-07-15T00:00:00Z,2035-07-13T00:00:00Z,2920,12.224321,8.474786,149.434016,1617.965,REFINED_GROUPED_LAMBERT_GRID
2027,UMBRIEL,Umbriel,RENDEZVOUS,2,2027-07-15T00:00:00Z,2035-07-13T00:00:00Z,2920,12.224321,8.474786,149.434016,1617.965,REFINED_GROUPED_LAMBERT_GRID
2027,UMBRIEL,Umbriel,LANDING_PROSPECTING,5,2027-07-15T00:00:00Z,2035-07-13T00:00:00Z,2920,12.224321,8.474786,149.434016,2200.669,REFINED_GROUPED_LAMBERT_GRID
2027,UMBRIEL,Umbriel,CARGO_DELIVERY,20,2027-07-15T00:00:00Z,2035-07-13T00:00:00Z,2920,12.224321,8.474786,149.434016,3285.359,REFINED_GROUPED_LAMBERT_GRID
2027,UMBRIEL,Umbriel,CREWED_TRANSPORT,100,2027-08-15T00:00:00Z,2035-08-13T00:00:00Z,2920,13.755191,8.389698,189.205282,14234.093,REFINED_GROUPED_LAMBERT_GRID
2028,UMBRIEL,Umbriel,FLYBY,1,2028-08-15T00:00:00Z,2032-08-14T00:00:00Z,1460,16.007399,20.326597,256.236822,1323.66,REFINED_GROUPED_LAMBERT_GRID
2028,UMBRIEL,Umbriel,ORBITAL_RECON,2,2028-07-15T00:00:00Z,2036-07-13T00:00:00Z,2920,12.530464,8.450817,157.012518,1622.25,REFINED_GROUPED_LAMBERT_GRID
2028,UMBRIEL,Umbriel,RENDEZVOUS,2,2028-07-15T00:00:00Z,2036-07-13T00:00:00Z,2920,12.530464,8.450817,157.012518,1622.25,REFINED_GROUPED_LAMBERT_GRID
2028,UMBRIEL,Umbriel,LANDING_PROSPECTING,5,2028-07-15T00:00:00Z,2036-07-13T00:00:00Z,2920,12.530464,8.450817,157.012518,2204.559,REFINED_GROUPED_LAMBERT_GRID
2028,UMBRIEL,Umbriel,CARGO_DELIVERY,20,2028-08-15T00:00:00Z,2036-08-13T00:00:00Z,2920,13.205869,8.364195,174.394975,3285.314,REFINED_GROUPED_LAMBERT_GRID
2028,UMBRIEL,Umbriel,CREWED_TRANSPORT,100,2028-08-15T00:00:00Z,2036-08-13T00:00:00Z,2920,13.205869,8.364195,174.394975,14208.024,REFINED_GROUPED_LAMBERT_GRID
2029,UMBRIEL,Umbriel,FLYBY,1,2029-08-15T00:00:00Z,2033-08-14T00:00:00Z,1460,15.819642,20.28856,250.261067,1320.075,REFINED_GROUPED_LAMBERT_GRID
2029,UMBRIEL,Umbriel,ORBITAL_RECON,2,2029-08-15T00:00:00Z,2037-08-13T00:00:00Z,2920,12.660971,8.340474,160.300192,1623.029,REFINED_GROUPED_LAMBERT_GRID
2029,UMBRIEL,Umbriel,RENDEZVOUS,2,2029-08-15T00:00:00Z,2037-08-13T00:00:00Z,2920,12.660971,8.340474,160.300192,1623.029,REFINED_GROUPED_LAMBERT_GRID
2029,UMBRIEL,Umbriel,LANDING_PROSPECTING,5,2029-08-15T00:00:00Z,2037-08-13T00:00:00Z,2920,12.660971,8.340474,160.300192,2203.548,REFINED_GROUPED_LAMBERT_GRID
2029,UMBRIEL,Umbriel,CARGO_DELIVERY,20,2029-08-15T00:00:00Z,2037-08-13T00:00:00Z,2920,12.660971,8.340474,160.300192,3273.676,REFINED_GROUPED_LAMBERT_GRID
2029,UMBRIEL,Umbriel,CREWED_TRANSPORT,100,2029-08-15T00:00:00Z,2037-08-13T00:00:00Z,2920,12.660971,8.340474,160.300192,14183.658,REFINED_GROUPED_LAMBERT_GRID
2030,UMBRIEL,Umbriel,FLYBY,1,2030-08-15T00:00:00Z,2034-08-14T00:00:00Z,1460,15.823785,20.250732,250.392158,1320.153,REFINED_GROUPED_LAMBERT_GRID
2030,UMBRIEL,Umbriel,ORBITAL_RECON,2,2030-08-15T00:00:00Z,2038-08-13T00:00:00Z,2920,12.26269,8.314733,150.373555,1616.798,REFINED_GROUPED_LAMBERT_GRID
2030,UMBRIEL,Umbriel,RENDEZVOUS,2,2030-08-15T00:00:00Z,2038-08-13T00:00:00Z,2920,12.26269,8.314733,150.373555,1616.798,REFINED_GROUPED_LAMBERT_GRID
2030,UMBRIEL,Umbriel,LANDING_PROSPECTING,5,2030-08-15T00:00:00Z,2038-08-13T00:00:00Z,2920,12.26269,8.314733,150.373555,2196.904,REFINED_GROUPED_LAMBERT_GRID
2030,UMBRIEL,Umbriel,CARGO_DELIVERY,20,2030-08-15T00:00:00Z,2038-08-13T00:00:00Z,2920,12.26269,8.314733,150.373555,3264.283,REFINED_GROUPED_LAMBERT_GRID
2030,UMBRIEL,Umbriel,CREWED_TRANSPORT,100,2030-08-15T00:00:00Z,2038-08-13T00:00:00Z,2920,12.26269,8.314733,150.373555,14160.519,REFINED_GROUPED_LAMBERT_GRID
2031,UMBRIEL,Umbriel,FLYBY,1,2031-08-15T00:00:00Z,2035-08-14T00:00:00Z,1460,15.957661,20.212922,254.646937,1322.706,REFINED_GROUPED_LAMBERT_GRID
2031,UMBRIEL,Umbriel,ORBITAL_RECON,2,2031-08-15T00:00:00Z,2039-08-13T00:00:00Z,2920,11.989061,8.286692,143.73759,1612.518,REFINED_GROUPED_LAMBERT_GRID
2031,UMBRIEL,Umbriel,RENDEZVOUS,2,2031-08-15T00:00:00Z,2039-08-13T00:00:00Z,2920,11.989061,8.286692,143.73759,1612.518,REFINED_GROUPED_LAMBERT_GRID
2031,UMBRIEL,Umbriel,LANDING_PROSPECTING,5,2031-08-15T00:00:00Z,2039-08-13T00:00:00Z,2920,11.989061,8.286692,143.73759,2192.178,REFINED_GROUPED_LAMBERT_GRID
2031,UMBRIEL,Umbriel,CARGO_DELIVERY,20,2031-08-15T00:00:00Z,2039-08-13T00:00:00Z,2920,11.989061,8.286692,143.73759,3256.576,REFINED_GROUPED_LAMBERT_GRID
2031,UMBRIEL,Umbriel,CREWED_TRANSPORT,100,2031-08-15T00:00:00Z,2039-08-13T00:00:00Z,2920,11.989061,8.286692,143.73759,14137.911,REFINED_GROUPED_LAMBERT_GRID
2032,UMBRIEL,Umbriel,FLYBY,1,2032-08-15T00:00:00Z,2036-08-14T00:00:00Z,1460,16.189182,20.164059,262.089623,1327.172,REFINED_GROUPED_LAMBERT_GRID
2032,UMBRIEL,Umbriel,ORBITAL_RECON,2,2032-08-15T00:00:00Z,2040-08-13T00:00:00Z,2920,11.925544,8.254349,142.218592,1611.265,REFINED_GROUPED_LAMBERT_GRID
2032,UMBRIEL,Umbriel,RENDEZVOUS,2,2032-08-15T00:00:00Z,2040-08-13T00:00:00Z,2920,11.925544,8.254349,142.218592,1611.265,REFINED_GROUPED_LAMBERT_GRID
2032,UMBRIEL,Umbriel,LANDING_PROSPECTING,5,2032-08-15T00:00:00Z,2040-08-13T00:00:00Z,2920,11.925544,8.254349,142.218592,2190.412,REFINED_GROUPED_LAMBERT_GRID
2032,UMBRIEL,Umbriel,CARGO_DELIVERY,20,2032-08-15T00:00:00Z,2040-08-13T00:00:00Z,2920,11.925544,8.254349,142.218592,3251.392,REFINED_GROUPED_LAMBERT_GRID
2032,UMBRIEL,Umbriel,CREWED_TRANSPORT,100,2032-08-15T00:00:00Z,2040-08-13T00:00:00Z,2920,11.925544,8.254349,142.218592,14115.638,REFINED_GROUPED_LAMBERT_GRID
2033,UMBRIEL,Umbriel,FLYBY,1,2033-09-15T00:00:00Z,2037-09-14T00:00:00Z,1460,16.526403,19.790029,273.122003,1333.791,REFINED_GROUPED_LAMBERT_GRID
2033,UMBRIEL,Umbriel,ORBITAL_RECON,2,2033-08-15T00:00:00Z,2041-08-13T00:00:00Z,2920,12.010979,8.223653,144.263626,1612.169,REFINED_GROUPED_LAMBERT_GRID
2033,UMBRIEL,Umbriel,RENDEZVOUS,2,2033-08-15T00:00:00Z,2041-08-13T00:00:00Z,2920,12.010979,8.223653,144.263626,1612.169,REFINED_GROUPED_LAMBERT_GRID
2033,UMBRIEL,Umbriel,LANDING_PROSPECTING,5,2033-08-15T00:00:00Z,2041-08-13T00:00:00Z,2920,12.010979,8.223653,144.263626,2190.833,REFINED_GROUPED_LAMBERT_GRID
2033,UMBRIEL,Umbriel,CARGO_DELIVERY,20,2033-08-15T00:00:00Z,2041-08-13T00:00:00Z,2920,12.010979,8.223653,144.263626,3248.589,REFINED_GROUPED_LAMBERT_GRID
2033,UMBRIEL,Umbriel,CREWED_TRANSPORT,100,2033-09-15T00:00:00Z,2041-09-13T00:00:00Z,2920,14.351855,8.142869,205.975735,14081.248,REFINED_GROUPED_LAMBERT_GRID
2034,UMBRIEL,Umbriel,FLYBY,1,2034-09-15T00:00:00Z,2038-09-14T00:00:00Z,1460,15.979142,19.763206,255.332967,1323.118,REFINED_GROUPED_LAMBERT_GRID
2034,UMBRIEL,Umbriel,ORBITAL_RECON,2,2034-08-15T00:00:00Z,2042-08-13T00:00:00Z,2920,12.335407,8.194773,152.162277,1616.607,REFINED_GROUPED_LAMBERT_GRID
2034,UMBRIEL,Umbriel,RENDEZVOUS,2,2034-08-15T00:00:00Z,2042-08-13T00:00:00Z,2920,12.335407,8.194773,152.162277,1616.607,REFINED_GROUPED_LAMBERT_GRID
2034,UMBRIEL,Umbriel,LANDING_PROSPECTING,5,2034-08-15T00:00:00Z,2042-08-13T00:00:00Z,2920,12.335407,8.194773,152.162277,2194.818,REFINED_GROUPED_LAMBERT_GRID
2034,UMBRIEL,Umbriel,CARGO_DELIVERY,20,2034-08-15T00:00:00Z,2042-08-13T00:00:00Z,2920,12.335407,8.194773,152.162277,3249.557,REFINED_GROUPED_LAMBERT_GRID
2034,UMBRIEL,Umbriel,CREWED_TRANSPORT,100,2034-09-15T00:00:00Z,2042-09-13T00:00:00Z,2920,13.560704,8.109308,183.892684,14046.426,REFINED_GROUPED_LAMBERT_GRID
2035,UMBRIEL,Umbriel,FLYBY,1,2035-09-15T00:00:00Z,2039-09-14T00:00:00Z,1460,15.64981,19.733643,244.916546,1316.868,REFINED_GROUPED_LAMBERT_GRID
2035,UMBRIEL,Umbriel,ORBITAL_RECON,2,2035-09-15T00:00:00Z,2043-09-13T00:00:00Z,2920,12.916364,8.077112,166.832472,1624.197,REFINED_GROUPED_LAMBERT_GRID
2035,UMBRIEL,Umbriel,RENDEZVOUS,2,2035-09-15T00:00:00Z,2043-09-13T00:00:00Z,2920,12.916364,8.077112,166.832472,1624.197,REFINED_GROUPED_LAMBERT_GRID
2035,UMBRIEL,Umbriel,LANDING_PROSPECTING,5,2035-09-15T00:00:00Z,2043-09-13T00:00:00Z,2920,12.916364,8.077112,166.832472,2200.589,REFINED_GROUPED_LAMBERT_GRID
2035,UMBRIEL,Umbriel,CARGO_DELIVERY,20,2035-09-15T00:00:00Z,2043-09-13T00:00:00Z,2920,12.916364,8.077112,166.832472,3243.204,REFINED_GROUPED_LAMBERT_GRID
2035,UMBRIEL,Umbriel,CREWED_TRANSPORT,100,2035-09-15T00:00:00Z,2043-09-13T00:00:00Z,2920,12.916364,8.077112,166.832472,14015.623,REFINED_GROUPED_LAMBERT_GRID
2026,VARUNA,20000 Varuna,FLYBY,1,2026-07-15T00:00:00Z,2034-07-13T00:00:00Z,2920,36.7045,25.041201,1347.22032,1498.168,EXISTING_SCREEN_SINGLE_CANDIDATE
2026,VARUNA,20000 Varuna,ORBITAL_RECON,2,2026-07-15T00:00:00Z,2034-07-13T00:00:00Z,2920,36.7045,25.041201,1347.22032,12050.161,EXISTING_SCREEN_SINGLE_CANDIDATE
2026,VARUNA,20000 Varuna,RENDEZVOUS,2,2026-07-15T00:00:00Z,2034-07-13T00:00:00Z,2920,36.7045,25.041201,1347.22032,12050.161,EXISTING_SCREEN_SINGLE_CANDIDATE
2026,VARUNA,20000 Varuna,LANDING_PROSPECTING,5,2026-07-15T00:00:00Z,2034-07-13T00:00:00Z,2920,36.7045,25.041201,1347.22032,28103.152,EXISTING_SCREEN_SINGLE_CANDIDATE
2026,VARUNA,20000 Varuna,CARGO_DELIVERY,20,2026-07-15T00:00:00Z,2034-07-13T00:00:00Z,2920,36.7045,25.041201,1347.22032,132323.086,EXISTING_SCREEN_SINGLE_CANDIDATE
2026,VARUNA,20000 Varuna,CREWED_TRANSPORT,100,2026-07-15T00:00:00Z,2034-07-13T00:00:00Z,2920,36.7045,25.041201,1347.22032,657782.102,EXISTING_SCREEN_SINGLE_CANDIDATE
2027,VARUNA,20000 Varuna,FLYBY,1,2027-07-15T00:00:00Z,2035-07-13T00:00:00Z,2920,36.868748,25.064061,1359.304579,1505.418,EXISTING_SCREEN_SINGLE_CANDIDATE
2027,VARUNA,20000 Varuna,ORBITAL_RECON,2,2027-07-15T00:00:00Z,2035-07-13T00:00:00Z,2920,36.868748,25.064061,1359.304579,12110.592,EXISTING_SCREEN_SINGLE_CANDIDATE
2027,VARUNA,20000 Varuna,RENDEZVOUS,2,2027-07-15T00:00:00Z,2035-07-13T00:00:00Z,2920,36.868748,25.064061,1359.304579,12110.592,EXISTING_SCREEN_SINGLE_CANDIDATE
2027,VARUNA,20000 Varuna,LANDING_PROSPECTING,5,2027-07-15T00:00:00Z,2035-07-13T00:00:00Z,2920,36.868748,25.064061,1359.304579,28243.353,EXISTING_SCREEN_SINGLE_CANDIDATE
2027,VARUNA,20000 Varuna,CARGO_DELIVERY,20,2027-07-15T00:00:00Z,2035-07-13T00:00:00Z,2920,36.868748,25.064061,1359.304579,132995.09,EXISTING_SCREEN_SINGLE_CANDIDATE
2027,VARUNA,20000 Varuna,CREWED_TRANSPORT,100,2027-07-15T00:00:00Z,2035-07-13T00:00:00Z,2920,36.868748,25.064061,1359.304579,661113.121,EXISTING_SCREEN_SINGLE_CANDIDATE
2028,VARUNA,20000 Varuna,FLYBY,1,2028-07-15T00:00:00Z,2036-07-13T00:00:00Z,2920,37.017654,25.092029,1370.306708,1512.02,EXISTING_SCREEN_SINGLE_CANDIDATE
2028,VARUNA,20000 Varuna,ORBITAL_RECON,2,2028-07-15T00:00:00Z,2036-07-13T00:00:00Z,2920,37.017654,25.092029,1370.306708,12182.625,EXISTING_SCREEN_SINGLE_CANDIDATE
2028,VARUNA,20000 Varuna,RENDEZVOUS,2,2028-07-15T00:00:00Z,2036-07-13T00:00:00Z,2920,37.017654,25.092029,1370.306708,12182.625,EXISTING_SCREEN_SINGLE_CANDIDATE
2028,VARUNA,20000 Varuna,LANDING_PROSPECTING,5,2028-07-15T00:00:00Z,2036-07-13T00:00:00Z,2920,37.017654,25.092029,1370.306708,28413.534,EXISTING_SCREEN_SINGLE_CANDIDATE
2028,VARUNA,20000 Varuna,CARGO_DELIVERY,20,2028-07-15T00:00:00Z,2036-07-13T00:00:00Z,2920,37.017654,25.092029,1370.306708,133819.589,EXISTING_SCREEN_SINGLE_CANDIDATE
2028,VARUNA,20000 Varuna,CREWED_TRANSPORT,100,2028-07-15T00:00:00Z,2036-07-13T00:00:00Z,2920,37.017654,25.092029,1370.306708,665209.209,EXISTING_SCREEN_SINGLE_CANDIDATE
2029,VARUNA,20000 Varuna,FLYBY,1,2029-07-15T00:00:00Z,2037-07-13T00:00:00Z,2920,37.179247,25.120547,1382.296407,1519.214,EXISTING_SCREEN_SINGLE_CANDIDATE
2029,VARUNA,20000 Varuna,ORBITAL_RECON,2,2029-07-15T00:00:00Z,2037-07-13T00:00:00Z,2920,37.179247,25.120547,1382.296407,12256.958,EXISTING_SCREEN_SINGLE_CANDIDATE
2029,VARUNA,20000 Varuna,RENDEZVOUS,2,2029-07-15T00:00:00Z,2037-07-13T00:00:00Z,2920,37.179247,25.120547,1382.296407,12256.958,EXISTING_SCREEN_SINGLE_CANDIDATE
2029,VARUNA,20000 Varuna,LANDING_PROSPECTING,5,2029-07-15T00:00:00Z,2037-07-13T00:00:00Z,2920,37.179247,25.120547,1382.296407,28588.574,EXISTING_SCREEN_SINGLE_CANDIDATE
2029,VARUNA,20000 Varuna,CARGO_DELIVERY,20,2029-07-15T00:00:00Z,2037-07-13T00:00:00Z,2920,37.179247,25.120547,1382.296407,134666.015,EXISTING_SCREEN_SINGLE_CANDIDATE
2029,VARUNA,20000 Varuna,CREWED_TRANSPORT,100,2029-07-15T00:00:00Z,2037-07-13T00:00:00Z,2920,37.179247,25.120547,1382.296407,669412.565,EXISTING_SCREEN_SINGLE_CANDIDATE
2030,VARUNA,20000 Varuna,FLYBY,1,2030-07-15T00:00:00Z,2038-07-13T00:00:00Z,2920,37.3767,25.149175,1397.017703,1528.046,EXISTING_SCREEN_SINGLE_CANDIDATE
2030,VARUNA,20000 Varuna,ORBITAL_RECON,2,2030-07-15T00:00:00Z,2038-07-13T00:00:00Z,2920,37.3767,25.149175,1397.017703,12333.617,EXISTING_SCREEN_SINGLE_CANDIDATE
2030,VARUNA,20000 Varuna,RENDEZVOUS,2,2030-07-15T00:00:00Z,2038-07-13T00:00:00Z,2920,37.3767,25.149175,1397.017703,12333.617,EXISTING_SCREEN_SINGLE_CANDIDATE
2030,VARUNA,20000 Varuna,LANDING_PROSPECTING,5,2030-07-15T00:00:00Z,2038-07-13T00:00:00Z,2920,37.3767,25.149175,1397.017703,28766.974,EXISTING_SCREEN_SINGLE_CANDIDATE
2030,VARUNA,20000 Varuna,CARGO_DELIVERY,20,2030-07-15T00:00:00Z,2038-07-13T00:00:00Z,2920,37.3767,25.149175,1397.017703,135522.684,EXISTING_SCREEN_SINGLE_CANDIDATE
2030,VARUNA,20000 Varuna,CREWED_TRANSPORT,100,2030-07-15T00:00:00Z,2038-07-13T00:00:00Z,2920,37.3767,25.149175,1397.017703,673660.577,EXISTING_SCREEN_SINGLE_CANDIDATE
2031,VARUNA,20000 Varuna,FLYBY,1,2031-07-15T00:00:00Z,2039-07-13T00:00:00Z,2920,37.581396,25.176811,1412.361325,1537.253,EXISTING_SCREEN_SINGLE_CANDIDATE
2031,VARUNA,20000 Varuna,ORBITAL_RECON,2,2031-07-15T00:00:00Z,2039-07-13T00:00:00Z,2920,37.581396,25.176811,1412.361325,12408.711,EXISTING_SCREEN_SINGLE_CANDIDATE
2031,VARUNA,20000 Varuna,RENDEZVOUS,2,2031-07-15T00:00:00Z,2039-07-13T00:00:00Z,2920,37.581396,25.176811,1412.361325,12408.711,EXISTING_SCREEN_SINGLE_CANDIDATE
2031,VARUNA,20000 Varuna,LANDING_PROSPECTING,5,2031-07-15T00:00:00Z,2039-07-13T00:00:00Z,2920,37.581396,25.176811,1412.361325,28940.898,EXISTING_SCREEN_SINGLE_CANDIDATE
2031,VARUNA,20000 Varuna,CARGO_DELIVERY,20,2031-07-15T00:00:00Z,2039-07-13T00:00:00Z,2920,37.581396,25.176811,1412.361325,136355.48,EXISTING_SCREEN_SINGLE_CANDIDATE
2031,VARUNA,20000 Varuna,CREWED_TRANSPORT,100,2031-07-15T00:00:00Z,2039-07-13T00:00:00Z,2920,37.581396,25.176811,1412.361325,677787.732,EXISTING_SCREEN_SINGLE_CANDIDATE
2032,VARUNA,20000 Varuna,FLYBY,1,2032-07-15T00:00:00Z,2040-07-13T00:00:00Z,2920,37.683297,25.203592,1420.030873,1541.854,EXISTING_SCREEN_SINGLE_CANDIDATE
2032,VARUNA,20000 Varuna,ORBITAL_RECON,2,2032-07-15T00:00:00Z,2040-07-13T00:00:00Z,2920,37.683297,25.203592,1420.030873,12477.548,EXISTING_SCREEN_SINGLE_CANDIDATE
2032,VARUNA,20000 Varuna,RENDEZVOUS,2,2032-07-15T00:00:00Z,2040-07-13T00:00:00Z,2920,37.683297,25.203592,1420.030873,12477.548,EXISTING_SCREEN_SINGLE_CANDIDATE
2032,VARUNA,20000 Varuna,LANDING_PROSPECTING,5,2032-07-15T00:00:00Z,2040-07-13T00:00:00Z,2920,37.683297,25.203592,1420.030873,29106.09,EXISTING_SCREEN_SINGLE_CANDIDATE
2032,VARUNA,20000 Varuna,CARGO_DELIVERY,20,2032-07-15T00:00:00Z,2040-07-13T00:00:00Z,2920,37.683297,25.203592,1420.030873,137163.031,EXISTING_SCREEN_SINGLE_CANDIDATE
2032,VARUNA,20000 Varuna,CREWED_TRANSPORT,100,2032-07-15T00:00:00Z,2040-07-13T00:00:00Z,2920,37.683297,25.203592,1420.030873,681807.082,EXISTING_SCREEN_SINGLE_CANDIDATE
2033,VARUNA,20000 Varuna,FLYBY,1,2033-07-15T00:00:00Z,2041-07-13T00:00:00Z,2920,37.900924,25.225431,1436.48004,1551.724,EXISTING_SCREEN_SINGLE_CANDIDATE
2033,VARUNA,20000 Varuna,ORBITAL_RECON,2,2033-07-15T00:00:00Z,2041-07-13T00:00:00Z,2920,37.900924,25.225431,1436.48004,12540.084,EXISTING_SCREEN_SINGLE_CANDIDATE
2033,VARUNA,20000 Varuna,RENDEZVOUS,2,2033-07-15T00:00:00Z,2041-07-13T00:00:00Z,2920,37.900924,25.225431,1436.48004,12540.084,EXISTING_SCREEN_SINGLE_CANDIDATE
2033,VARUNA,20000 Varuna,LANDING_PROSPECTING,5,2033-07-15T00:00:00Z,2041-07-13T00:00:00Z,2920,37.900924,25.225431,1436.48004,29247.624,EXISTING_SCREEN_SINGLE_CANDIDATE
2033,VARUNA,20000 Varuna,CARGO_DELIVERY,20,2033-07-15T00:00:00Z,2041-07-13T00:00:00Z,2920,37.900924,25.225431,1436.48004,137831.226,EXISTING_SCREEN_SINGLE_CANDIDATE
2033,VARUNA,20000 Varuna,CREWED_TRANSPORT,100,2033-07-15T00:00:00Z,2041-07-13T00:00:00Z,2920,37.900924,25.225431,1436.48004,685108.576,EXISTING_SCREEN_SINGLE_CANDIDATE
2034,VARUNA,20000 Varuna,FLYBY,1,2034-07-15T00:00:00Z,2042-07-13T00:00:00Z,2920,38.100914,25.244219,1451.679648,1560.844,EXISTING_SCREEN_SINGLE_CANDIDATE
2034,VARUNA,20000 Varuna,ORBITAL_RECON,2,2034-07-15T00:00:00Z,2042-07-13T00:00:00Z,2920,38.100914,25.244219,1451.679648,12594.717,EXISTING_SCREEN_SINGLE_CANDIDATE
2034,VARUNA,20000 Varuna,RENDEZVOUS,2,2034-07-15T00:00:00Z,2042-07-13T00:00:00Z,2920,38.100914,25.244219,1451.679648,12594.717,EXISTING_SCREEN_SINGLE_CANDIDATE
2034,VARUNA,20000 Varuna,LANDING_PROSPECTING,5,2034-07-15T00:00:00Z,2042-07-13T00:00:00Z,2920,38.100914,25.244219,1451.679648,29370.527,EXISTING_SCREEN_SINGLE_CANDIDATE
2034,VARUNA,20000 Varuna,CARGO_DELIVERY,20,2034-07-15T00:00:00Z,2042-07-13T00:00:00Z,2920,38.100914,25.244219,1451.679648,138409.262,EXISTING_SCREEN_SINGLE_CANDIDATE
2034,VARUNA,20000 Varuna,CREWED_TRANSPORT,100,2034-07-15T00:00:00Z,2042-07-13T00:00:00Z,2920,38.100914,25.244219,1451.679648,687962.277,EXISTING_SCREEN_SINGLE_CANDIDATE
2035,VARUNA,20000 Varuna,FLYBY,1,2035-07-15T00:00:00Z,2043-07-13T00:00:00Z,2920,38.298646,25.259383,1466.786285,1569.908,EXISTING_SCREEN_SINGLE_CANDIDATE
2035,VARUNA,20000 Varuna,ORBITAL_RECON,2,2035-07-15T00:00:00Z,2043-07-13T00:00:00Z,2920,38.298646,25.259383,1466.786285,12640.654,EXISTING_SCREEN_SINGLE_CANDIDATE
2035,VARUNA,20000 Varuna,RENDEZVOUS,2,2035-07-15T00:00:00Z,2043-07-13T00:00:00Z,2920,38.298646,25.259383,1466.786285,12640.654,EXISTING_SCREEN_SINGLE_CANDIDATE
2035,VARUNA,20000 Varuna,LANDING_PROSPECTING,5,2035-07-15T00:00:00Z,2043-07-13T00:00:00Z,2920,38.298646,25.259383,1466.786285,29471.774,EXISTING_SCREEN_SINGLE_CANDIDATE
2035,VARUNA,20000 Varuna,CARGO_DELIVERY,20,2035-07-15T00:00:00Z,2043-07-13T00:00:00Z,2920,38.298646,25.259383,1466.786285,138879.24,EXISTING_SCREEN_SINGLE_CANDIDATE
2035,VARUNA,20000 Varuna,CREWED_TRANSPORT,100,2035-07-15T00:00:00Z,2043-07-13T00:00:00Z,2920,38.298646,25.259383,1466.786285,690275.911,EXISTING_SCREEN_SINGLE_CANDIDATE
2026,VENUS,Venus,FLYBY,1,2026-08-15T00:00:00Z,2027-02-11T00:00:00Z,180,3.592223,6.390555,12.904069,472.527,REFINED_GROUPED_LAMBERT_GRID
2026,VENUS,Venus,ORBITAL_RECON,2,2026-06-15T00:00:00Z,2026-12-12T00:00:00Z,180,3.897888,3.01029,15.193529,661.988,REFINED_GROUPED_LAMBERT_GRID
2026,VENUS,Venus,RENDEZVOUS,2,2026-06-15T00:00:00Z,2026-12-12T00:00:00Z,180,3.897888,3.01029,15.193529,661.988,REFINED_GROUPED_LAMBERT_GRID
2026,VENUS,Venus,LANDING_PROSPECTING,5,2026-06-15T00:00:00Z,2026-12-12T00:00:00Z,180,3.897888,3.01029,15.193529,1169.12,REFINED_GROUPED_LAMBERT_GRID
2026,VENUS,Venus,CARGO_DELIVERY,20,2026-06-15T00:00:00Z,2026-12-12T00:00:00Z,180,3.897888,3.01029,15.193529,1749.997,REFINED_GROUPED_LAMBERT_GRID
2026,VENUS,Venus,CREWED_TRANSPORT,100,2026-06-15T00:00:00Z,2026-12-12T00:00:00Z,180,3.897888,3.01029,15.193529,8113.52,REFINED_GROUPED_LAMBERT_GRID
2027,VENUS,Venus,FLYBY,1,2027-12-15T00:00:00Z,2028-06-12T00:00:00Z,180,6.366971,5.514221,40.538317,489.107,REFINED_GROUPED_LAMBERT_GRID
2027,VENUS,Venus,ORBITAL_RECON,2,2027-12-15T00:00:00Z,2028-06-12T00:00:00Z,180,6.366971,5.514221,40.538317,735.326,REFINED_GROUPED_LAMBERT_GRID
2027,VENUS,Venus,RENDEZVOUS,2,2027-12-15T00:00:00Z,2028-06-12T00:00:00Z,180,6.366971,5.514221,40.538317,735.326,REFINED_GROUPED_LAMBERT_GRID
2027,VENUS,Venus,LANDING_PROSPECTING,5,2027-12-15T00:00:00Z,2028-06-12T00:00:00Z,180,6.366971,5.514221,40.538317,1329.654,REFINED_GROUPED_LAMBERT_GRID
2027,VENUS,Venus,CARGO_DELIVERY,20,2027-12-15T00:00:00Z,2028-06-12T00:00:00Z,180,6.366971,5.514221,40.538317,2491.841,REFINED_GROUPED_LAMBERT_GRID
2027,VENUS,Venus,CREWED_TRANSPORT,100,2027-12-15T00:00:00Z,2028-06-12T00:00:00Z,180,6.366971,5.514221,40.538317,11761.915,REFINED_GROUPED_LAMBERT_GRID
2028,VENUS,Venus,FLYBY,1,2028-03-15T00:00:00Z,2028-09-11T00:00:00Z,180,3.109291,5.677648,9.667689,470.585,REFINED_GROUPED_LAMBERT_GRID
2028,VENUS,Venus,ORBITAL_RECON,2,2028-02-15T00:00:00Z,2028-08-13T00:00:00Z,180,3.867366,4.519421,14.956518,692.96,REFINED_GROUPED_LAMBERT_GRID
2028,VENUS,Venus,RENDEZVOUS,2,2028-02-15T00:00:00Z,2028-08-13T00:00:00Z,180,3.867366,4.519421,14.956518,692.96,REFINED_GROUPED_LAMBERT_GRID
2028,VENUS,Venus,LANDING_PROSPECTING,5,2028-02-15T00:00:00Z,2028-08-13T00:00:00Z,180,3.867366,4.519421,14.956518,1246.762,REFINED_GROUPED_LAMBERT_GRID
2028,VENUS,Venus,CARGO_DELIVERY,20,2028-02-15T00:00:00Z,2028-08-13T00:00:00Z,180,3.867366,4.519421,14.956518,2138.778,REFINED_GROUPED_LAMBERT_GRID
2028,VENUS,Venus,CREWED_TRANSPORT,100,2028-01-15T00:00:00Z,2028-07-13T00:00:00Z,180,5.354597,4.495316,28.671706,10029.76,REFINED_GROUPED_LAMBERT_GRID
2029,VENUS,Venus,FLYBY,1,2029-10-15T00:00:00Z,2030-04-13T00:00:00Z,180,3.315677,5.396008,10.993717,471.381,REFINED_GROUPED_LAMBERT_GRID
2029,VENUS,Venus,ORBITAL_RECON,2,2029-09-15T00:00:00Z,2030-03-14T00:00:00Z,180,3.728678,4.699387,13.903043,696.784,REFINED_GROUPED_LAMBERT_GRID
2029,VENUS,Venus,RENDEZVOUS,2,2029-09-15T00:00:00Z,2030-03-14T00:00:00Z,180,3.728678,4.699387,13.903043,696.784,REFINED_GROUPED_LAMBERT_GRID
2029,VENUS,Venus,LANDING_PROSPECTING,5,2029-09-15T00:00:00Z,2030-03-14T00:00:00Z,180,3.728678,4.699387,13.903043,1257.269,REFINED_GROUPED_LAMBERT_GRID
2029,VENUS,Venus,CARGO_DELIVERY,20,2029-09-15T00:00:00Z,2030-03-14T00:00:00Z,180,3.728678,4.699387,13.903043,2193.842,REFINED_GROUPED_LAMBERT_GRID
2029,VENUS,Venus,CREWED_TRANSPORT,100,2029-09-15T00:00:00Z,2030-03-14T00:00:00Z,180,3.728678,4.699387,13.903043,10335.844,REFINED_GROUPED_LAMBERT_GRID
2030,VENUS,Venus,FLYBY,1,2030-01-15T00:00:00Z,2030-07-14T00:00:00Z,180,5.836458,11.383881,34.064241,485.223,REFINED_GROUPED_LAMBERT_GRID
2030,VENUS,Venus,ORBITAL_RECON,2,2030-03-15T00:00:00Z,2031-03-15T00:00:00Z,365,10.196178,6.090116,103.962041,807.173,REFINED_GROUPED_LAMBERT_GRID
2030,VENUS,Venus,RENDEZVOUS,2,2030-03-15T00:00:00Z,2031-03-15T00:00:00Z,365,10.196178,6.090116,103.962041,807.173,REFINED_GROUPED_LAMBERT_GRID
2030,VENUS,Venus,LANDING_PROSPECTING,5,2030-03-15T00:00:00Z,2031-03-15T00:00:00Z,365,10.196178,6.090116,103.962041,1429.397,REFINED_GROUPED_LAMBERT_GRID
2030,VENUS,Venus,CARGO_DELIVERY,20,2030-03-15T00:00:00Z,2031-03-15T00:00:00Z,365,10.196178,6.090116,103.962041,2777.559,REFINED_GROUPED_LAMBERT_GRID
2030,VENUS,Venus,CREWED_TRANSPORT,100,2030-03-15T00:00:00Z,2031-03-15T00:00:00Z,365,10.196178,6.090116,103.962041,13038.288,REFINED_GROUPED_LAMBERT_GRID
2031,VENUS,Venus,FLYBY,1,2031-05-15T00:00:00Z,2031-11-11T00:00:00Z,180,3.039543,4.77068,9.238822,470.328,REFINED_GROUPED_LAMBERT_GRID
2031,VENUS,Venus,ORBITAL_RECON,2,2031-04-15T00:00:00Z,2031-10-12T00:00:00Z,180,3.153031,4.415418,9.941606,687.456,REFINED_GROUPED_LAMBERT_GRID
2031,VENUS,Venus,RENDEZVOUS,2,2031-04-15T00:00:00Z,2031-10-12T00:00:00Z,180,3.153031,4.415418,9.941606,687.456,REFINED_GROUPED_LAMBERT_GRID
2031,VENUS,Venus,LANDING_PROSPECTING,5,2031-04-15T00:00:00Z,2031-10-12T00:00:00Z,180,3.153031,4.415418,9.941606,1237.516,REFINED_GROUPED_LAMBERT_GRID
2031,VENUS,Venus,CARGO_DELIVERY,20,2031-04-15T00:00:00Z,2031-10-12T00:00:00Z,180,3.153031,4.415418,9.941606,2104.582,REFINED_GROUPED_LAMBERT_GRID
2031,VENUS,Venus,CREWED_TRANSPORT,100,2031-04-15T00:00:00Z,2031-10-12T00:00:00Z,180,3.153031,4.415418,9.941606,9899.052,REFINED_GROUPED_LAMBERT_GRID
2032,VENUS,Venus,FLYBY,1,2032-11-15T00:00:00Z,2033-05-14T00:00:00Z,180,3.601373,3.253749,12.969889,472.566,REFINED_GROUPED_LAMBERT_GRID
2032,VENUS,Venus,ORBITAL_RECON,2,2032-11-15T00:00:00Z,2033-05-14T00:00:00Z,180,3.601373,3.253749,12.969889,664.995,REFINED_GROUPED_LAMBERT_GRID
2032,VENUS,Venus,RENDEZVOUS,2,2032-11-15T00:00:00Z,2033-05-14T00:00:00Z,180,3.601373,3.253749,12.969889,664.995,REFINED_GROUPED_LAMBERT_GRID
2032,VENUS,Venus,LANDING_PROSPECTING,5,2032-11-15T00:00:00Z,2033-05-14T00:00:00Z,180,3.601373,3.253749,12.969889,1178.638,REFINED_GROUPED_LAMBERT_GRID
2032,VENUS,Venus,CARGO_DELIVERY,20,2032-11-15T00:00:00Z,2033-05-14T00:00:00Z,180,3.601373,3.253749,12.969889,1802.926,REFINED_GROUPED_LAMBERT_GRID
2032,VENUS,Venus,CREWED_TRANSPORT,100,2032-11-15T00:00:00Z,2033-05-14T00:00:00Z,180,3.601373,3.253749,12.969889,8383.504,REFINED_GROUPED_LAMBERT_GRID
2033,VENUS,Venus,FLYBY,1,2033-01-15T00:00:00Z,2033-07-14T00:00:00Z,180,3.785731,6.118156,14.331762,473.383,REFINED_GROUPED_LAMBERT_GRID
2033,VENUS,Venus,ORBITAL_RECON,2,2033-01-15T00:00:00Z,2033-07-14T00:00:00Z,180,3.785731,6.118156,14.331762,739.167,REFINED_GROUPED_LAMBERT_GRID
2033,VENUS,Venus,RENDEZVOUS,2,2033-01-15T00:00:00Z,2033-07-14T00:00:00Z,180,3.785731,6.118156,14.331762,739.167,REFINED_GROUPED_LAMBERT_GRID
2033,VENUS,Venus,LANDING_PROSPECTING,5,2033-01-15T00:00:00Z,2033-07-14T00:00:00Z,180,3.785731,6.118156,14.331762,1362.843,REFINED_GROUPED_LAMBERT_GRID
2033,VENUS,Venus,CARGO_DELIVERY,20,2033-05-15T00:00:00Z,2034-05-15T00:00:00Z,365,10.534619,5.863639,110.978201,2686.784,REFINED_GROUPED_LAMBERT_GRID
2033,VENUS,Venus,CREWED_TRANSPORT,100,2033-05-15T00:00:00Z,2034-05-15T00:00:00Z,365,10.534619,5.863639,110.978201,12567.571,REFINED_GROUPED_LAMBERT_GRID
2034,VENUS,Venus,FLYBY,1,2034-08-15T00:00:00Z,2035-02-11T00:00:00Z,180,3.608379,6.538644,13.020399,472.597,REFINED_GROUPED_LAMBERT_GRID
2034,VENUS,Venus,ORBITAL_RECON,2,2034-06-15T00:00:00Z,2034-12-12T00:00:00Z,180,3.82846,3.0079,14.657104,661.625,REFINED_GROUPED_LAMBERT_GRID
2034,VENUS,Venus,RENDEZVOUS,2,2034-06-15T00:00:00Z,2034-12-12T00:00:00Z,180,3.82846,3.0079,14.657104,661.625,REFINED_GROUPED_LAMBERT_GRID
2034,VENUS,Venus,LANDING_PROSPECTING,5,2034-06-15T00:00:00Z,2034-12-12T00:00:00Z,180,3.82846,3.0079,14.657104,1168.694,REFINED_GROUPED_LAMBERT_GRID
2034,VENUS,Venus,CARGO_DELIVERY,20,2034-06-15T00:00:00Z,2034-12-12T00:00:00Z,180,3.82846,3.0079,14.657104,1749.157,REFINED_GROUPED_LAMBERT_GRID
2034,VENUS,Venus,CREWED_TRANSPORT,100,2034-06-15T00:00:00Z,2034-12-12T00:00:00Z,180,3.82846,3.0079,14.657104,8110.607,REFINED_GROUPED_LAMBERT_GRID
2035,VENUS,Venus,FLYBY,1,2035-12-15T00:00:00Z,2036-06-12T00:00:00Z,180,6.051109,5.135634,36.615921,486.754,REFINED_GROUPED_LAMBERT_GRID
2035,VENUS,Venus,ORBITAL_RECON,2,2035-12-15T00:00:00Z,2036-06-12T00:00:00Z,180,6.051109,5.135634,36.615921,721.981,REFINED_GROUPED_LAMBERT_GRID
2035,VENUS,Venus,RENDEZVOUS,2,2035-12-15T00:00:00Z,2036-06-12T00:00:00Z,180,6.051109,5.135634,36.615921,721.981,REFINED_GROUPED_LAMBERT_GRID
2035,VENUS,Venus,LANDING_PROSPECTING,5,2035-12-15T00:00:00Z,2036-06-12T00:00:00Z,180,6.051109,5.135634,36.615921,1299.822,REFINED_GROUPED_LAMBERT_GRID
2035,VENUS,Venus,CARGO_DELIVERY,20,2035-12-15T00:00:00Z,2036-06-12T00:00:00Z,180,6.051109,5.135634,36.615921,2352.097,REFINED_GROUPED_LAMBERT_GRID
2035,VENUS,Venus,CREWED_TRANSPORT,100,2035-12-15T00:00:00Z,2036-06-12T00:00:00Z,180,6.051109,5.135634,36.615921,11072.605,REFINED_GROUPED_LAMBERT_GRID
2026,VESTA,4 Vesta,FLYBY,1,2026-07-15T00:00:00Z,2027-07-15T00:00:00Z,365,7.414984,4.52179,54.981988,512.969,REFINED_GROUPED_LAMBERT_GRID
2026,VESTA,4 Vesta,ORBITAL_RECON,2,2026-07-15T00:00:00Z,2027-07-15T00:00:00Z,365,7.414984,4.52179,54.981988,732.228,REFINED_GROUPED_LAMBERT_GRID
2026,VESTA,4 Vesta,RENDEZVOUS,2,2026-07-15T00:00:00Z,2027-07-15T00:00:00Z,365,7.414984,4.52179,54.981988,732.228,REFINED_GROUPED_LAMBERT_GRID
2026,VESTA,4 Vesta,LANDING_PROSPECTING,5,2026-07-15T00:00:00Z,2027-07-15T00:00:00Z,365,7.414984,4.52179,54.981988,1286.116,REFINED_GROUPED_LAMBERT_GRID
2026,VESTA,4 Vesta,CARGO_DELIVERY,20,2026-07-15T00:00:00Z,2027-07-15T00:00:00Z,365,7.414984,4.52179,54.981988,2178.707,REFINED_GROUPED_LAMBERT_GRID
2026,VESTA,4 Vesta,CREWED_TRANSPORT,100,2026-07-15T00:00:00Z,2027-07-15T00:00:00Z,365,7.414984,4.52179,54.981988,10161.576,REFINED_GROUPED_LAMBERT_GRID
2027,VESTA,4 Vesta,FLYBY,1,2027-11-15T00:00:00Z,2028-05-13T00:00:00Z,180,9.803344,15.441133,96.105548,522.448,REFINED_GROUPED_LAMBERT_GRID
2027,VESTA,4 Vesta,ORBITAL_RECON,2,2027-12-15T00:00:00Z,2028-12-14T00:00:00Z,365,11.718363,6.06447,137.32003,826.308,REFINED_GROUPED_LAMBERT_GRID
2027,VESTA,4 Vesta,RENDEZVOUS,2,2027-12-15T00:00:00Z,2028-12-14T00:00:00Z,365,11.718363,6.06447,137.32003,826.308,REFINED_GROUPED_LAMBERT_GRID
2027,VESTA,4 Vesta,LANDING_PROSPECTING,5,2027-12-15T00:00:00Z,2028-12-14T00:00:00Z,365,11.718363,6.06447,137.32003,1447.212,REFINED_GROUPED_LAMBERT_GRID
2027,VESTA,4 Vesta,CARGO_DELIVERY,20,2027-12-15T00:00:00Z,2028-12-14T00:00:00Z,365,11.718363,6.06447,137.32003,2786.576,REFINED_GROUPED_LAMBERT_GRID
2027,VESTA,4 Vesta,CREWED_TRANSPORT,100,2027-12-15T00:00:00Z,2028-12-14T00:00:00Z,365,11.718363,6.06447,137.32003,13003.313,REFINED_GROUPED_LAMBERT_GRID
2028,VESTA,4 Vesta,FLYBY,1,2028-01-15T00:00:00Z,2030-01-14T00:00:00Z,730,8.166772,10.313135,66.696166,549.977,REFINED_GROUPED_LAMBERT_GRID
2028,VESTA,4 Vesta,ORBITAL_RECON,2,2028-12-15T00:00:00Z,2029-12-15T00:00:00Z,365,14.802207,6.274142,219.105342,882.721,REFINED_GROUPED_LAMBERT_GRID
2028,VESTA,4 Vesta,RENDEZVOUS,2,2028-12-15T00:00:00Z,2029-12-15T00:00:00Z,365,14.802207,6.274142,219.105342,882.721,REFINED_GROUPED_LAMBERT_GRID
2028,VESTA,4 Vesta,LANDING_PROSPECTING,5,2028-12-15T00:00:00Z,2029-12-15T00:00:00Z,365,14.802207,6.274142,219.105342,1514.639,REFINED_GROUPED_LAMBERT_GRID
2028,VESTA,4 Vesta,CARGO_DELIVERY,20,2028-12-15T00:00:00Z,2029-12-15T00:00:00Z,365,14.802207,6.274142,219.105342,2927.425,REFINED_GROUPED_LAMBERT_GRID
2028,VESTA,4 Vesta,CREWED_TRANSPORT,100,2028-12-15T00:00:00Z,2029-12-15T00:00:00Z,365,14.802207,6.274142,219.105342,13511.272,REFINED_GROUPED_LAMBERT_GRID
2029,VESTA,4 Vesta,FLYBY,1,2029-04-15T00:00:00Z,2029-10-12T00:00:00Z,180,8.35779,11.742166,69.852651,506.696,REFINED_GROUPED_LAMBERT_GRID
2029,VESTA,4 Vesta,ORBITAL_RECON,2,2029-05-15T00:00:00Z,2030-05-15T00:00:00Z,365,10.303359,5.137787,106.159209,778.962,REFINED_GROUPED_LAMBERT_GRID
2029,VESTA,4 Vesta,RENDEZVOUS,2,2029-05-15T00:00:00Z,2030-05-15T00:00:00Z,365,10.303359,5.137787,106.159209,778.962,REFINED_GROUPED_LAMBERT_GRID
2029,VESTA,4 Vesta,LANDING_PROSPECTING,5,2029-05-15T00:00:00Z,2030-05-15T00:00:00Z,365,10.303359,5.137787,106.159209,1356.893,REFINED_GROUPED_LAMBERT_GRID
2029,VESTA,4 Vesta,CARGO_DELIVERY,20,2029-05-15T00:00:00Z,2030-05-15T00:00:00Z,365,10.303359,5.137787,106.159209,2409.767,REFINED_GROUPED_LAMBERT_GRID
2029,VESTA,4 Vesta,CREWED_TRANSPORT,100,2029-05-15T00:00:00Z,2030-05-15T00:00:00Z,365,10.303359,5.137787,106.159209,11194.052,REFINED_GROUPED_LAMBERT_GRID
2030,VESTA,4 Vesta,FLYBY,1,2030-08-15T00:00:00Z,2031-08-15T00:00:00Z,365,7.35941,6.32477,54.160915,512.476,REFINED_GROUPED_LAMBERT_GRID
2030,VESTA,4 Vesta,ORBITAL_RECON,2,2030-09-15T00:00:00Z,2031-09-15T00:00:00Z,365,9.702301,5.515985,94.13464,782.732,REFINED_GROUPED_LAMBERT_GRID
2030,VESTA,4 Vesta,RENDEZVOUS,2,2030-09-15T00:00:00Z,2031-09-15T00:00:00Z,365,9.702301,5.515985,94.13464,782.732,REFINED_GROUPED_LAMBERT_GRID
2030,VESTA,4 Vesta,LANDING_PROSPECTING,5,2030-09-15T00:00:00Z,2031-09-15T00:00:00Z,365,9.702301,5.515985,94.13464,1377.141,REFINED_GROUPED_LAMBERT_GRID
2030,VESTA,4 Vesta,CARGO_DELIVERY,20,2030-09-15T00:00:00Z,2031-09-15T00:00:00Z,365,9.702301,5.515985,94.13464,2539.862,REFINED_GROUPED_LAMBERT_GRID
2030,VESTA,4 Vesta,CREWED_TRANSPORT,100,2030-09-15T00:00:00Z,2031-09-15T00:00:00Z,365,9.702301,5.515985,94.13464,11873.387,REFINED_GROUPED_LAMBERT_GRID
2031,VESTA,4 Vesta,FLYBY,1,2031-11-15T00:00:00Z,2032-11-14T00:00:00Z,365,7.842528,7.003311,61.505253,516.883,REFINED_GROUPED_LAMBERT_GRID
2031,VESTA,4 Vesta,ORBITAL_RECON,2,2031-10-15T00:00:00Z,2032-10-14T00:00:00Z,365,9.215826,6.554112,84.93145,812.57,REFINED_GROUPED_LAMBERT_GRID
2031,VESTA,4 Vesta,RENDEZVOUS,2,2031-10-15T00:00:00Z,2032-10-14T00:00:00Z,365,9.215826,6.554112,84.93145,812.57,REFINED_GROUPED_LAMBERT_GRID
2031,VESTA,4 Vesta,LANDING_PROSPECTING,5,2031-10-15T00:00:00Z,2032-10-14T00:00:00Z,365,9.215826,6.554112,84.93145,1460.017,REFINED_GROUPED_LAMBERT_GRID
2031,VESTA,4 Vesta,CARGO_DELIVERY,20,2031-10-15T00:00:00Z,2032-10-14T00:00:00Z,365,9.215826,6.554112,84.93145,2976.33,REFINED_GROUPED_LAMBERT_GRID
2031,VESTA,4 Vesta,CREWED_TRANSPORT,100,2031-10-15T00:00:00Z,2032-10-14T00:00:00Z,365,9.215826,6.554112,84.93145,14077.814,REFINED_GROUPED_LAMBERT_GRID
2032,VESTA,4 Vesta,FLYBY,1,2032-01-15T00:00:00Z,2033-01-14T00:00:00Z,365,6.679644,5.685058,44.61765,506.75,REFINED_GROUPED_LAMBERT_GRID
2032,VESTA,4 Vesta,ORBITAL_RECON,2,2032-01-15T00:00:00Z,2033-01-14T00:00:00Z,365,6.679644,5.685058,44.61765,758.24,REFINED_GROUPED_LAMBERT_GRID
2032,VESTA,4 Vesta,RENDEZVOUS,2,2032-01-15T00:00:00Z,2033-01-14T00:00:00Z,365,6.679644,5.685058,44.61765,758.24,REFINED_GROUPED_LAMBERT_GRID
2032,VESTA,4 Vesta,LANDING_PROSPECTING,5,2032-01-15T00:00:00Z,2033-01-14T00:00:00Z,365,6.679644,5.685058,44.61765,1360.474,REFINED_GROUPED_LAMBERT_GRID
2032,VESTA,4 Vesta,CARGO_DELIVERY,20,2032-01-15T00:00:00Z,2033-01-14T00:00:00Z,365,6.679644,5.685058,44.61765,2575.369,REFINED_GROUPED_LAMBERT_GRID
2032,VESTA,4 Vesta,CREWED_TRANSPORT,100,2032-01-15T00:00:00Z,2033-01-14T00:00:00Z,365,6.679644,5.685058,44.61765,12169.764,REFINED_GROUPED_LAMBERT_GRID
2033,VESTA,4 Vesta,FLYBY,1,2033-06-15T00:00:00Z,2033-12-12T00:00:00Z,180,10.411238,13.351138,108.393867,529.821,REFINED_GROUPED_LAMBERT_GRID
2033,VESTA,4 Vesta,ORBITAL_RECON,2,2033-06-15T00:00:00Z,2034-06-15T00:00:00Z,365,9.19677,4.307658,84.580582,744.91,REFINED_GROUPED_LAMBERT_GRID
2033,VESTA,4 Vesta,RENDEZVOUS,2,2033-06-15T00:00:00Z,2034-06-15T00:00:00Z,365,9.19677,4.307658,84.580582,744.91,REFINED_GROUPED_LAMBERT_GRID
2033,VESTA,4 Vesta,LANDING_PROSPECTING,5,2033-06-15T00:00:00Z,2034-06-15T00:00:00Z,365,9.19677,4.307658,84.580582,1291.182,REFINED_GROUPED_LAMBERT_GRID
2033,VESTA,4 Vesta,CARGO_DELIVERY,20,2033-06-15T00:00:00Z,2034-06-15T00:00:00Z,365,9.19677,4.307658,84.580582,2133.0,REFINED_GROUPED_LAMBERT_GRID
2033,VESTA,4 Vesta,CREWED_TRANSPORT,100,2033-06-15T00:00:00Z,2034-06-15T00:00:00Z,365,9.19677,4.307658,84.580582,9862.005,REFINED_GROUPED_LAMBERT_GRID
2034,VESTA,4 Vesta,FLYBY,1,2034-10-15T00:00:00Z,2035-04-13T00:00:00Z,180,10.016798,16.487635,100.336244,524.986,REFINED_GROUPED_LAMBERT_GRID
2034,VESTA,4 Vesta,ORBITAL_RECON,2,2034-07-15T00:00:00Z,2035-07-15T00:00:00Z,365,11.176003,6.58574,124.903035,837.763,REFINED_GROUPED_LAMBERT_GRID
2034,VESTA,4 Vesta,RENDEZVOUS,2,2034-07-15T00:00:00Z,2035-07-15T00:00:00Z,365,11.176003,6.58574,124.903035,837.763,REFINED_GROUPED_LAMBERT_GRID
2034,VESTA,4 Vesta,LANDING_PROSPECTING,5,2034-11-15T00:00:00Z,2035-11-15T00:00:00Z,365,12.856912,5.984822,165.300182,1457.249,REFINED_GROUPED_LAMBERT_GRID
2034,VESTA,4 Vesta,CARGO_DELIVERY,20,2034-11-15T00:00:00Z,2035-11-15T00:00:00Z,365,12.856912,5.984822,165.300182,2769.607,REFINED_GROUPED_LAMBERT_GRID
2034,VESTA,4 Vesta,CREWED_TRANSPORT,100,2034-11-15T00:00:00Z,2035-11-15T00:00:00Z,365,12.856912,5.984822,165.300182,12851.313,REFINED_GROUPED_LAMBERT_GRID
2035,VESTA,4 Vesta,FLYBY,1,2035-12-15T00:00:00Z,2036-12-14T00:00:00Z,365,9.847461,5.614735,96.972484,538.163,REFINED_GROUPED_LAMBERT_GRID
2035,VESTA,4 Vesta,ORBITAL_RECON,2,2035-12-15T00:00:00Z,2036-12-14T00:00:00Z,365,9.847461,5.614735,96.972484,787.459,REFINED_GROUPED_LAMBERT_GRID
2035,VESTA,4 Vesta,RENDEZVOUS,2,2035-12-15T00:00:00Z,2036-12-14T00:00:00Z,365,9.847461,5.614735,96.972484,787.459,REFINED_GROUPED_LAMBERT_GRID
2035,VESTA,4 Vesta,LANDING_PROSPECTING,5,2035-12-15T00:00:00Z,2036-12-14T00:00:00Z,365,9.847461,5.614735,96.972484,1386.402,REFINED_GROUPED_LAMBERT_GRID
2035,VESTA,4 Vesta,CARGO_DELIVERY,20,2035-12-15T00:00:00Z,2036-12-14T00:00:00Z,365,9.847461,5.614735,96.972484,2579.358,REFINED_GROUPED_LAMBERT_GRID
2035,VESTA,4 Vesta,CREWED_TRANSPORT,100,2035-12-15T00:00:00Z,2036-12-14T00:00:00Z,365,9.847461,5.614735,96.972484,12064.055,REFINED_GROUPED_LAMBERT_GRID
2026,WILD2,81P/Wild 2,FLYBY,1,2026-07-15T00:00:00Z,2028-07-14T00:00:00Z,730,16.188463,5.395611,262.066334,667.199,EXISTING_SCREEN_SINGLE_CANDIDATE
2026,WILD2,81P/Wild 2,ORBITAL_RECON,2,2026-07-15T00:00:00Z,2028-07-14T00:00:00Z,730,16.188463,5.395611,262.066334,909.874,EXISTING_SCREEN_SINGLE_CANDIDATE
2026,WILD2,81P/Wild 2,RENDEZVOUS,2,2026-07-15T00:00:00Z,2028-07-14T00:00:00Z,730,16.188463,5.395611,262.066334,909.874,EXISTING_SCREEN_SINGLE_CANDIDATE
2026,WILD2,81P/Wild 2,LANDING_PROSPECTING,5,2026-07-15T00:00:00Z,2028-07-14T00:00:00Z,730,16.188463,5.395611,262.066334,1498.887,EXISTING_SCREEN_SINGLE_CANDIDATE
2026,WILD2,81P/Wild 2,CARGO_DELIVERY,20,2026-07-15T00:00:00Z,2028-07-14T00:00:00Z,730,16.188463,5.395611,262.066334,2625.639,EXISTING_SCREEN_SINGLE_CANDIDATE
2026,WILD2,81P/Wild 2,CREWED_TRANSPORT,100,2026-07-15T00:00:00Z,2028-07-14T00:00:00Z,730,16.188463,5.395611,262.066334,11899.235,EXISTING_SCREEN_SINGLE_CANDIDATE
2027,WILD2,81P/Wild 2,FLYBY,1,2027-01-15T00:00:00Z,2031-01-14T00:00:00Z,1460,8.773969,12.455711,76.982532,616.107,EXISTING_SCREEN_SINGLE_CANDIDATE
2027,WILD2,81P/Wild 2,ORBITAL_RECON,2,2027-01-15T00:00:00Z,2031-01-14T00:00:00Z,1460,8.773969,12.455711,76.982532,1363.136,EXISTING_SCREEN_SINGLE_CANDIDATE
2027,WILD2,81P/Wild 2,RENDEZVOUS,2,2027-01-15T00:00:00Z,2031-01-14T00:00:00Z,1460,8.773969,12.455711,76.982532,1363.136,EXISTING_SCREEN_SINGLE_CANDIDATE
2027,WILD2,81P/Wild 2,LANDING_PROSPECTING,5,2027-01-15T00:00:00Z,2031-01-14T00:00:00Z,1460,8.773969,12.455711,76.982532,2708.68,EXISTING_SCREEN_SINGLE_CANDIDATE
2027,WILD2,81P/Wild 2,CARGO_DELIVERY,20,2027-01-15T00:00:00Z,2031-01-14T00:00:00Z,1460,8.773969,12.455711,76.982532,8878.97,EXISTING_SCREEN_SINGLE_CANDIDATE
2027,WILD2,81P/Wild 2,CREWED_TRANSPORT,100,2027-01-15T00:00:00Z,2031-01-14T00:00:00Z,1460,8.773969,12.455711,76.982532,43610.093,EXISTING_SCREEN_SINGLE_CANDIDATE
2028,WILD2,81P/Wild 2,FLYBY,1,2028-01-15T00:00:00Z,2032-01-14T00:00:00Z,1460,13.229652,6.541538,175.023692,674.932,EXISTING_SCREEN_SINGLE_CANDIDATE
2028,WILD2,81P/Wild 2,ORBITAL_RECON,2,2028-01-15T00:00:00Z,2032-01-14T00:00:00Z,1460,13.229652,6.541538,175.023692,956.085,EXISTING_SCREEN_SINGLE_CANDIDATE
2028,WILD2,81P/Wild 2,RENDEZVOUS,2,2028-01-15T00:00:00Z,2032-01-14T00:00:00Z,1460,13.229652,6.541538,175.023692,956.085,EXISTING_SCREEN_SINGLE_CANDIDATE
2028,WILD2,81P/Wild 2,LANDING_PROSPECTING,5,2028-01-15T00:00:00Z,2032-01-14T00:00:00Z,1460,13.229652,6.541538,175.023692,1602.813,EXISTING_SCREEN_SINGLE_CANDIDATE
2028,WILD2,81P/Wild 2,CARGO_DELIVERY,20,2028-01-15T00:00:00Z,2032-01-14T00:00:00Z,1460,13.229652,6.541538,175.023692,3114.337,EXISTING_SCREEN_SINGLE_CANDIDATE
2028,WILD2,81P/Wild 2,CREWED_TRANSPORT,100,2028-01-15T00:00:00Z,2032-01-14T00:00:00Z,1460,13.229652,6.541538,175.023692,14551.63,EXISTING_SCREEN_SINGLE_CANDIDATE
2029,WILD2,81P/Wild 2,FLYBY,1,2029-01-15T00:00:00Z,2030-01-15T00:00:00Z,365,7.394469,7.757463,54.678172,512.786,EXISTING_SCREEN_SINGLE_CANDIDATE
2029,WILD2,81P/Wild 2,ORBITAL_RECON,2,2029-01-15T00:00:00Z,2030-01-15T00:00:00Z,365,7.394469,7.757463,54.678172,847.036,EXISTING_SCREEN_SINGLE_CANDIDATE
2029,WILD2,81P/Wild 2,RENDEZVOUS,2,2029-01-15T00:00:00Z,2030-01-15T00:00:00Z,365,7.394469,7.757463,54.678172,847.036,EXISTING_SCREEN_SINGLE_CANDIDATE
2029,WILD2,81P/Wild 2,LANDING_PROSPECTING,5,2029-01-15T00:00:00Z,2030-01-15T00:00:00Z,365,7.394469,7.757463,54.678172,1573.411,EXISTING_SCREEN_SINGLE_CANDIDATE
2029,WILD2,81P/Wild 2,CARGO_DELIVERY,20,2029-01-15T00:00:00Z,2030-01-15T00:00:00Z,365,7.394469,7.757463,54.678172,3615.908,EXISTING_SCREEN_SINGLE_CANDIDATE
2029,WILD2,81P/Wild 2,CREWED_TRANSPORT,100,2029-01-15T00:00:00Z,2030-01-15T00:00:00Z,365,7.394469,7.757463,54.678172,17348.31,EXISTING_SCREEN_SINGLE_CANDIDATE
2030,WILD2,81P/Wild 2,FLYBY,1,2030-01-15T00:00:00Z,2032-01-15T00:00:00Z,730,18.912603,3.571679,357.686552,724.571,EXISTING_SCREEN_SINGLE_CANDIDATE
2030,WILD2,81P/Wild 2,ORBITAL_RECON,2,2030-01-15T00:00:00Z,2032-01-15T00:00:00Z,730,18.912603,3.571679,357.686552,923.034,EXISTING_SCREEN_SINGLE_CANDIDATE
2030,WILD2,81P/Wild 2,RENDEZVOUS,2,2030-01-15T00:00:00Z,2032-01-15T00:00:00Z,730,18.912603,3.571679,357.686552,923.034,EXISTING_SCREEN_SINGLE_CANDIDATE
2030,WILD2,81P/Wild 2,LANDING_PROSPECTING,5,2030-01-15T00:00:00Z,2032-01-15T00:00:00Z,730,18.912603,3.571679,357.686552,1445.729,EXISTING_SCREEN_SINGLE_CANDIDATE
2030,WILD2,81P/Wild 2,CARGO_DELIVERY,20,2030-01-15T00:00:00Z,2032-01-15T00:00:00Z,730,18.912603,3.571679,357.686552,2130.36,EXISTING_SCREEN_SINGLE_CANDIDATE
2030,WILD2,81P/Wild 2,CREWED_TRANSPORT,100,2030-01-15T00:00:00Z,2032-01-15T00:00:00Z,730,18.912603,3.571679,357.686552,9193.352,EXISTING_SCREEN_SINGLE_CANDIDATE
2031,WILD2,81P/Wild 2,FLYBY,1,2031-01-15T00:00:00Z,2039-01-13T00:00:00Z,2920,13.79661,9.092308,190.346447,804.044,EXISTING_SCREEN_SINGLE_CANDIDATE
2031,WILD2,81P/Wild 2,ORBITAL_RECON,2,2031-01-15T00:00:00Z,2039-01-13T00:00:00Z,2920,13.79661,9.092308,190.346447,1215.731,EXISTING_SCREEN_SINGLE_CANDIDATE
2031,WILD2,81P/Wild 2,RENDEZVOUS,2,2031-01-15T00:00:00Z,2039-01-13T00:00:00Z,2920,13.79661,9.092308,190.346447,1215.731,EXISTING_SCREEN_SINGLE_CANDIDATE
2031,WILD2,81P/Wild 2,LANDING_PROSPECTING,5,2031-01-15T00:00:00Z,2039-01-13T00:00:00Z,2920,13.79661,9.092308,190.346447,2058.263,EXISTING_SCREEN_SINGLE_CANDIDATE
2031,WILD2,81P/Wild 2,CARGO_DELIVERY,20,2031-01-15T00:00:00Z,2039-01-13T00:00:00Z,2920,13.79661,9.092308,190.346447,4875.14,EXISTING_SCREEN_SINGLE_CANDIDATE
2031,WILD2,81P/Wild 2,CREWED_TRANSPORT,100,2031-01-15T00:00:00Z,2039-01-13T00:00:00Z,2920,13.79661,9.092308,190.346447,23318.867,EXISTING_SCREEN_SINGLE_CANDIDATE
2032,WILD2,81P/Wild 2,FLYBY,1,2032-07-15T00:00:00Z,2034-07-15T00:00:00Z,730,18.66863,5.831947,348.517746,719.07,EXISTING_SCREEN_SINGLE_CANDIDATE
2032,WILD2,81P/Wild 2,ORBITAL_RECON,2,2032-07-15T00:00:00Z,2034-07-15T00:00:00Z,730,18.66863,5.831947,348.517746,975.254,EXISTING_SCREEN_SINGLE_CANDIDATE
2032,WILD2,81P/Wild 2,RENDEZVOUS,2,2032-07-15T00:00:00Z,2034-07-15T00:00:00Z,730,18.66863,5.831947,348.517746,975.254,EXISTING_SCREEN_SINGLE_CANDIDATE
2032,WILD2,81P/Wild 2,LANDING_PROSPECTING,5,2032-07-15T00:00:00Z,2034-07-15T00:00:00Z,730,18.66863,5.831947,348.517746,1584.53,EXISTING_SCREEN_SINGLE_CANDIDATE
2032,WILD2,81P/Wild 2,CARGO_DELIVERY,20,2032-07-15T00:00:00Z,2034-07-15T00:00:00Z,730,18.66863,5.831947,348.517746,2846.372,EXISTING_SCREEN_SINGLE_CANDIDATE
2032,WILD2,81P/Wild 2,CREWED_TRANSPORT,100,2032-07-15T00:00:00Z,2034-07-15T00:00:00Z,730,18.66863,5.831947,348.517746,12795.42,EXISTING_SCREEN_SINGLE_CANDIDATE
2033,WILD2,81P/Wild 2,FLYBY,1,2033-07-15T00:00:00Z,2035-07-15T00:00:00Z,730,10.257317,7.764559,105.212552,573.086,EXISTING_SCREEN_SINGLE_CANDIDATE
2033,WILD2,81P/Wild 2,ORBITAL_RECON,2,2033-07-15T00:00:00Z,2035-07-15T00:00:00Z,730,10.257317,7.764559,105.212552,907.69,EXISTING_SCREEN_SINGLE_CANDIDATE
2033,WILD2,81P/Wild 2,RENDEZVOUS,2,2033-07-15T00:00:00Z,2035-07-15T00:00:00Z,730,10.257317,7.764559,105.212552,907.69,EXISTING_SCREEN_SINGLE_CANDIDATE
2033,WILD2,81P/Wild 2,LANDING_PROSPECTING,5,2033-07-15T00:00:00Z,2035-07-15T00:00:00Z,730,10.257317,7.764559,105.212552,1634.595,EXISTING_SCREEN_SINGLE_CANDIDATE
2033,WILD2,81P/Wild 2,CARGO_DELIVERY,20,2033-07-15T00:00:00Z,2035-07-15T00:00:00Z,730,10.257317,7.764559,105.212552,3680.631,EXISTING_SCREEN_SINGLE_CANDIDATE
2033,WILD2,81P/Wild 2,CREWED_TRANSPORT,100,2033-07-15T00:00:00Z,2035-07-15T00:00:00Z,730,10.257317,7.764559,105.212552,17550.646,EXISTING_SCREEN_SINGLE_CANDIDATE
2034,WILD2,81P/Wild 2,FLYBY,1,2034-07-15T00:00:00Z,2035-07-15T00:00:00Z,365,4.16067,8.716158,17.311175,490.366,EXISTING_SCREEN_SINGLE_CANDIDATE
2034,WILD2,81P/Wild 2,ORBITAL_RECON,2,2034-07-15T00:00:00Z,2035-07-15T00:00:00Z,365,4.16067,8.716158,17.311175,877.861,EXISTING_SCREEN_SINGLE_CANDIDATE
2034,WILD2,81P/Wild 2,RENDEZVOUS,2,2034-07-15T00:00:00Z,2035-07-15T00:00:00Z,365,4.16067,8.716158,17.311175,877.861,EXISTING_SCREEN_SINGLE_CANDIDATE
2034,WILD2,81P/Wild 2,LANDING_PROSPECTING,5,2034-07-15T00:00:00Z,2035-07-15T00:00:00Z,365,4.16067,8.716158,17.311175,1684.104,EXISTING_SCREEN_SINGLE_CANDIDATE
2034,WILD2,81P/Wild 2,CARGO_DELIVERY,20,2034-07-15T00:00:00Z,2035-07-15T00:00:00Z,365,4.16067,8.716158,17.311175,4259.056,EXISTING_SCREEN_SINGLE_CANDIDATE
2034,WILD2,81P/Wild 2,CREWED_TRANSPORT,100,2034-07-15T00:00:00Z,2035-07-15T00:00:00Z,365,4.16067,8.716158,17.311175,20653.731,EXISTING_SCREEN_SINGLE_CANDIDATE
2035,WILD2,81P/Wild 2,FLYBY,1,2035-01-15T00:00:00Z,2037-01-14T00:00:00Z,730,8.204427,8.707913,67.312622,550.347,EXISTING_SCREEN_SINGLE_CANDIDATE
2035,WILD2,81P/Wild 2,ORBITAL_RECON,2,2035-01-15T00:00:00Z,2037-01-14T00:00:00Z,730,8.204427,8.707913,67.312622,937.334,EXISTING_SCREEN_SINGLE_CANDIDATE
2035,WILD2,81P/Wild 2,RENDEZVOUS,2,2035-01-15T00:00:00Z,2037-01-14T00:00:00Z,730,8.204427,8.707913,67.312622,937.334,EXISTING_SCREEN_SINGLE_CANDIDATE
2035,WILD2,81P/Wild 2,LANDING_PROSPECTING,5,2035-01-15T00:00:00Z,2037-01-14T00:00:00Z,730,8.204427,8.707913,67.312622,1742.814,EXISTING_SCREEN_SINGLE_CANDIDATE
2035,WILD2,81P/Wild 2,CARGO_DELIVERY,20,2035-01-15T00:00:00Z,2037-01-14T00:00:00Z,730,8.204427,8.707913,67.312622,4312.686,EXISTING_SCREEN_SINGLE_CANDIDATE
2035,WILD2,81P/Wild 2,CREWED_TRANSPORT,100,2035-01-15T00:00:00Z,2037-01-14T00:00:00Z,730,8.204427,8.707913,67.312622,20801.881,EXISTING_SCREEN_SINGLE_CANDIDATE
